"ng-binding","ng-binding 2","ng-binding href","ng-binding src","ng-scope src","ng-scope","ng-binding 3","ng-binding 4","ng-binding 5","ng-binding 6","ng-scope src 2","ng-binding 7","ng-binding 8","ng-binding 9","ng-binding 10","ng-scope src 3","ng-binding 11","ng-scope src 4","ng-scope src 5","ng-scope src 6","ng-scope src 7"
"1","雜種豬(肉色)","https://pigfarmmix.net/#/pig/1","https://pigfarmmix.net/png_h/e679058d38e547de2ee12d64e27f99dd674d25771a802276240c180e1dd65faf20251013.png","https://pigfarmmix.net/png_h/03e3e13252adb926e796ced8fc43df1331408f8195521c86f8ec25da3105eb6720251013.png","不挑食","0","0 小時","58 分鐘","3 小時","https://pigfarmmix.net/png_h/a6752c7f9968b9961d0e91ae2083fce3f62ee7ac7f4c8d0a45c0a32bae70c8f620251013.png","肉色 [圖鑑1 頁1#1]","≤ 123.9 kg","≥ 160.0 kg","500 pt","","","","","",""
"2","雜種豬(灰色)","https://pigfarmmix.net/#/pig/2","https://pigfarmmix.net/png_h/6545dc63fd08cf646bc09e93105d55b840df5c24a9877cd396261c3d5f8e9fd820251013.png","https://pigfarmmix.net/png_h/03e3e13252adb926e796ced8fc43df1331408f8195521c86f8ec25da3105eb6720251013.png","不挑食","0","0 小時","58 分鐘","3 小時","https://pigfarmmix.net/png_h/97cbaccfa405480612d3bf7e152c0f7f8d8507099b5839dfa19df61f5181feec20251013.png","灰色 [圖鑑2 頁1#1]","≤ 123.9 kg","≥ 160.0 kg","500 pt","","","","","",""
"3","雜種豬(米色)","https://pigfarmmix.net/#/pig/3","https://pigfarmmix.net/png_h/c026cf71c58bda4b986da61d69affce886b21e2d1d6da414b2d0d0aabbb01aec20251013.png","https://pigfarmmix.net/png_h/03e3e13252adb926e796ced8fc43df1331408f8195521c86f8ec25da3105eb6720251013.png","不挑食","0","0 小時","58 分鐘","3 小時","https://pigfarmmix.net/png_h/9fc1edfa8a25ba821f32de73ee24d6907de827874d33d8400a273fbe122ac58920251013.png","米色 [圖鑑3 頁1#1]","≤ 123.9 kg","≥ 160.0 kg","500 pt","","","","","",""
"4","雜種豬(粉紅)","https://pigfarmmix.net/#/pig/4","https://pigfarmmix.net/png_h/a435a75a7ffbe499aad4991e83c14ae218e6aa04f8c2fe6507c963584eab6b1a20251013.png","https://pigfarmmix.net/png_h/03e3e13252adb926e796ced8fc43df1331408f8195521c86f8ec25da3105eb6720251013.png","不挑食","0","0 小時","58 分鐘","3 小時","https://pigfarmmix.net/png_h/46827eaf3344f3d5d59295ae2c237b7ef05252fa01f7f38bb1e57ac062d9c15520251013.png","粉紅 [圖鑑4 頁1#1]","≤ 123.9 kg","≥ 160.0 kg","500 pt","","","","","",""
"5","雜種豬(白色)","https://pigfarmmix.net/#/pig/5","https://pigfarmmix.net/png_h/352a33be20afd0561a99a80bb690e0ddd45a8dd95f93ca7eeb14ec02fa2fe61f20251013.png","https://pigfarmmix.net/png_h/03e3e13252adb926e796ced8fc43df1331408f8195521c86f8ec25da3105eb6720251013.png","不挑食","0","0 小時","58 分鐘","3 小時","https://pigfarmmix.net/png_h/a68119aa8a6ceba07cf7cd15c2c4ea3a6f2a3313e58a78a2ec1216d15999fb8f20251013.png","白色 [圖鑑5 頁1#1]","≤ 123.9 kg","≥ 160.0 kg","500 pt","","","","","",""
"6","蘭德萊斯豬","https://pigfarmmix.net/#/pig/6","https://pigfarmmix.net/png_h/00b18839fe6ca01a53d78df60ed5c7b1370dd7cbcd4d9a0c72bdd90799ce801d20251013.png","https://pigfarmmix.net/png_h/03e3e13252adb926e796ced8fc43df1331408f8195521c86f8ec25da3105eb6720251013.png","","1","60 分鐘","1 小時","3 小時","https://pigfarmmix.net/png_h/46827eaf3344f3d5d59295ae2c237b7ef05252fa01f7f38bb1e57ac062d9c15520251013.png","粉紅 [圖鑑4 頁1#2]","≤ 124.4 kg","≥ 153.2 kg","1000 pt","https://pigfarmmix.net/png_h/a8c431ef04e348d579dbea87991cab0dadc22df86edf1920a8c8e76335bd820c20251013.png","3.48%","","","",""
"7","伊比利亞豬/(橡子餵食)","https://pigfarmmix.net/#/pig/7","https://pigfarmmix.net/png_h/0e7b7f9646d41c7ddb5128ea3341b19a578c4b94018813d6dce4f6ce54b0054d20251013.png","https://pigfarmmix.net/png_h/03e3e13252adb926e796ced8fc43df1331408f8195521c86f8ec25da3105eb6720251013.png","不挑食","10","120 分鐘","2 小時","40 小時","https://pigfarmmix.net/png_h/97cbaccfa405480612d3bf7e152c0f7f8d8507099b5839dfa19df61f5181feec20251013.png","灰色 [圖鑑2 頁1#2]","≤ 175.0 kg","≥ 200.0 kg","10000 pt","https://pigfarmmix.net/png_h/0aeaee22846aee8ef0429da1face05360c1fdfd8de57e07bebb2741e67f15e6220251013.png","0.30%","https://pigfarmmix.net/png_h/03e3e13252adb926e796ced8fc43df1331408f8195521c86f8ec25da3105eb6720251013.png","https://pigfarmmix.net/png_h/03e3e13252adb926e796ced8fc43df1331408f8195521c86f8ec25da3105eb6720251013.png","https://pigfarmmix.net/png_h/03e3e13252adb926e796ced8fc43df1331408f8195521c86f8ec25da3105eb6720251013.png","https://pigfarmmix.net/png_h/03e3e13252adb926e796ced8fc43df1331408f8195521c86f8ec25da3105eb6720251013.png"
"8","伊比利亞豬/(放牧餵食)","https://pigfarmmix.net/#/pig/8","https://pigfarmmix.net/png_h/590daf86e2f132dfc50e6e3ffdb9f69dbff0b98f4fa49a02e94619df42ae61c320251013.png","https://pigfarmmix.net/png_h/03e3e13252adb926e796ced8fc43df1331408f8195521c86f8ec25da3105eb6720251013.png","不挑食","8","180 分鐘","3 小時","40 小時","https://pigfarmmix.net/png_h/97cbaccfa405480612d3bf7e152c0f7f8d8507099b5839dfa19df61f5181feec20251013.png","灰色 [圖鑑2 頁1#3]","≤ 134.2 kg","≥ 162.4 kg","8000 pt","","1.15%","https://pigfarmmix.net/png_h/03e3e13252adb926e796ced8fc43df1331408f8195521c86f8ec25da3105eb6720251013.png","https://pigfarmmix.net/png_h/03e3e13252adb926e796ced8fc43df1331408f8195521c86f8ec25da3105eb6720251013.png","https://pigfarmmix.net/png_h/03e3e13252adb926e796ced8fc43df1331408f8195521c86f8ec25da3105eb6720251013.png",""
"9","伊比利亞豬/(混合餵食)","https://pigfarmmix.net/#/pig/9","https://pigfarmmix.net/png_h/474833ddc41fa5615eac2562e4e0afd01751578a883b0b2762cc0a805e1400bf20251013.png","https://pigfarmmix.net/png_h/03e3e13252adb926e796ced8fc43df1331408f8195521c86f8ec25da3105eb6720251013.png","","8","120 分鐘","2 小時","24 小時","https://pigfarmmix.net/png_h/97cbaccfa405480612d3bf7e152c0f7f8d8507099b5839dfa19df61f5181feec20251013.png","灰色 [圖鑑2 頁1#4]","≤ 139.6 kg","≥ 165.3 kg","6000 pt","https://pigfarmmix.net/png_h/1083a39a293067c36e6e25b013d3a87904536ffef5349212d9a97fae8ca2b74420251013.png","1.15%","https://pigfarmmix.net/png_h/03e3e13252adb926e796ced8fc43df1331408f8195521c86f8ec25da3105eb6720251013.png","https://pigfarmmix.net/png_h/03e3e13252adb926e796ced8fc43df1331408f8195521c86f8ec25da3105eb6720251013.png","https://pigfarmmix.net/png_h/03e3e13252adb926e796ced8fc43df1331408f8195521c86f8ec25da3105eb6720251013.png",""
"10","杜洛克豬","https://pigfarmmix.net/#/pig/10","https://pigfarmmix.net/png_h/4b2dbf65bb939677e077915c1e3bb73e2401a2dfe09c68a0a57715ca02c4e82720251013.png","https://pigfarmmix.net/png_h/03e3e13252adb926e796ced8fc43df1331408f8195521c86f8ec25da3105eb6720251013.png","不挑食","3","0 小時","58 分鐘","4 小時","https://pigfarmmix.net/png_h/9fc1edfa8a25ba821f32de73ee24d6907de827874d33d8400a273fbe122ac58920251013.png","米色 [圖鑑3 頁1#2]","≤ 125.7 kg","≥ 160.6 kg","1500 pt","","3.48%","","","",""
"11","漢普夏豬","https://pigfarmmix.net/#/pig/11","https://pigfarmmix.net/png_h/248df0d004e30e9ef16ab3b9598d5be744fae1dfba45e5fae614dba25aee20fe20251013.png","https://pigfarmmix.net/png_h/03e3e13252adb926e796ced8fc43df1331408f8195521c86f8ec25da3105eb6720251013.png","不挑食","2","60 分鐘","1 小時","3 小時","https://pigfarmmix.net/png_h/97cbaccfa405480612d3bf7e152c0f7f8d8507099b5839dfa19df61f5181feec20251013.png","灰色 [圖鑑2 頁1#5]","≤ 124.8 kg","≥ 168.4 kg","1000 pt","","3.19%","https://pigfarmmix.net/png_h/03e3e13252adb926e796ced8fc43df1331408f8195521c86f8ec25da3105eb6720251013.png","","",""
"12","巴克夏豬","https://pigfarmmix.net/#/pig/12","https://pigfarmmix.net/png_h/0d799c15073e9786306cdd0ff1d64379b11f105edc50b363ea537cd57565091f20251013.png","https://pigfarmmix.net/png_h/03e3e13252adb926e796ced8fc43df1331408f8195521c86f8ec25da3105eb6720251013.png","","3","120 分鐘","2 小時","16 小時","https://pigfarmmix.net/png_h/97cbaccfa405480612d3bf7e152c0f7f8d8507099b5839dfa19df61f5181feec20251013.png","灰色 [圖鑑2 頁1#6]","≤ 125.7 kg","≥ 139.6 kg","1500 pt","https://pigfarmmix.net/png_h/a7c17665173739b203d7fab5046bd82964e973f62b1c34834f032ecb6c99fff520251013.png","3.48%","","","",""
"13","黑豬","https://pigfarmmix.net/#/pig/13","https://pigfarmmix.net/png_h/6aa4bb941a3bd9b8bb9f1d0d580ff15d1da0b8b3bb5c59df6158a7dad0a0400a20251013.png","https://pigfarmmix.net/png_h/03e3e13252adb926e796ced8fc43df1331408f8195521c86f8ec25da3105eb6720251013.png","","6","120 分鐘","2 小時","24 小時","https://pigfarmmix.net/png_h/97cbaccfa405480612d3bf7e152c0f7f8d8507099b5839dfa19df61f5181feec20251013.png","灰色 [圖鑑2 頁2#1]","≤ 128.4 kg","≥ 151.6 kg","5000 pt","https://pigfarmmix.net/png_h/a7c17665173739b203d7fab5046bd82964e973f62b1c34834f032ecb6c99fff520251013.png","","https://pigfarmmix.net/png_h/03e3e13252adb926e796ced8fc43df1331408f8195521c86f8ec25da3105eb6720251013.png","https://pigfarmmix.net/png_h/03e3e13252adb926e796ced8fc43df1331408f8195521c86f8ec25da3105eb6720251013.png","",""
"14","大約克夏豬/(美國)","https://pigfarmmix.net/#/pig/14","https://pigfarmmix.net/png_h/ba7dab79d1e3387e404c892209abb234ffe5ccde6b29cc8c2cc0dc303325342120251013.png","https://pigfarmmix.net/png_h/03e3e13252adb926e796ced8fc43df1331408f8195521c86f8ec25da3105eb6720251013.png","不挑食","1","0 小時","58 分鐘","4 小時","https://pigfarmmix.net/png_h/a6752c7f9968b9961d0e91ae2083fce3f62ee7ac7f4c8d0a45c0a32bae70c8f620251013.png","肉色 [圖鑑1 頁1#2]","≤ 123.9 kg","≥ 160.6 kg","1000 pt","","3.48%","","","",""
"15","大約克夏豬/(英國)","https://pigfarmmix.net/#/pig/15","https://pigfarmmix.net/png_h/192aeb5d8f12b78be346edd5eb19db1f9d6fbd1f01f262711879410b2c4a6abd20251013.png","https://pigfarmmix.net/png_h/03e3e13252adb926e796ced8fc43df1331408f8195521c86f8ec25da3105eb6720251013.png","不挑食","1","0 小時","58 分鐘","4 小時","https://pigfarmmix.net/png_h/a6752c7f9968b9961d0e91ae2083fce3f62ee7ac7f4c8d0a45c0a32bae70c8f620251013.png","肉色 [圖鑑1 頁1#3]","≤ 123.9 kg","≥ 160.6 kg","1000 pt","","3.48%","","","",""
"16","草本豬","https://pigfarmmix.net/#/pig/16","https://pigfarmmix.net/png_h/469e5cda649bf068e2a127bc9b18d8191e04b48ab9cad2df7fcb123ccf71dc8720251013.png","https://pigfarmmix.net/png_h/03e3e13252adb926e796ced8fc43df1331408f8195521c86f8ec25da3105eb6720251013.png","","3","60 分鐘","1 小時","8 小時","https://pigfarmmix.net/png_h/a68119aa8a6ceba07cf7cd15c2c4ea3a6f2a3313e58a78a2ec1216d15999fb8f20251013.png","白色 [圖鑑5 頁1#2]","≤ 127.1 kg","≥ 155.8 kg","2000 pt","https://pigfarmmix.net/png_h/ae37f6e04cdc1a9c13b5d505e598173fcce41b6af8074c98d775c0f1c6b04d6c20251013.png","3.48%","","","",""
"17","撲滿","https://pigfarmmix.net/#/pig/17","https://pigfarmmix.net/png_h/e2c85898e245dba8c128717116a446641afb889f9eb246d3ca728185889c022820251013.png","https://pigfarmmix.net/png_h/03e3e13252adb926e796ced8fc43df1331408f8195521c86f8ec25da3105eb6720251013.png","","3","120 分鐘","2 小時","16 小時","https://pigfarmmix.net/png_h/46827eaf3344f3d5d59295ae2c237b7ef05252fa01f7f38bb1e57ac062d9c15520251013.png","粉紅 [圖鑑4 頁1#3]","≤ 132.2 kg","≥ 164.8 kg","2000 pt","https://pigfarmmix.net/png_h/1a4d96e5f723848dfbd2bbb08fd82f6579c3850dcc352a2b9ee260764acd522320251013.png","1.15%","https://pigfarmmix.net/png_h/03e3e13252adb926e796ced8fc43df1331408f8195521c86f8ec25da3105eb6720251013.png","https://pigfarmmix.net/png_h/03e3e13252adb926e796ced8fc43df1331408f8195521c86f8ec25da3105eb6720251013.png","https://pigfarmmix.net/png_h/03e3e13252adb926e796ced8fc43df1331408f8195521c86f8ec25da3105eb6720251013.png",""
"18","金華豬","https://pigfarmmix.net/#/pig/18","https://pigfarmmix.net/png_h/93c4e774802d4412b814c4fd929c416d810ab50b66688184ff81a0198a8f7b2420251013.png","https://pigfarmmix.net/png_h/03e3e13252adb926e796ced8fc43df1331408f8195521c86f8ec25da3105eb6720251013.png","","4","60 分鐘","1 小時","24 小時","https://pigfarmmix.net/png_h/97cbaccfa405480612d3bf7e152c0f7f8d8507099b5839dfa19df61f5181feec20251013.png","灰色 [圖鑑2 頁2#2]","≤ 128.5 kg","≥ 172.3 kg","3000 pt","https://pigfarmmix.net/png_h/a8c431ef04e348d579dbea87991cab0dadc22df86edf1920a8c8e76335bd820c20251013.png","","https://pigfarmmix.net/png_h/03e3e13252adb926e796ced8fc43df1331408f8195521c86f8ec25da3105eb6720251013.png","","",""
"19","下顎突豬","https://pigfarmmix.net/#/pig/19","https://pigfarmmix.net/png_h/37d9d0cd99ac4b07d6c835b849ebc98d1904ef4eb5793ae13cda226f235d296220251013.png","https://pigfarmmix.net/png_h/03e3e13252adb926e796ced8fc43df1331408f8195521c86f8ec25da3105eb6720251013.png","","8","60 分鐘","1 小時","16 小時","https://pigfarmmix.net/png_h/a68119aa8a6ceba07cf7cd15c2c4ea3a6f2a3313e58a78a2ec1216d15999fb8f20251013.png","白色 [圖鑑5 頁1#3]","≤ 130.2 kg","≥ 162.9 kg","3000 pt","https://pigfarmmix.net/png_h/a7c17665173739b203d7fab5046bd82964e973f62b1c34834f032ecb6c99fff520251013.png","","https://pigfarmmix.net/png_h/03e3e13252adb926e796ced8fc43df1331408f8195521c86f8ec25da3105eb6720251013.png","https://pigfarmmix.net/png_h/03e3e13252adb926e796ced8fc43df1331408f8195521c86f8ec25da3105eb6720251013.png","",""
"20","無法違抗重力","https://pigfarmmix.net/#/pig/20","https://pigfarmmix.net/png_h/abc418b59579c17e41b9b660868a952666ad31c79337e903f335059f2cd399a620251013.png","https://pigfarmmix.net/png_h/03e3e13252adb926e796ced8fc43df1331408f8195521c86f8ec25da3105eb6720251013.png","","4","120 分鐘","2 小時","24 小時","https://pigfarmmix.net/png_h/97cbaccfa405480612d3bf7e152c0f7f8d8507099b5839dfa19df61f5181feec20251013.png","灰色 [圖鑑2 頁2#3]","≤ 126.6 kg","≥ 151.6 kg","2500 pt","https://pigfarmmix.net/png_h/a7c17665173739b203d7fab5046bd82964e973f62b1c34834f032ecb6c99fff520251013.png","2.67%","https://pigfarmmix.net/png_h/03e3e13252adb926e796ced8fc43df1331408f8195521c86f8ec25da3105eb6720251013.png","https://pigfarmmix.net/png_h/03e3e13252adb926e796ced8fc43df1331408f8195521c86f8ec25da3105eb6720251013.png","",""
"21","豬八戒","https://pigfarmmix.net/#/pig/21","https://pigfarmmix.net/png_h/e18cb5c28c3e4f76d3887b4644c956c0f21c6599440b5e09949fc8a4ddf2368920251013.png","https://pigfarmmix.net/png_h/03e3e13252adb926e796ced8fc43df1331408f8195521c86f8ec25da3105eb6720251013.png","不挑食","6","60 分鐘","1 小時","12 小時","https://pigfarmmix.net/png_h/9fc1edfa8a25ba821f32de73ee24d6907de827874d33d8400a273fbe122ac58920251013.png","米色 [圖鑑3 頁1#3]","≤ 132.4 kg","≥ 189.1 kg","4000 pt","","1.15%","https://pigfarmmix.net/png_h/03e3e13252adb926e796ced8fc43df1331408f8195521c86f8ec25da3105eb6720251013.png","https://pigfarmmix.net/png_h/03e3e13252adb926e796ced8fc43df1331408f8195521c86f8ec25da3105eb6720251013.png","https://pigfarmmix.net/png_h/03e3e13252adb926e796ced8fc43df1331408f8195521c86f8ec25da3105eb6720251013.png",""
"22","牧羊豬","https://pigfarmmix.net/#/pig/22","https://pigfarmmix.net/png_h/45be0a4e34d47892bb07c0e94d98b36b843bbeaca59d3d704a396abc922b918b20251013.png","https://pigfarmmix.net/png_h/03e3e13252adb926e796ced8fc43df1331408f8195521c86f8ec25da3105eb6720251013.png","不挑食","1","60 分鐘","1 小時","4 小時","https://pigfarmmix.net/png_h/a68119aa8a6ceba07cf7cd15c2c4ea3a6f2a3313e58a78a2ec1216d15999fb8f20251013.png","白色 [圖鑑5 頁1#4]","≤ 123.9 kg","≥ 169.1 kg","2500 pt","","3.19%","https://pigfarmmix.net/png_h/03e3e13252adb926e796ced8fc43df1331408f8195521c86f8ec25da3105eb6720251013.png","","",""
"23","紅豬","https://pigfarmmix.net/#/pig/23","https://pigfarmmix.net/png_h/a287ff278afe4e0d59989fef3865a2f5b6a713adb010913ab18bb1ae1860f10620251013.png","https://pigfarmmix.net/png_h/03e3e13252adb926e796ced8fc43df1331408f8195521c86f8ec25da3105eb6720251013.png","不挑食","3","120 分鐘","2 小時","16 小時","https://pigfarmmix.net/png_h/46827eaf3344f3d5d59295ae2c237b7ef05252fa01f7f38bb1e57ac062d9c15520251013.png","粉紅 [圖鑑4 頁1#4]","≤ 129.7 kg","≥ 164.8 kg","1500 pt","","","https://pigfarmmix.net/png_h/03e3e13252adb926e796ced8fc43df1331408f8195521c86f8ec25da3105eb6720251013.png","https://pigfarmmix.net/png_h/03e3e13252adb926e796ced8fc43df1331408f8195521c86f8ec25da3105eb6720251013.png","https://pigfarmmix.net/png_h/03e3e13252adb926e796ced8fc43df1331408f8195521c86f8ec25da3105eb6720251013.png",""
"24","東京Z","https://pigfarmmix.net/#/pig/24","https://pigfarmmix.net/png_h/b76dd6423e4f19e4b92d000ee506e192ecfb55dea0f0c2865acb20381cc2596e20251013.png","https://pigfarmmix.net/png_h/03e3e13252adb926e796ced8fc43df1331408f8195521c86f8ec25da3105eb6720251013.png","","2","60 分鐘","1 小時","8 小時","https://pigfarmmix.net/png_h/9fc1edfa8a25ba821f32de73ee24d6907de827874d33d8400a273fbe122ac58920251013.png","米色 [圖鑑3 頁1#4]","≤ 125.7 kg","≥ 163.6 kg","2000 pt","https://pigfarmmix.net/png_h/a8c431ef04e348d579dbea87991cab0dadc22df86edf1920a8c8e76335bd820c20251013.png","3.19%","https://pigfarmmix.net/png_h/03e3e13252adb926e796ced8fc43df1331408f8195521c86f8ec25da3105eb6720251013.png","","",""
"25","東京Y","https://pigfarmmix.net/#/pig/25","https://pigfarmmix.net/png_h/d9155541058fa73b0c6fef5ca787863a3c2a4d2797cefab4113a836241fb6e5b20251013.png","https://pigfarmmix.net/png_h/03e3e13252adb926e796ced8fc43df1331408f8195521c86f8ec25da3105eb6720251013.png","","2","60 分鐘","1 小時","8 小時","https://pigfarmmix.net/png_h/9fc1edfa8a25ba821f32de73ee24d6907de827874d33d8400a273fbe122ac58920251013.png","米色 [圖鑑3 頁1#5]","≤ 125.7 kg","≥ 163.6 kg","2000 pt","https://pigfarmmix.net/png_h/a8c431ef04e348d579dbea87991cab0dadc22df86edf1920a8c8e76335bd820c20251013.png","3.19%","https://pigfarmmix.net/png_h/03e3e13252adb926e796ced8fc43df1331408f8195521c86f8ec25da3105eb6720251013.png","","",""
"26","長子","https://pigfarmmix.net/#/pig/26","https://pigfarmmix.net/png_h/47bdf33da991dd89cfb68e3ac54f6178e47f589bd6d61c93d562d1bafd2b447b20251013.png","https://pigfarmmix.net/png_h/03e3e13252adb926e796ced8fc43df1331408f8195521c86f8ec25da3105eb6720251013.png","不挑食","1","0 小時","58 分鐘","4 小時","https://pigfarmmix.net/png_h/a6752c7f9968b9961d0e91ae2083fce3f62ee7ac7f4c8d0a45c0a32bae70c8f620251013.png","肉色 [圖鑑1 頁1#4]","≤ 123.9 kg","≥ 160.6 kg","1500 pt","","3.48%","","","",""
"27","次子","https://pigfarmmix.net/#/pig/27","https://pigfarmmix.net/png_h/6baa29bb91f9ff9936fb3f49ead477639c513e9c94e4f21f7bce9e89c88e0cf220251013.png","https://pigfarmmix.net/png_h/03e3e13252adb926e796ced8fc43df1331408f8195521c86f8ec25da3105eb6720251013.png","不挑食","1","0 小時","58 分鐘","4 小時","https://pigfarmmix.net/png_h/a6752c7f9968b9961d0e91ae2083fce3f62ee7ac7f4c8d0a45c0a32bae70c8f620251013.png","肉色 [圖鑑1 頁1#5]","≤ 123.9 kg","≥ 160.6 kg","1500 pt","","3.48%","","","",""
"28","末子","https://pigfarmmix.net/#/pig/28","https://pigfarmmix.net/png_h/b2e720bc8ef37b6481c6557ba95954ba10b1a571673c1a421f288551a43b3a1c20251013.png","https://pigfarmmix.net/png_h/03e3e13252adb926e796ced8fc43df1331408f8195521c86f8ec25da3105eb6720251013.png","不挑食","2","60 分鐘","1 小時","8 小時","https://pigfarmmix.net/png_h/a6752c7f9968b9961d0e91ae2083fce3f62ee7ac7f4c8d0a45c0a32bae70c8f620251013.png","肉色 [圖鑑1 頁1#6]","≤ 124.8 kg","≥ 180.7 kg","2000 pt","","2.67%","https://pigfarmmix.net/png_h/03e3e13252adb926e796ced8fc43df1331408f8195521c86f8ec25da3105eb6720251013.png","https://pigfarmmix.net/png_h/03e3e13252adb926e796ced8fc43df1331408f8195521c86f8ec25da3105eb6720251013.png","",""
"29","野豬","https://pigfarmmix.net/#/pig/29","https://pigfarmmix.net/png_h/1a3e1a376cbca82bd2dd2e205fa406ffe0c340b0a3ebf0991d33297a61de2aa020251013.png","https://pigfarmmix.net/png_h/03e3e13252adb926e796ced8fc43df1331408f8195521c86f8ec25da3105eb6720251013.png","不挑食","0","0 小時","58 分鐘","16 小時","https://pigfarmmix.net/png_h/811992418c93eac5c6722e48989ba638bc739f8c763e8aa6fccb0cdb69e091ae20251013.png","野豬 [圖鑑6 頁1#1]","≤ 127.9 kg","≥ 192.5 kg","3000 pt","","1.15%","https://pigfarmmix.net/png_h/03e3e13252adb926e796ced8fc43df1331408f8195521c86f8ec25da3105eb6720251013.png","https://pigfarmmix.net/png_h/03e3e13252adb926e796ced8fc43df1331408f8195521c86f8ec25da3105eb6720251013.png","https://pigfarmmix.net/png_h/03e3e13252adb926e796ced8fc43df1331408f8195521c86f8ec25da3105eb6720251013.png",""
"30","瑪格麗特豬","https://pigfarmmix.net/#/pig/30","https://pigfarmmix.net/png_h/6a4eb80c55b43da9bb084ddb49a598170d64c8100a53051a3055bfeb0fd24b6020251013.png","https://pigfarmmix.net/png_h/03e3e13252adb926e796ced8fc43df1331408f8195521c86f8ec25da3105eb6720251013.png","","10","60 分鐘","1 小時","40 小時","https://pigfarmmix.net/png_h/9fc1edfa8a25ba821f32de73ee24d6907de827874d33d8400a273fbe122ac58920251013.png","米色 [圖鑑3 頁1#6]","≤ 137.0 kg","≥ 203.1 kg","10000 pt","https://pigfarmmix.net/png_h/a7c17665173739b203d7fab5046bd82964e973f62b1c34834f032ecb6c99fff520251013.png","0.30%","https://pigfarmmix.net/png_h/03e3e13252adb926e796ced8fc43df1331408f8195521c86f8ec25da3105eb6720251013.png","https://pigfarmmix.net/png_h/03e3e13252adb926e796ced8fc43df1331408f8195521c86f8ec25da3105eb6720251013.png","https://pigfarmmix.net/png_h/03e3e13252adb926e796ced8fc43df1331408f8195521c86f8ec25da3105eb6720251013.png","https://pigfarmmix.net/png_h/03e3e13252adb926e796ced8fc43df1331408f8195521c86f8ec25da3105eb6720251013.png"
"31","金撲滿","https://pigfarmmix.net/#/pig/31","https://pigfarmmix.net/png_h/2a8addf08bffeeae12ca37f4cb72a42b5b5af7918a925dc4f394cb3baab1915a20251013.png","https://pigfarmmix.net/png_h/03e3e13252adb926e796ced8fc43df1331408f8195521c86f8ec25da3105eb6720251013.png","","3","120 分鐘","2 小時","12 小時","https://pigfarmmix.net/png_h/a68119aa8a6ceba07cf7cd15c2c4ea3a6f2a3313e58a78a2ec1216d15999fb8f20251013.png","白色 [圖鑑5 頁1#5]","≤ 132.7 kg","≥ 165.6 kg","7000 pt","https://pigfarmmix.net/png_h/1083a39a293067c36e6e25b013d3a87904536ffef5349212d9a97fae8ca2b74420251013.png","","https://pigfarmmix.net/png_h/03e3e13252adb926e796ced8fc43df1331408f8195521c86f8ec25da3105eb6720251013.png","https://pigfarmmix.net/png_h/03e3e13252adb926e796ced8fc43df1331408f8195521c86f8ec25da3105eb6720251013.png","https://pigfarmmix.net/png_h/03e3e13252adb926e796ced8fc43df1331408f8195521c86f8ec25da3105eb6720251013.png","https://pigfarmmix.net/png_h/03e3e13252adb926e796ced8fc43df1331408f8195521c86f8ec25da3105eb6720251013.png"
"32","斑點豬","https://pigfarmmix.net/#/pig/32","https://pigfarmmix.net/png_h/d9c7727123da70905230bd145bb4fd3899ebf2c963f0f38b3c9ddd4364ef9de320251013.png","https://pigfarmmix.net/png_h/03e3e13252adb926e796ced8fc43df1331408f8195521c86f8ec25da3105eb6720251013.png","不挑食","1","0 小時","58 分鐘","8 小時","https://pigfarmmix.net/png_h/a68119aa8a6ceba07cf7cd15c2c4ea3a6f2a3313e58a78a2ec1216d15999fb8f20251013.png","白色 [圖鑑5 頁1#6]","≤ 123.9 kg","≥ 171.9 kg","2500 pt","","3.19%","https://pigfarmmix.net/png_h/03e3e13252adb926e796ced8fc43df1331408f8195521c86f8ec25da3105eb6720251013.png","","",""
"33","某隻琉球豬","https://pigfarmmix.net/#/pig/33","https://pigfarmmix.net/png_h/a328f26a00142a88d1e4503b5b4afd8e4f15930502b0d8a661102ab1388d102c20251013.png","https://pigfarmmix.net/png_h/03e3e13252adb926e796ced8fc43df1331408f8195521c86f8ec25da3105eb6720251013.png","","5","0 小時","58 分鐘","16 小時","https://pigfarmmix.net/png_h/97cbaccfa405480612d3bf7e152c0f7f8d8507099b5839dfa19df61f5181feec20251013.png","灰色 [圖鑑2 頁2#4]","≤ 131.5 kg","≥ 180.7 kg","5000 pt","https://pigfarmmix.net/png_h/8634aa677090b5bfca798d786e8ef2e14d04de87c2335c7e4a7052c45d83ddd120251013.png","1.15%","https://pigfarmmix.net/png_h/03e3e13252adb926e796ced8fc43df1331408f8195521c86f8ec25da3105eb6720251013.png","https://pigfarmmix.net/png_h/03e3e13252adb926e796ced8fc43df1331408f8195521c86f8ec25da3105eb6720251013.png","https://pigfarmmix.net/png_h/03e3e13252adb926e796ced8fc43df1331408f8195521c86f8ec25da3105eb6720251013.png",""
"34","大花白豬","https://pigfarmmix.net/#/pig/34","https://pigfarmmix.net/png_h/2acdeddec3a49474ddbd2c4296d98db830a907472caa786f7cc429fa9281d53520251013.png","https://pigfarmmix.net/png_h/03e3e13252adb926e796ced8fc43df1331408f8195521c86f8ec25da3105eb6720251013.png","不挑食","3","0 小時","58 分鐘","8 小時","https://pigfarmmix.net/png_h/a68119aa8a6ceba07cf7cd15c2c4ea3a6f2a3313e58a78a2ec1216d15999fb8f20251013.png","白色 [圖鑑5 頁2#1]","≤ 125.7 kg","≥ 171.9 kg","3000 pt","","3.19%","https://pigfarmmix.net/png_h/03e3e13252adb926e796ced8fc43df1331408f8195521c86f8ec25da3105eb6720251013.png","","",""
"35","三元豬","https://pigfarmmix.net/#/pig/35","https://pigfarmmix.net/png_h/48f06be8b9fc5183e1791cb07a6370567d1c8549e795f508cef5d8081e1e425f20251013.png","https://pigfarmmix.net/png_h/03e3e13252adb926e796ced8fc43df1331408f8195521c86f8ec25da3105eb6720251013.png","不挑食","1","0 小時","58 分鐘","4 小時","https://pigfarmmix.net/png_h/9fc1edfa8a25ba821f32de73ee24d6907de827874d33d8400a273fbe122ac58920251013.png","米色 [圖鑑3 頁2#1]","≤ 123.9 kg","≥ 160.6 kg","3000 pt","","","","","",""
"36","炸豬排","https://pigfarmmix.net/#/pig/36","https://pigfarmmix.net/png_h/98d29e22d2b3584b601d9b0799c4dd31b32db55946799fc90c5d3c98b81673a720251013.png","https://pigfarmmix.net/png_h/03e3e13252adb926e796ced8fc43df1331408f8195521c86f8ec25da3105eb6720251013.png","","1","0 小時","58 分鐘","4 小時","https://pigfarmmix.net/png_h/a6752c7f9968b9961d0e91ae2083fce3f62ee7ac7f4c8d0a45c0a32bae70c8f620251013.png","肉色 [圖鑑1 頁2#1]","≤ 123.9 kg","≥ 145.4 kg","2000 pt","https://pigfarmmix.net/png_h/8634aa677090b5bfca798d786e8ef2e14d04de87c2335c7e4a7052c45d83ddd120251013.png","3.48%","","","",""
"37","戀愛豬","https://pigfarmmix.net/#/pig/37","https://pigfarmmix.net/png_h/f526a6710b17615121af46fa0a4505c5895422812026bf4fbe851dadaaa0179d20251013.png","https://pigfarmmix.net/png_h/03e3e13252adb926e796ced8fc43df1331408f8195521c86f8ec25da3105eb6720251013.png","不挑食","1","0 小時","58 分鐘","4 小時","https://pigfarmmix.net/png_h/46827eaf3344f3d5d59295ae2c237b7ef05252fa01f7f38bb1e57ac062d9c15520251013.png","粉紅 [圖鑑4 頁1#5]","≤ 123.9 kg","≥ 160.6 kg","1000 pt","","3.48%","","","",""
"38","很man的豬","https://pigfarmmix.net/#/pig/38","https://pigfarmmix.net/png_h/ba38d06dcd4056c55296cce56ee34ccb6f21d3b1e495bcde051f7eea230e383120251013.png","https://pigfarmmix.net/png_h/03e3e13252adb926e796ced8fc43df1331408f8195521c86f8ec25da3105eb6720251013.png","不挑食","4","0 小時","58 分鐘","12 小時","https://pigfarmmix.net/png_h/9fc1edfa8a25ba821f32de73ee24d6907de827874d33d8400a273fbe122ac58920251013.png","米色 [圖鑑3 頁2#2]","≤ 130.6 kg","≥ 189.1 kg","1500 pt","","1.15%","https://pigfarmmix.net/png_h/03e3e13252adb926e796ced8fc43df1331408f8195521c86f8ec25da3105eb6720251013.png","https://pigfarmmix.net/png_h/03e3e13252adb926e796ced8fc43df1331408f8195521c86f8ec25da3105eb6720251013.png","https://pigfarmmix.net/png_h/03e3e13252adb926e796ced8fc43df1331408f8195521c86f8ec25da3105eb6720251013.png",""
"39","珍豬","https://pigfarmmix.net/#/pig/39","https://pigfarmmix.net/png_h/3f8935bf04c3241d88b18883bf89cb6b81d2b5299637d7011d5e1bad0ca6312620251013.png","https://pigfarmmix.net/png_h/03e3e13252adb926e796ced8fc43df1331408f8195521c86f8ec25da3105eb6720251013.png","不挑食","1","0 小時","58 分鐘","4 小時","https://pigfarmmix.net/png_h/a6752c7f9968b9961d0e91ae2083fce3f62ee7ac7f4c8d0a45c0a32bae70c8f620251013.png","肉色 [圖鑑1 頁2#2]","≤ 127.9 kg","≥ 182.1 kg","4000 pt","","1.15%","https://pigfarmmix.net/png_h/03e3e13252adb926e796ced8fc43df1331408f8195521c86f8ec25da3105eb6720251013.png","https://pigfarmmix.net/png_h/03e3e13252adb926e796ced8fc43df1331408f8195521c86f8ec25da3105eb6720251013.png","https://pigfarmmix.net/png_h/03e3e13252adb926e796ced8fc43df1331408f8195521c86f8ec25da3105eb6720251013.png",""
"40","丘比豬","https://pigfarmmix.net/#/pig/40","https://pigfarmmix.net/png_h/5176548e6918bdd02d7bf5dc7a8876c8e62e06008adae60eaeb17cc554a3bd3d20251013.png","https://pigfarmmix.net/png_h/03e3e13252adb926e796ced8fc43df1331408f8195521c86f8ec25da3105eb6720251013.png","不挑食","1","0 小時","58 分鐘","8 小時","https://pigfarmmix.net/png_h/a6752c7f9968b9961d0e91ae2083fce3f62ee7ac7f4c8d0a45c0a32bae70c8f620251013.png","肉色 [圖鑑1 頁2#3]","≤ 123.9 kg","≥ 171.9 kg","2500 pt","","3.19%","https://pigfarmmix.net/png_h/03e3e13252adb926e796ced8fc43df1331408f8195521c86f8ec25da3105eb6720251013.png","","",""
"41","迷你豬","https://pigfarmmix.net/#/pig/41","https://pigfarmmix.net/png_h/08c2bb3d5b569d42a9cea92d04b2cbdb447f5cb09c6e3b51f3cb38498a58eafb20251013.png","https://pigfarmmix.net/png_h/03e3e13252adb926e796ced8fc43df1331408f8195521c86f8ec25da3105eb6720251013.png","不挑食","1","0 小時","58 分鐘","24 小時","https://pigfarmmix.net/png_h/6585446bb2af50be3aaaf28d138c7bd5f2737b0e067ed0f28fa97b1f6b396d8020251013.png","肉色 [圖鑑1 頁2#4]","≤ 123.9 kg","≥ 193.2 kg","3000 pt","","2.67%","https://pigfarmmix.net/png_h/03e3e13252adb926e796ced8fc43df1331408f8195521c86f8ec25da3105eb6720251013.png","https://pigfarmmix.net/png_h/03e3e13252adb926e796ced8fc43df1331408f8195521c86f8ec25da3105eb6720251013.png","",""
"42","中二豬","https://pigfarmmix.net/#/pig/42","https://pigfarmmix.net/png_h/d9ceb3d3b32808773a5ac64bb86ce1e511e9b07003ca97a8217310b0e1bc902c20251013.png","https://pigfarmmix.net/png_h/03e3e13252adb926e796ced8fc43df1331408f8195521c86f8ec25da3105eb6720251013.png","","1","0 小時","58 分鐘","3 小時","https://pigfarmmix.net/png_h/a6752c7f9968b9961d0e91ae2083fce3f62ee7ac7f4c8d0a45c0a32bae70c8f620251013.png","肉色 [圖鑑1 頁2#5]","≤ 124.4 kg","≥ 153.4 kg","500 pt","https://pigfarmmix.net/png_h/0aeaee22846aee8ef0429da1face05360c1fdfd8de57e07bebb2741e67f15e6220251013.png","3.48%","","","",""
"43","佛豬","https://pigfarmmix.net/#/pig/43","https://pigfarmmix.net/png_h/da2105696c278f983758d3f8c4409b7a735ca87869fba7e2180ed7f8bb2d0a2720251013.png","https://pigfarmmix.net/png_h/03e3e13252adb926e796ced8fc43df1331408f8195521c86f8ec25da3105eb6720251013.png","","4","120 分鐘","2 小時","24 小時","https://pigfarmmix.net/png_h/a68119aa8a6ceba07cf7cd15c2c4ea3a6f2a3313e58a78a2ec1216d15999fb8f20251013.png","白色 [圖鑑5 頁2#2]","≤ 130.6 kg","≥ 161.6 kg","5000 pt","https://pigfarmmix.net/png_h/a7c17665173739b203d7fab5046bd82964e973f62b1c34834f032ecb6c99fff520251013.png","1.15%","https://pigfarmmix.net/png_h/03e3e13252adb926e796ced8fc43df1331408f8195521c86f8ec25da3105eb6720251013.png","https://pigfarmmix.net/png_h/03e3e13252adb926e796ced8fc43df1331408f8195521c86f8ec25da3105eb6720251013.png","https://pigfarmmix.net/png_h/03e3e13252adb926e796ced8fc43df1331408f8195521c86f8ec25da3105eb6720251013.png",""
"44","野家混合豬","https://pigfarmmix.net/#/pig/44","https://pigfarmmix.net/png_h/b5fb0f7a130a5081661b67a3a00928827eef541567d4d393499c76726eaf64c120251013.png","https://pigfarmmix.net/png_h/03e3e13252adb926e796ced8fc43df1331408f8195521c86f8ec25da3105eb6720251013.png","","3","0 小時","58 分鐘","24 小時","https://pigfarmmix.net/png_h/811992418c93eac5c6722e48989ba638bc739f8c763e8aa6fccb0cdb69e091ae20251013.png","野豬 [圖鑑6 頁1#2]","≤ 129.7 kg","≥ 169.4 kg","4000 pt","https://pigfarmmix.net/png_h/a7c17665173739b203d7fab5046bd82964e973f62b1c34834f032ecb6c99fff520251013.png","1.15%","https://pigfarmmix.net/png_h/03e3e13252adb926e796ced8fc43df1331408f8195521c86f8ec25da3105eb6720251013.png","https://pigfarmmix.net/png_h/03e3e13252adb926e796ced8fc43df1331408f8195521c86f8ec25da3105eb6720251013.png","https://pigfarmmix.net/png_h/03e3e13252adb926e796ced8fc43df1331408f8195521c86f8ec25da3105eb6720251013.png",""
"45","麥當豬","https://pigfarmmix.net/#/pig/45","https://pigfarmmix.net/png_h/6e98d6507bd3653c601efe291ff7baf716a937b37431d9f66cc98f2c17f0c7ca20251013.png","https://pigfarmmix.net/png_h/03e3e13252adb926e796ced8fc43df1331408f8195521c86f8ec25da3105eb6720251013.png","不挑食","1","0 小時","58 分鐘","16 小時","https://pigfarmmix.net/png_h/a68119aa8a6ceba07cf7cd15c2c4ea3a6f2a3313e58a78a2ec1216d15999fb8f20251013.png","白色 [圖鑑5 頁2#3]","≤ 123.9 kg","≥ 187.0 kg","3000 pt","","2.67%","https://pigfarmmix.net/png_h/03e3e13252adb926e796ced8fc43df1331408f8195521c86f8ec25da3105eb6720251013.png","https://pigfarmmix.net/png_h/03e3e13252adb926e796ced8fc43df1331408f8195521c86f8ec25da3105eb6720251013.png","",""
"46","古銅豬","https://pigfarmmix.net/#/pig/46","https://pigfarmmix.net/png_h/432cff210aa1c7c9a2b4300212483304acb83dfd87f596b6e7e9e2b04fcf6d2420251013.png","https://pigfarmmix.net/png_h/03e3e13252adb926e796ced8fc43df1331408f8195521c86f8ec25da3105eb6720251013.png","不挑食","1","0 小時","58 分鐘","8 小時","https://pigfarmmix.net/png_h/9fc1edfa8a25ba821f32de73ee24d6907de827874d33d8400a273fbe122ac58920251013.png","米色 [圖鑑3 頁2#3]","≤ 123.9 kg","≥ 180.7 kg","1500 pt","","2.67%","https://pigfarmmix.net/png_h/03e3e13252adb926e796ced8fc43df1331408f8195521c86f8ec25da3105eb6720251013.png","https://pigfarmmix.net/png_h/03e3e13252adb926e796ced8fc43df1331408f8195521c86f8ec25da3105eb6720251013.png","",""
"47","朋子(假名)","https://pigfarmmix.net/#/pig/47","https://pigfarmmix.net/png_h/66bb115a99845b610dd392dd08efd9040579f66c49941291817c95c0abcf54b720251013.png","https://pigfarmmix.net/png_h/03e3e13252adb926e796ced8fc43df1331408f8195521c86f8ec25da3105eb6720251013.png","","2","0 小時","58 分鐘","8 小時","https://pigfarmmix.net/png_h/46827eaf3344f3d5d59295ae2c237b7ef05252fa01f7f38bb1e57ac062d9c15520251013.png","粉紅 [圖鑑4 頁1#6]","≤ 130.1 kg","≥ 181.0 kg","4000 pt","https://pigfarmmix.net/png_h/1083a39a293067c36e6e25b013d3a87904536ffef5349212d9a97fae8ca2b74420251013.png","1.15%","https://pigfarmmix.net/png_h/03e3e13252adb926e796ced8fc43df1331408f8195521c86f8ec25da3105eb6720251013.png","https://pigfarmmix.net/png_h/03e3e13252adb926e796ced8fc43df1331408f8195521c86f8ec25da3105eb6720251013.png","https://pigfarmmix.net/png_h/03e3e13252adb926e796ced8fc43df1331408f8195521c86f8ec25da3105eb6720251013.png",""
"48","塞巴斯豬","https://pigfarmmix.net/#/pig/48","https://pigfarmmix.net/png_h/6d717e6dc7c7d09d581543eaa0da8165d78f28c7f5acc6222cc27d6a23f4091a20251013.png","https://pigfarmmix.net/png_h/03e3e13252adb926e796ced8fc43df1331408f8195521c86f8ec25da3105eb6720251013.png","不挑食","1","0 小時","58 分鐘","8 小時","https://pigfarmmix.net/png_h/97cbaccfa405480612d3bf7e152c0f7f8d8507099b5839dfa19df61f5181feec20251013.png","灰色 [圖鑑2 頁2#5]","≤ 123.9 kg","≥ 180.7 kg","2500 pt","","","https://pigfarmmix.net/png_h/03e3e13252adb926e796ced8fc43df1331408f8195521c86f8ec25da3105eb6720251013.png","https://pigfarmmix.net/png_h/03e3e13252adb926e796ced8fc43df1331408f8195521c86f8ec25da3105eb6720251013.png","",""
"49","海南豬","https://pigfarmmix.net/#/pig/49","https://pigfarmmix.net/png_h/2d0bc3bfce9efbadb6b98caed709e96d7c2acc03e9246304ddc13b20ad2474b720251013.png","https://pigfarmmix.net/png_h/03e3e13252adb926e796ced8fc43df1331408f8195521c86f8ec25da3105eb6720251013.png","","1","0 小時","58 分鐘","4 小時","https://pigfarmmix.net/png_h/97cbaccfa405480612d3bf7e152c0f7f8d8507099b5839dfa19df61f5181feec20251013.png","灰色 [圖鑑2 頁2#6]","≤ 123.9 kg","≥ 145.4 kg","1500 pt","https://pigfarmmix.net/png_h/a7c17665173739b203d7fab5046bd82964e973f62b1c34834f032ecb6c99fff520251013.png","","","","",""
"50","大黑豬","https://pigfarmmix.net/#/pig/50","https://pigfarmmix.net/png_h/2adc178b5858fab1bff04dee4a2a07971ce7143820e935de8f04f3aac5a09dd320251013.png","https://pigfarmmix.net/png_h/03e3e13252adb926e796ced8fc43df1331408f8195521c86f8ec25da3105eb6720251013.png","不挑食","13","0 小時","58 分鐘","40 小時","https://pigfarmmix.net/png_h/97cbaccfa405480612d3bf7e152c0f7f8d8507099b5839dfa19df61f5181feec20251013.png","灰色 [圖鑑2 頁3#1]","≤ 360.0 kg","≥ 401.0 kg","7000 pt","","0.30%","https://pigfarmmix.net/png_h/03e3e13252adb926e796ced8fc43df1331408f8195521c86f8ec25da3105eb6720251013.png","https://pigfarmmix.net/png_h/03e3e13252adb926e796ced8fc43df1331408f8195521c86f8ec25da3105eb6720251013.png","https://pigfarmmix.net/png_h/03e3e13252adb926e796ced8fc43df1331408f8195521c86f8ec25da3105eb6720251013.png","https://pigfarmmix.net/png_h/03e3e13252adb926e796ced8fc43df1331408f8195521c86f8ec25da3105eb6720251013.png"
"51","武士豬","https://pigfarmmix.net/#/pig/51","https://pigfarmmix.net/png_h/17ab1a9980ccb2be23b978beba8876bf3f8c394381f68a6000b8734cafc2ba4320251013.png","https://pigfarmmix.net/png_h/03e3e13252adb926e796ced8fc43df1331408f8195521c86f8ec25da3105eb6720251013.png","不挑食","1","0 小時","58 分鐘","8 小時","https://pigfarmmix.net/png_h/a6752c7f9968b9961d0e91ae2083fce3f62ee7ac7f4c8d0a45c0a32bae70c8f620251013.png","肉色 [圖鑑1 頁2#6]","≤ 123.9 kg","≥ 163.0 kg","1500 pt","","3.48%","","","",""
"52","巴赫豬","https://pigfarmmix.net/#/pig/52","https://pigfarmmix.net/png_h/1b4362f50f78bffd68a93ea7164195ef96c0933b8913903a8366b9eea19878b420251013.png","https://pigfarmmix.net/png_h/03e3e13252adb926e796ced8fc43df1331408f8195521c86f8ec25da3105eb6720251013.png","不挑食","1","0 小時","58 分鐘","8 小時","https://pigfarmmix.net/png_h/a68119aa8a6ceba07cf7cd15c2c4ea3a6f2a3313e58a78a2ec1216d15999fb8f20251013.png","白色 [圖鑑5 頁2#4]","≤ 123.9 kg","≥ 171.9 kg","2000 pt","","3.19%","https://pigfarmmix.net/png_h/03e3e13252adb926e796ced8fc43df1331408f8195521c86f8ec25da3105eb6720251013.png","","",""
"53","豬豬船長","https://pigfarmmix.net/#/pig/53","https://pigfarmmix.net/png_h/808e3dce9818d21454646b7f153344dde49fa2c3b883f001d1e4960df10acf9e20251013.png","https://pigfarmmix.net/png_h/03e3e13252adb926e796ced8fc43df1331408f8195521c86f8ec25da3105eb6720251013.png","不挑食","4","0 小時","58 分鐘","12 小時","https://pigfarmmix.net/png_h/9fc1edfa8a25ba821f32de73ee24d6907de827874d33d8400a273fbe122ac58920251013.png","米色 [圖鑑3 頁2#4]","≤ 130.6 kg","≥ 189.1 kg","5000 pt","","","https://pigfarmmix.net/png_h/03e3e13252adb926e796ced8fc43df1331408f8195521c86f8ec25da3105eb6720251013.png","https://pigfarmmix.net/png_h/03e3e13252adb926e796ced8fc43df1331408f8195521c86f8ec25da3105eb6720251013.png","https://pigfarmmix.net/png_h/03e3e13252adb926e796ced8fc43df1331408f8195521c86f8ec25da3105eb6720251013.png",""
"54","迷彩豬","https://pigfarmmix.net/#/pig/54","https://pigfarmmix.net/png_h/f6cfdca704ee34a572ea3d38277c47a7baeef727ad28c5b78cd02839202b06b720251013.png","https://pigfarmmix.net/png_h/03e3e13252adb926e796ced8fc43df1331408f8195521c86f8ec25da3105eb6720251013.png","不挑食","1","0 小時","58 分鐘","12 小時","https://pigfarmmix.net/png_h/9fc1edfa8a25ba821f32de73ee24d6907de827874d33d8400a273fbe122ac58920251013.png","米色 [圖鑑3 頁2#5]","≤ 123.9 kg","≥ 174.6 kg","2500 pt","","3.19%","https://pigfarmmix.net/png_h/03e3e13252adb926e796ced8fc43df1331408f8195521c86f8ec25da3105eb6720251013.png","","",""
"55","感謝豬","https://pigfarmmix.net/#/pig/55","https://pigfarmmix.net/png_h/8f12ade140bbd15f1a7f61e7402565edcb71395d69ae416f234ac433e9d7108e20251013.png","https://pigfarmmix.net/png_h/03e3e13252adb926e796ced8fc43df1331408f8195521c86f8ec25da3105eb6720251013.png","","1","0 小時","58 分鐘","12 小時","https://pigfarmmix.net/png_h/9fc1edfa8a25ba821f32de73ee24d6907de827874d33d8400a273fbe122ac58920251013.png","米色 [圖鑑3 頁2#6]","≤ 125.6 kg","≥ 179.4 kg","4000 pt","https://pigfarmmix.net/png_h/1083a39a293067c36e6e25b013d3a87904536ffef5349212d9a97fae8ca2b74420251013.png","2.67%","https://pigfarmmix.net/png_h/03e3e13252adb926e796ced8fc43df1331408f8195521c86f8ec25da3105eb6720251013.png","https://pigfarmmix.net/png_h/03e3e13252adb926e796ced8fc43df1331408f8195521c86f8ec25da3105eb6720251013.png","",""
"56","琴塔豬","https://pigfarmmix.net/#/pig/56","https://pigfarmmix.net/png_h/641dd961c308191298177e25e929114e0604e21fa4dc048af2791b1a2a4d600e20251013.png","https://pigfarmmix.net/png_h/03e3e13252adb926e796ced8fc43df1331408f8195521c86f8ec25da3105eb6720251013.png","","8","0 小時","58 分鐘","40 小時","https://pigfarmmix.net/png_h/97cbaccfa405480612d3bf7e152c0f7f8d8507099b5839dfa19df61f5181feec20251013.png","灰色 [圖鑑2 頁6#3]","≤ 138.9 kg","≥ 203.1 kg","8000 pt","https://pigfarmmix.net/png_h/0aeaee22846aee8ef0429da1face05360c1fdfd8de57e07bebb2741e67f15e6220251013.png","0.30%","https://pigfarmmix.net/png_h/03e3e13252adb926e796ced8fc43df1331408f8195521c86f8ec25da3105eb6720251013.png","https://pigfarmmix.net/png_h/03e3e13252adb926e796ced8fc43df1331408f8195521c86f8ec25da3105eb6720251013.png","https://pigfarmmix.net/png_h/03e3e13252adb926e796ced8fc43df1331408f8195521c86f8ec25da3105eb6720251013.png","https://pigfarmmix.net/png_h/03e3e13252adb926e796ced8fc43df1331408f8195521c86f8ec25da3105eb6720251013.png"
"57","比格爾豬","https://pigfarmmix.net/#/pig/57","https://pigfarmmix.net/png_h/a9512e4060fc8c0ca9e12317b36e12124105f8fd2416d1c47705bba864227c3b20251013.png","https://pigfarmmix.net/png_h/03e3e13252adb926e796ced8fc43df1331408f8195521c86f8ec25da3105eb6720251013.png","","6","0 小時","58 分鐘","24 小時","https://pigfarmmix.net/png_h/97cbaccfa405480612d3bf7e152c0f7f8d8507099b5839dfa19df61f5181feec20251013.png","灰色 [圖鑑2 頁3#2]","≤ 135.2 kg","≥ 186.1 kg","5000 pt","https://pigfarmmix.net/png_h/0aeaee22846aee8ef0429da1face05360c1fdfd8de57e07bebb2741e67f15e6220251013.png","1.15%","https://pigfarmmix.net/png_h/03e3e13252adb926e796ced8fc43df1331408f8195521c86f8ec25da3105eb6720251013.png","https://pigfarmmix.net/png_h/03e3e13252adb926e796ced8fc43df1331408f8195521c86f8ec25da3105eb6720251013.png","https://pigfarmmix.net/png_h/03e3e13252adb926e796ced8fc43df1331408f8195521c86f8ec25da3105eb6720251013.png",""
"58","海豬","https://pigfarmmix.net/#/pig/58","https://pigfarmmix.net/png_h/512016f007501b8d9be5a97fd98714929c488060fb543731a6815c1ed9ac21fe20251013.png","https://pigfarmmix.net/png_h/03e3e13252adb926e796ced8fc43df1331408f8195521c86f8ec25da3105eb6720251013.png","不挑食","1","0 小時","58 分鐘","8 小時","https://pigfarmmix.net/png_h/a6752c7f9968b9961d0e91ae2083fce3f62ee7ac7f4c8d0a45c0a32bae70c8f620251013.png","肉色 [圖鑑1 頁3#1]","≤ 123.9 kg","≥ 180.7 kg","2500 pt","","2.67%","https://pigfarmmix.net/png_h/03e3e13252adb926e796ced8fc43df1331408f8195521c86f8ec25da3105eb6720251013.png","https://pigfarmmix.net/png_h/03e3e13252adb926e796ced8fc43df1331408f8195521c86f8ec25da3105eb6720251013.png","",""
"59","新草本豬","https://pigfarmmix.net/#/pig/59","https://pigfarmmix.net/png_h/535e4c7a959846209dbcaee76d49f3af352addcb76dd3ccf3de940b4b5d2bfb220251013.png","https://pigfarmmix.net/png_h/03e3e13252adb926e796ced8fc43df1331408f8195521c86f8ec25da3105eb6720251013.png","","1","0 小時","58 分鐘","8 小時","https://pigfarmmix.net/png_h/46827eaf3344f3d5d59295ae2c237b7ef05252fa01f7f38bb1e57ac062d9c15520251013.png","粉紅 [圖鑑4 頁2#1]","≤ 124.4 kg","≥ 171.4 kg","2000 pt","https://pigfarmmix.net/png_h/ae37f6e04cdc1a9c13b5d505e598173fcce41b6af8074c98d775c0f1c6b04d6c20251013.png","","https://pigfarmmix.net/png_h/03e3e13252adb926e796ced8fc43df1331408f8195521c86f8ec25da3105eb6720251013.png","https://pigfarmmix.net/png_h/03e3e13252adb926e796ced8fc43df1331408f8195521c86f8ec25da3105eb6720251013.png","",""
"60","受傷豬","https://pigfarmmix.net/#/pig/60","https://pigfarmmix.net/png_h/65a57135ff347c04ff2c9e228fc25d5e42640a3ba0312c8b6542edc96d97c7a620251013.png","https://pigfarmmix.net/png_h/03e3e13252adb926e796ced8fc43df1331408f8195521c86f8ec25da3105eb6720251013.png","不挑食","1","0 小時","58 分鐘","6 小時","https://pigfarmmix.net/png_h/a68119aa8a6ceba07cf7cd15c2c4ea3a6f2a3313e58a78a2ec1216d15999fb8f20251013.png","白色 [圖鑑5 頁2#5]","≤ 123.9 kg","≥ 161.8 kg","1000 pt","","3.48%","","","",""
"61","波特貝利達豬","https://pigfarmmix.net/#/pig/61","https://pigfarmmix.net/png_h/29a7e1d7767e6fedc53732ef165adc833043a90a6dc3f50e1c00cb69620f4e2720251013.png","https://pigfarmmix.net/png_h/03e3e13252adb926e796ced8fc43df1331408f8195521c86f8ec25da3105eb6720251013.png","不挑食","4","0 小時","58 分鐘","16 小時","https://pigfarmmix.net/png_h/97cbaccfa405480612d3bf7e152c0f7f8d8507099b5839dfa19df61f5181feec20251013.png","灰色 [圖鑑2 頁3#3]","≤ 126.6 kg","≥ 187.0 kg","3000 pt","","2.67%","https://pigfarmmix.net/png_h/03e3e13252adb926e796ced8fc43df1331408f8195521c86f8ec25da3105eb6720251013.png","https://pigfarmmix.net/png_h/03e3e13252adb926e796ced8fc43df1331408f8195521c86f8ec25da3105eb6720251013.png","",""
"62","骨頭豬","https://pigfarmmix.net/#/pig/62","https://pigfarmmix.net/png_h/26b095d9a8a0cedf6af59e7483a0127c9723ede7015e07a3ac752979fe19cc6020251013.png","https://pigfarmmix.net/png_h/03e3e13252adb926e796ced8fc43df1331408f8195521c86f8ec25da3105eb6720251013.png","不挑食","1","0 小時","58 分鐘","6 小時","https://pigfarmmix.net/png_h/97cbaccfa405480612d3bf7e152c0f7f8d8507099b5839dfa19df61f5181feec20251013.png","灰色 [圖鑑2 頁3#4]","≤ 123.9 kg","≥ 161.8 kg","1500 pt","","","","","",""
"63","競速豬","https://pigfarmmix.net/#/pig/63","https://pigfarmmix.net/png_h/bc22573b3b9aeef10ba9a8442ae6efce8ce1e7d9d3671bc3eb22f6d1b829dcf420251013.png","https://pigfarmmix.net/png_h/03e3e13252adb926e796ced8fc43df1331408f8195521c86f8ec25da3105eb6720251013.png","不挑食","1","0 小時","58 分鐘","6 小時","https://pigfarmmix.net/png_h/a6752c7f9968b9961d0e91ae2083fce3f62ee7ac7f4c8d0a45c0a32bae70c8f620251013.png","肉色 [圖鑑1 頁3#2]","≤ 123.9 kg","≥ 170.5 kg","1500 pt","","","https://pigfarmmix.net/png_h/03e3e13252adb926e796ced8fc43df1331408f8195521c86f8ec25da3105eb6720251013.png","","",""
"64","內江豬","https://pigfarmmix.net/#/pig/64","https://pigfarmmix.net/png_h/16237acb6a621d42d03eddd6275885003046cfacdafaad695def91454fc45d7a20251013.png","https://pigfarmmix.net/png_h/03e3e13252adb926e796ced8fc43df1331408f8195521c86f8ec25da3105eb6720251013.png","不挑食","1","0 小時","58 分鐘","12 小時","https://pigfarmmix.net/png_h/97cbaccfa405480612d3bf7e152c0f7f8d8507099b5839dfa19df61f5181feec20251013.png","灰色 [圖鑑2 頁3#5]","≤ 123.9 kg","≥ 174.6 kg","2000 pt","","3.19%","https://pigfarmmix.net/png_h/03e3e13252adb926e796ced8fc43df1331408f8195521c86f8ec25da3105eb6720251013.png","","",""
"65","料理豬","https://pigfarmmix.net/#/pig/65","https://pigfarmmix.net/png_h/6c4c41cbf4c1b219190d64882ed449fcc7fb06f96503e416bbd95adb83f04d6d20251013.png","https://pigfarmmix.net/png_h/03e3e13252adb926e796ced8fc43df1331408f8195521c86f8ec25da3105eb6720251013.png","不挑食","1","0 小時","58 分鐘","8 小時","https://pigfarmmix.net/png_h/a68119aa8a6ceba07cf7cd15c2c4ea3a6f2a3313e58a78a2ec1216d15999fb8f20251013.png","白色 [圖鑑5 頁2#6]","≤ 123.9 kg","≥ 171.9 kg","1500 pt","","3.19%","https://pigfarmmix.net/png_h/03e3e13252adb926e796ced8fc43df1331408f8195521c86f8ec25da3105eb6720251013.png","","",""
"66","相撲豬","https://pigfarmmix.net/#/pig/66","https://pigfarmmix.net/png_h/4a9ac35cce558cd7a4281e4ea5aea76e06991d089499aabf5759bdf1c7d50b8f20251013.png","https://pigfarmmix.net/png_h/03e3e13252adb926e796ced8fc43df1331408f8195521c86f8ec25da3105eb6720251013.png","不挑食","6","0 小時","58 分鐘","24 小時","https://pigfarmmix.net/png_h/a6752c7f9968b9961d0e91ae2083fce3f62ee7ac7f4c8d0a45c0a32bae70c8f620251013.png","肉色 [圖鑑1 頁3#3]","≤ 128.4 kg","≥ 193.2 kg","4000 pt","","2.67%","https://pigfarmmix.net/png_h/03e3e13252adb926e796ced8fc43df1331408f8195521c86f8ec25da3105eb6720251013.png","https://pigfarmmix.net/png_h/03e3e13252adb926e796ced8fc43df1331408f8195521c86f8ec25da3105eb6720251013.png","",""
"67","酷你酷你豬","https://pigfarmmix.net/#/pig/67","https://pigfarmmix.net/png_h/71de4550499027abf23603425eb9b382cf61744e053268814375a48f8e42c67b20251013.png","https://pigfarmmix.net/png_h/03e3e13252adb926e796ced8fc43df1331408f8195521c86f8ec25da3105eb6720251013.png","","3","0 小時","58 分鐘","16 小時","https://pigfarmmix.net/png_h/9fc1edfa8a25ba821f32de73ee24d6907de827874d33d8400a273fbe122ac58920251013.png","米色 [圖鑑3 頁3#1]","≤ 129.7 kg","≥ 165.8 kg","3500 pt","https://pigfarmmix.net/png_h/a7c17665173739b203d7fab5046bd82964e973f62b1c34834f032ecb6c99fff520251013.png","1.15%","https://pigfarmmix.net/png_h/03e3e13252adb926e796ced8fc43df1331408f8195521c86f8ec25da3105eb6720251013.png","https://pigfarmmix.net/png_h/03e3e13252adb926e796ced8fc43df1331408f8195521c86f8ec25da3105eb6720251013.png","https://pigfarmmix.net/png_h/03e3e13252adb926e796ced8fc43df1331408f8195521c86f8ec25da3105eb6720251013.png",""
"68","老斑點豬","https://pigfarmmix.net/#/pig/68","https://pigfarmmix.net/png_h/168234d3a6713a9d43d8ddea0b978716879561e4ee5abff8fd1ebf871ecfd09720251013.png","https://pigfarmmix.net/png_h/03e3e13252adb926e796ced8fc43df1331408f8195521c86f8ec25da3105eb6720251013.png","不挑食","3","0 小時","58 分鐘","16 小時","https://pigfarmmix.net/png_h/46827eaf3344f3d5d59295ae2c237b7ef05252fa01f7f38bb1e57ac062d9c15520251013.png","粉紅 [圖鑑4 頁2#2]","≤ 125.7 kg","≥ 167.9 kg","2000 pt","","3.48%","","","",""
"69","巴斯克豬","https://pigfarmmix.net/#/pig/69","https://pigfarmmix.net/png_h/9e976f28ae63f2dbd01579d6e4c46cca2503785ff20f228f04cf3b553a8226e620251013.png","https://pigfarmmix.net/png_h/03e3e13252adb926e796ced8fc43df1331408f8195521c86f8ec25da3105eb6720251013.png","","5","60 分鐘","1 小時","32 小時","https://pigfarmmix.net/png_h/97cbaccfa405480612d3bf7e152c0f7f8d8507099b5839dfa19df61f5181feec20251013.png","灰色 [圖鑑2 頁3#6]","≤ 134.8 kg","≥ 246.2 kg","8500 pt","https://pigfarmmix.net/png_h/0aeaee22846aee8ef0429da1face05360c1fdfd8de57e07bebb2741e67f15e6220251013.png","","https://pigfarmmix.net/png_h/03e3e13252adb926e796ced8fc43df1331408f8195521c86f8ec25da3105eb6720251013.png","https://pigfarmmix.net/png_h/03e3e13252adb926e796ced8fc43df1331408f8195521c86f8ec25da3105eb6720251013.png","https://pigfarmmix.net/png_h/03e3e13252adb926e796ced8fc43df1331408f8195521c86f8ec25da3105eb6720251013.png","https://pigfarmmix.net/png_h/03e3e13252adb926e796ced8fc43df1331408f8195521c86f8ec25da3105eb6720251013.png"
"70","切斯特豬/白色","https://pigfarmmix.net/#/pig/70","https://pigfarmmix.net/png_h/5e3360b88c21e0c7a539dc96d393a8c0b79b99a004b0a1cccb67aaca66e8116d20251013.png","https://pigfarmmix.net/png_h/03e3e13252adb926e796ced8fc43df1331408f8195521c86f8ec25da3105eb6720251013.png","不挑食","1","0 小時","58 分鐘","16 小時","https://pigfarmmix.net/png_h/a68119aa8a6ceba07cf7cd15c2c4ea3a6f2a3313e58a78a2ec1216d15999fb8f20251013.png","白色 [圖鑑5 頁3#1]","≤ 123.9 kg","≥ 187.0 kg","3000 pt","","2.67%","https://pigfarmmix.net/png_h/03e3e13252adb926e796ced8fc43df1331408f8195521c86f8ec25da3105eb6720251013.png","https://pigfarmmix.net/png_h/03e3e13252adb926e796ced8fc43df1331408f8195521c86f8ec25da3105eb6720251013.png","",""
"71","愛迪生豬","https://pigfarmmix.net/#/pig/71","https://pigfarmmix.net/png_h/63be4e45473e37ab4d008cc6c23bfb116d5925f4cc98f8118854d1940a0cd0a220251013.png","https://pigfarmmix.net/png_h/03e3e13252adb926e796ced8fc43df1331408f8195521c86f8ec25da3105eb6720251013.png","不挑食","1","0 小時","58 分鐘","16 小時","https://pigfarmmix.net/png_h/a6752c7f9968b9961d0e91ae2083fce3f62ee7ac7f4c8d0a45c0a32bae70c8f620251013.png","肉色 [圖鑑1 頁3#4]","≤ 123.9 kg","≥ 187.0 kg","2500 pt","","2.67%","https://pigfarmmix.net/png_h/03e3e13252adb926e796ced8fc43df1331408f8195521c86f8ec25da3105eb6720251013.png","https://pigfarmmix.net/png_h/03e3e13252adb926e796ced8fc43df1331408f8195521c86f8ec25da3105eb6720251013.png","",""
"72","波蘭豬/中國種","https://pigfarmmix.net/#/pig/72","https://pigfarmmix.net/png_h/605f5ae21f7ee1e4446b3f54f961a25ea291c44af03e721ef609940e3eaeb42020251013.png","https://pigfarmmix.net/png_h/03e3e13252adb926e796ced8fc43df1331408f8195521c86f8ec25da3105eb6720251013.png","不挑食","1","0 小時","58 分鐘","8 小時","https://pigfarmmix.net/png_h/97cbaccfa405480612d3bf7e152c0f7f8d8507099b5839dfa19df61f5181feec20251013.png","灰色 [圖鑑2 頁4#1]","≤ 123.9 kg","≥ 171.9 kg","2500 pt","","3.19%","https://pigfarmmix.net/png_h/03e3e13252adb926e796ced8fc43df1331408f8195521c86f8ec25da3105eb6720251013.png","","",""
"73","雙眼皮豬","https://pigfarmmix.net/#/pig/73","https://pigfarmmix.net/png_h/b012dc1f016f1778c0b5b8f5f45a11eee088201370d3de37ec844c5d481e8a1e20251013.png","https://pigfarmmix.net/png_h/03e3e13252adb926e796ced8fc43df1331408f8195521c86f8ec25da3105eb6720251013.png","不挑食","1","0 小時","58 分鐘","4 小時","https://pigfarmmix.net/png_h/46827eaf3344f3d5d59295ae2c237b7ef05252fa01f7f38bb1e57ac062d9c15520251013.png","粉紅 [圖鑑4 頁2#3]","≤ 123.9 kg","≥ 160.6 kg","800 pt","","3.48%","","","",""
"74","譚沃思豬","https://pigfarmmix.net/#/pig/74","https://pigfarmmix.net/png_h/df41c986f0cc128761aca7ad6b32bb4542fbb6e4fad7427089b84cd2f4f967d320251013.png","https://pigfarmmix.net/png_h/03e3e13252adb926e796ced8fc43df1331408f8195521c86f8ec25da3105eb6720251013.png","不挑食","4","0 小時","58 分鐘","24 小時","https://pigfarmmix.net/png_h/9fc1edfa8a25ba821f32de73ee24d6907de827874d33d8400a273fbe122ac58920251013.png","米色 [圖鑑3 頁3#2]","≤ 130.6 kg","≥ 199.5 kg","3500 pt","","1.15%","https://pigfarmmix.net/png_h/03e3e13252adb926e796ced8fc43df1331408f8195521c86f8ec25da3105eb6720251013.png","https://pigfarmmix.net/png_h/03e3e13252adb926e796ced8fc43df1331408f8195521c86f8ec25da3105eb6720251013.png","https://pigfarmmix.net/png_h/03e3e13252adb926e796ced8fc43df1331408f8195521c86f8ec25da3105eb6720251013.png",""
"75","英國/馬鞍豬","https://pigfarmmix.net/#/pig/75","https://pigfarmmix.net/png_h/d8c11ed0161cfad6e226af4db16f59cf4ee3cc2046ee11007f173fc50f06478720251013.png","https://pigfarmmix.net/png_h/03e3e13252adb926e796ced8fc43df1331408f8195521c86f8ec25da3105eb6720251013.png","","3","0 小時","58 分鐘","32 小時","https://pigfarmmix.net/png_h/97cbaccfa405480612d3bf7e152c0f7f8d8507099b5839dfa19df61f5181feec20251013.png","灰色 [圖鑑2 頁4#2]","≤ 129.7 kg","≥ 199.8 kg","5500 pt","https://pigfarmmix.net/png_h/8634aa677090b5bfca798d786e8ef2e14d04de87c2335c7e4a7052c45d83ddd120251013.png","","https://pigfarmmix.net/png_h/03e3e13252adb926e796ced8fc43df1331408f8195521c86f8ec25da3105eb6720251013.png","https://pigfarmmix.net/png_h/03e3e13252adb926e796ced8fc43df1331408f8195521c86f8ec25da3105eb6720251013.png","https://pigfarmmix.net/png_h/03e3e13252adb926e796ced8fc43df1331408f8195521c86f8ec25da3105eb6720251013.png",""
"76","莫札豬","https://pigfarmmix.net/#/pig/76","https://pigfarmmix.net/png_h/fed47de1cdd7a78573c2df688546232c62ac414bb6f1ffe3ffa9ac3799ccb5f820251013.png","https://pigfarmmix.net/png_h/03e3e13252adb926e796ced8fc43df1331408f8195521c86f8ec25da3105eb6720251013.png","不挑食","1","0 小時","58 分鐘","16 小時","https://pigfarmmix.net/png_h/a68119aa8a6ceba07cf7cd15c2c4ea3a6f2a3313e58a78a2ec1216d15999fb8f20251013.png","白色 [圖鑑5 頁3#2]","≤ 123.9 kg","≥ 187.0 kg","3000 pt","","2.67%","https://pigfarmmix.net/png_h/03e3e13252adb926e796ced8fc43df1331408f8195521c86f8ec25da3105eb6720251013.png","https://pigfarmmix.net/png_h/03e3e13252adb926e796ced8fc43df1331408f8195521c86f8ec25da3105eb6720251013.png","",""
"77","安特瓦內特豬","https://pigfarmmix.net/#/pig/77","https://pigfarmmix.net/png_h/823794fd48b39d649f06d520c8ad0364309a41117d5b199f60d1011d2553f5de20251013.png","https://pigfarmmix.net/png_h/03e3e13252adb926e796ced8fc43df1331408f8195521c86f8ec25da3105eb6720251013.png","","4","60 分鐘","1 小時","16 小時","https://pigfarmmix.net/png_h/46827eaf3344f3d5d59295ae2c237b7ef05252fa01f7f38bb1e57ac062d9c15520251013.png","粉紅 [圖鑑4 頁2#4]","≤ 133.9 kg","≥ 192.5 kg","6000 pt","https://pigfarmmix.net/png_h/1a4d96e5f723848dfbd2bbb08fd82f6579c3850dcc352a2b9ee260764acd522320251013.png","","https://pigfarmmix.net/png_h/03e3e13252adb926e796ced8fc43df1331408f8195521c86f8ec25da3105eb6720251013.png","https://pigfarmmix.net/png_h/03e3e13252adb926e796ced8fc43df1331408f8195521c86f8ec25da3105eb6720251013.png","https://pigfarmmix.net/png_h/03e3e13252adb926e796ced8fc43df1331408f8195521c86f8ec25da3105eb6720251013.png",""
"78","皮特蘭豬","https://pigfarmmix.net/#/pig/78","https://pigfarmmix.net/png_h/1c80d2237c78a3e56a03e21f2fda868c48d75422ccbc1ccffb85324f0e637b8d20251013.png","https://pigfarmmix.net/png_h/03e3e13252adb926e796ced8fc43df1331408f8195521c86f8ec25da3105eb6720251013.png","不挑食","1","0 小時","58 分鐘","8 小時","https://pigfarmmix.net/png_h/46827eaf3344f3d5d59295ae2c237b7ef05252fa01f7f38bb1e57ac062d9c15520251013.png","粉紅 [圖鑑4 頁2#5]","≤ 123.9 kg","≥ 171.9 kg","1500 pt","","","https://pigfarmmix.net/png_h/03e3e13252adb926e796ced8fc43df1331408f8195521c86f8ec25da3105eb6720251013.png","","",""
"79","威爾夏豬","https://pigfarmmix.net/#/pig/79","https://pigfarmmix.net/png_h/189c83e1c4fd3036a608bffb2589697b494f7e291cb9ab25b11b421c7771d42220251013.png","https://pigfarmmix.net/png_h/03e3e13252adb926e796ced8fc43df1331408f8195521c86f8ec25da3105eb6720251013.png","不挑食","1","0 小時","58 分鐘","10 小時","https://pigfarmmix.net/png_h/a68119aa8a6ceba07cf7cd15c2c4ea3a6f2a3313e58a78a2ec1216d15999fb8f20251013.png","白色 [圖鑑5 頁3#3]","≤ 127.9 kg","≥ 187.3 kg","6000 pt","","1.15%","https://pigfarmmix.net/png_h/03e3e13252adb926e796ced8fc43df1331408f8195521c86f8ec25da3105eb6720251013.png","https://pigfarmmix.net/png_h/03e3e13252adb926e796ced8fc43df1331408f8195521c86f8ec25da3105eb6720251013.png","https://pigfarmmix.net/png_h/03e3e13252adb926e796ced8fc43df1331408f8195521c86f8ec25da3105eb6720251013.png",""
"80","牛津/珊迪黑豬","https://pigfarmmix.net/#/pig/80","https://pigfarmmix.net/png_h/ae86c9e029313f2231fa40cbe2c6837d30e49ebadfd619605a7de09cd4e2257220251013.png","https://pigfarmmix.net/png_h/03e3e13252adb926e796ced8fc43df1331408f8195521c86f8ec25da3105eb6720251013.png","","1","0 小時","58 分鐘","10 小時","https://pigfarmmix.net/png_h/9fc1edfa8a25ba821f32de73ee24d6907de827874d33d8400a273fbe122ac58920251013.png","米色 [圖鑑3 頁3#3]","≤ 127.9 kg","≥ 163.1 kg","5000 pt","https://pigfarmmix.net/png_h/a7c17665173739b203d7fab5046bd82964e973f62b1c34834f032ecb6c99fff520251013.png","","https://pigfarmmix.net/png_h/03e3e13252adb926e796ced8fc43df1331408f8195521c86f8ec25da3105eb6720251013.png","https://pigfarmmix.net/png_h/03e3e13252adb926e796ced8fc43df1331408f8195521c86f8ec25da3105eb6720251013.png","https://pigfarmmix.net/png_h/03e3e13252adb926e796ced8fc43df1331408f8195521c86f8ec25da3105eb6720251013.png",""
"81","嬉皮豬","https://pigfarmmix.net/#/pig/81","https://pigfarmmix.net/png_h/d805cc757161e87392cb226235f083d4882634e23e670bf848abb657c1192ac020251013.png","https://pigfarmmix.net/png_h/03e3e13252adb926e796ced8fc43df1331408f8195521c86f8ec25da3105eb6720251013.png","不挑食","1","0 小時","58 分鐘","8 小時","https://pigfarmmix.net/png_h/a6752c7f9968b9961d0e91ae2083fce3f62ee7ac7f4c8d0a45c0a32bae70c8f620251013.png","肉色 [圖鑑1 頁3#5]","≤ 123.9 kg","≥ 171.9 kg","2000 pt","","","https://pigfarmmix.net/png_h/03e3e13252adb926e796ced8fc43df1331408f8195521c86f8ec25da3105eb6720251013.png","","",""
"82","機器豬","https://pigfarmmix.net/#/pig/82","https://pigfarmmix.net/png_h/8c94ba6875fadc886f0fc113ad50829701342e4c790654cde1d7030cfa4c94bf20251013.png","https://pigfarmmix.net/png_h/03e3e13252adb926e796ced8fc43df1331408f8195521c86f8ec25da3105eb6720251013.png","不挑食","1","0 小時","58 分鐘","10 小時","https://pigfarmmix.net/png_h/97cbaccfa405480612d3bf7e152c0f7f8d8507099b5839dfa19df61f5181feec20251013.png","灰色 [圖鑑2 頁4#3]","≤ 123.9 kg","≥ 173.3 kg","1000 pt","","3.19%","https://pigfarmmix.net/png_h/03e3e13252adb926e796ced8fc43df1331408f8195521c86f8ec25da3105eb6720251013.png","","",""
"83","奧克蘭島豬","https://pigfarmmix.net/#/pig/83","https://pigfarmmix.net/png_h/0f42eff577c6c49598889f71d7f7220d5ca6a5c40a97f2a074ef93b04da4d88420251013.png","https://pigfarmmix.net/png_h/03e3e13252adb926e796ced8fc43df1331408f8195521c86f8ec25da3105eb6720251013.png","不挑食","1","0 小時","58 分鐘","24 小時","https://pigfarmmix.net/png_h/9fc1edfa8a25ba821f32de73ee24d6907de827874d33d8400a273fbe122ac58920251013.png","米色 [圖鑑3 頁3#4]","≤ 127.9 kg","≥ 199.5 kg","3500 pt","","1.15%","https://pigfarmmix.net/png_h/03e3e13252adb926e796ced8fc43df1331408f8195521c86f8ec25da3105eb6720251013.png","https://pigfarmmix.net/png_h/03e3e13252adb926e796ced8fc43df1331408f8195521c86f8ec25da3105eb6720251013.png","https://pigfarmmix.net/png_h/03e3e13252adb926e796ced8fc43df1331408f8195521c86f8ec25da3105eb6720251013.png",""
"84","服部忍者豬","https://pigfarmmix.net/#/pig/84","https://pigfarmmix.net/png_h/44f6e7016f3485a2f08b38a940213bd1aca918eafb849e4bb6c54712ce675cc120251013.png","https://pigfarmmix.net/png_h/03e3e13252adb926e796ced8fc43df1331408f8195521c86f8ec25da3105eb6720251013.png","","1","0 小時","58 分鐘","12 小時","https://pigfarmmix.net/png_h/a6752c7f9968b9961d0e91ae2083fce3f62ee7ac7f4c8d0a45c0a32bae70c8f620251013.png","肉色 [圖鑑1 頁3#6]","≤ 123.9 kg","≥ 154.6 kg","3000 pt","https://pigfarmmix.net/png_h/a7c17665173739b203d7fab5046bd82964e973f62b1c34834f032ecb6c99fff520251013.png","3.19%","https://pigfarmmix.net/png_h/03e3e13252adb926e796ced8fc43df1331408f8195521c86f8ec25da3105eb6720251013.png","","",""
"85","海倫福特豬","https://pigfarmmix.net/#/pig/85","https://pigfarmmix.net/png_h/0ec94414253e6a7a871f8539ce1f9dde78eef2c1f4b4a8cae14e902f935192c020251013.png","https://pigfarmmix.net/png_h/03e3e13252adb926e796ced8fc43df1331408f8195521c86f8ec25da3105eb6720251013.png","","2","0 小時","58 分鐘","12 小時","https://pigfarmmix.net/png_h/9fc1edfa8a25ba821f32de73ee24d6907de827874d33d8400a273fbe122ac58920251013.png","米色 [圖鑑3 頁3#5]","≤ 123.9 kg","≥ 173.9 kg","4500 pt","https://pigfarmmix.net/png_h/d48df30397ce33593ddd99a7039b689c0ca8147be77810da82091e7db2ac5ba720251013.png","","https://pigfarmmix.net/png_h/03e3e13252adb926e796ced8fc43df1331408f8195521c86f8ec25da3105eb6720251013.png","https://pigfarmmix.net/png_h/03e3e13252adb926e796ced8fc43df1331408f8195521c86f8ec25da3105eb6720251013.png","",""
"86","喬克豬","https://pigfarmmix.net/#/pig/86","https://pigfarmmix.net/png_h/860798e29d7261b1012deec580f19a7d951c524978750b23bf1327303620cee020251013.png","https://pigfarmmix.net/png_h/03e3e13252adb926e796ced8fc43df1331408f8195521c86f8ec25da3105eb6720251013.png","不挑食","10","0 小時","58 分鐘","36 小時","https://pigfarmmix.net/png_h/97cbaccfa405480612d3bf7e152c0f7f8d8507099b5839dfa19df61f5181feec20251013.png","灰色 [圖鑑2 頁4#4]","≤ 137.0 kg","≥ 217.2 kg","7500 pt","","","https://pigfarmmix.net/png_h/03e3e13252adb926e796ced8fc43df1331408f8195521c86f8ec25da3105eb6720251013.png","https://pigfarmmix.net/png_h/03e3e13252adb926e796ced8fc43df1331408f8195521c86f8ec25da3105eb6720251013.png","https://pigfarmmix.net/png_h/03e3e13252adb926e796ced8fc43df1331408f8195521c86f8ec25da3105eb6720251013.png","https://pigfarmmix.net/png_h/03e3e13252adb926e796ced8fc43df1331408f8195521c86f8ec25da3105eb6720251013.png"
"87","奧薩波島豬","https://pigfarmmix.net/#/pig/87","https://pigfarmmix.net/png_h/3eda96173ba1490e1eeb2767762ebd4d7863240500eb8f3b159c92d57e9ac64f20251013.png","https://pigfarmmix.net/png_h/03e3e13252adb926e796ced8fc43df1331408f8195521c86f8ec25da3105eb6720251013.png","不挑食","6","60 分鐘","1 小時","24 小時","https://pigfarmmix.net/png_h/9fc1edfa8a25ba821f32de73ee24d6907de827874d33d8400a273fbe122ac58920251013.png","米色 [圖鑑3 頁3#6]","≤ 132.4 kg","≥ 199.5 kg","6500 pt","","","https://pigfarmmix.net/png_h/03e3e13252adb926e796ced8fc43df1331408f8195521c86f8ec25da3105eb6720251013.png","https://pigfarmmix.net/png_h/03e3e13252adb926e796ced8fc43df1331408f8195521c86f8ec25da3105eb6720251013.png","https://pigfarmmix.net/png_h/03e3e13252adb926e796ced8fc43df1331408f8195521c86f8ec25da3105eb6720251013.png",""
"88","紅華特豬","https://pigfarmmix.net/#/pig/88","https://pigfarmmix.net/png_h/0885629a7bca02b913adb97b0d3f548d6c016efcfde8a16fb709fb475b943eb020251013.png","https://pigfarmmix.net/png_h/03e3e13252adb926e796ced8fc43df1331408f8195521c86f8ec25da3105eb6720251013.png","不挑食","4","0 小時","58 分鐘","12 小時","https://pigfarmmix.net/png_h/9fc1edfa8a25ba821f32de73ee24d6907de827874d33d8400a273fbe122ac58920251013.png","米色 [圖鑑3 頁4#1]","≤ 130.6 kg","≥ 189.1 kg","4500 pt","","1.15%","https://pigfarmmix.net/png_h/03e3e13252adb926e796ced8fc43df1331408f8195521c86f8ec25da3105eb6720251013.png","https://pigfarmmix.net/png_h/03e3e13252adb926e796ced8fc43df1331408f8195521c86f8ec25da3105eb6720251013.png","https://pigfarmmix.net/png_h/03e3e13252adb926e796ced8fc43df1331408f8195521c86f8ec25da3105eb6720251013.png",""
"89","安全豬","https://pigfarmmix.net/#/pig/89","https://pigfarmmix.net/png_h/f923acaa28115fb8c7f40b0c175db65ebf568f0bf056ede54c4d3b0f765aaa0520251013.png","https://pigfarmmix.net/png_h/03e3e13252adb926e796ced8fc43df1331408f8195521c86f8ec25da3105eb6720251013.png","不挑食","1","0 小時","58 分鐘","6 小時","https://pigfarmmix.net/png_h/9fc1edfa8a25ba821f32de73ee24d6907de827874d33d8400a273fbe122ac58920251013.png","米色 [圖鑑3 頁4#2]","≤ 123.9 kg","≥ 161.8 kg","1000 pt","","3.48%","","","",""
"90","彼得潘豬","https://pigfarmmix.net/#/pig/90","https://pigfarmmix.net/png_h/23058a0e5a185064645312ce5ca7ef523948e5d86c60248334a763d9c1636e2820251013.png","https://pigfarmmix.net/png_h/03e3e13252adb926e796ced8fc43df1331408f8195521c86f8ec25da3105eb6720251013.png","不挑食","1","0 小時","58 分鐘","18 小時","https://pigfarmmix.net/png_h/a6752c7f9968b9961d0e91ae2083fce3f62ee7ac7f4c8d0a45c0a32bae70c8f620251013.png","肉色 [圖鑑1 頁4#1]","≤ 123.9 kg","≥ 178.8 kg","1500 pt","","3.19%","https://pigfarmmix.net/png_h/03e3e13252adb926e796ced8fc43df1331408f8195521c86f8ec25da3105eb6720251013.png","","",""
"91","鼻血豬","https://pigfarmmix.net/#/pig/91","https://pigfarmmix.net/png_h/23b82da89efba7a93fcca44b3e0ba31e5ef4afc96e1930c8df0fd6bbcd75a77b20251013.png","https://pigfarmmix.net/png_h/03e3e13252adb926e796ced8fc43df1331408f8195521c86f8ec25da3105eb6720251013.png","不挑食","1","0 小時","58 分鐘","6 小時","https://pigfarmmix.net/png_h/46827eaf3344f3d5d59295ae2c237b7ef05252fa01f7f38bb1e57ac062d9c15520251013.png","粉紅 [圖鑑4 頁2#6]","≤ 123.9 kg","≥ 161.8 kg","800 pt","","3.48%","","","",""
"92","牛頓豬","https://pigfarmmix.net/#/pig/92","https://pigfarmmix.net/png_h/5adfe6fd1c8fd29770a1c46b74805de5d5a77374f0d3557b24b7dd1e245a582020251013.png","https://pigfarmmix.net/png_h/03e3e13252adb926e796ced8fc43df1331408f8195521c86f8ec25da3105eb6720251013.png","不挑食","5","0 小時","58 分鐘","12 小時","https://pigfarmmix.net/png_h/9fc1edfa8a25ba821f32de73ee24d6907de827874d33d8400a273fbe122ac58920251013.png","米色 [圖鑑3 頁4#3]","≤ 127.5 kg","≥ 174.6 kg","2000 pt","","3.19%","https://pigfarmmix.net/png_h/03e3e13252adb926e796ced8fc43df1331408f8195521c86f8ec25da3105eb6720251013.png","","",""
"93","節食豬","https://pigfarmmix.net/#/pig/93","https://pigfarmmix.net/png_h/9ac6358d50788d1e7794c99a0f87e04e2b0c1d3d8e415ead3af086e8bb31e29420251013.png","https://pigfarmmix.net/png_h/03e3e13252adb926e796ced8fc43df1331408f8195521c86f8ec25da3105eb6720251013.png","不挑食","4","0 小時","58 分鐘","8 小時","https://pigfarmmix.net/png_h/a68119aa8a6ceba07cf7cd15c2c4ea3a6f2a3313e58a78a2ec1216d15999fb8f20251013.png","白色 [圖鑑5 頁3#4]","≤ 126.6 kg","≥ 163.0 kg","1000 pt","","","","","",""
"94","舒貝爾豬","https://pigfarmmix.net/#/pig/94","https://pigfarmmix.net/png_h/a5c8dbb8a4129066d2ae1c583e8dc19162a74d16a39b746a71435a8ae172d96520251013.png","https://pigfarmmix.net/png_h/03e3e13252adb926e796ced8fc43df1331408f8195521c86f8ec25da3105eb6720251013.png","不挑食","3","60 分鐘","1 小時","16 小時","https://pigfarmmix.net/png_h/a6752c7f9968b9961d0e91ae2083fce3f62ee7ac7f4c8d0a45c0a32bae70c8f620251013.png","肉色 [圖鑑1 頁4#2]","≤ 125.7 kg","≥ 187.0 kg","3500 pt","","2.67%","https://pigfarmmix.net/png_h/03e3e13252adb926e796ced8fc43df1331408f8195521c86f8ec25da3105eb6720251013.png","https://pigfarmmix.net/png_h/03e3e13252adb926e796ced8fc43df1331408f8195521c86f8ec25da3105eb6720251013.png","",""
"95","西藏豬","https://pigfarmmix.net/#/pig/95","https://pigfarmmix.net/png_h/3af89c389e0cfb9d08410901711e1a6715ffb09491641e8e1b6e1e068424235820251013.png","https://pigfarmmix.net/png_h/03e3e13252adb926e796ced8fc43df1331408f8195521c86f8ec25da3105eb6720251013.png","不挑食","1","0 小時","58 分鐘","14 小時","https://pigfarmmix.net/png_h/97cbaccfa405480612d3bf7e152c0f7f8d8507099b5839dfa19df61f5181feec20251013.png","灰色 [圖鑑2 頁4#5]","≤ 127.9 kg","≥ 190.8 kg","4000 pt","","1.15%","https://pigfarmmix.net/png_h/03e3e13252adb926e796ced8fc43df1331408f8195521c86f8ec25da3105eb6720251013.png","https://pigfarmmix.net/png_h/03e3e13252adb926e796ced8fc43df1331408f8195521c86f8ec25da3105eb6720251013.png","https://pigfarmmix.net/png_h/03e3e13252adb926e796ced8fc43df1331408f8195521c86f8ec25da3105eb6720251013.png",""
"96","北鼻豬","https://pigfarmmix.net/#/pig/96","https://pigfarmmix.net/png_h/66adf942f2b52bfd4e983d3a329eb28fca2bf90d251e467fa3439497ff1a726920251013.png","https://pigfarmmix.net/png_h/03e3e13252adb926e796ced8fc43df1331408f8195521c86f8ec25da3105eb6720251013.png","","3","60 分鐘","1 小時","18 小時","https://pigfarmmix.net/png_h/a6752c7f9968b9961d0e91ae2083fce3f62ee7ac7f4c8d0a45c0a32bae70c8f620251013.png","肉色 [圖鑑1 頁4#3]","≤ 125.7 kg","≥ 163.7 kg","3500 pt","https://pigfarmmix.net/png_h/8634aa677090b5bfca798d786e8ef2e14d04de87c2335c7e4a7052c45d83ddd120251013.png","","https://pigfarmmix.net/png_h/03e3e13252adb926e796ced8fc43df1331408f8195521c86f8ec25da3105eb6720251013.png","https://pigfarmmix.net/png_h/03e3e13252adb926e796ced8fc43df1331408f8195521c86f8ec25da3105eb6720251013.png","",""
"97","北海豬","https://pigfarmmix.net/#/pig/97","https://pigfarmmix.net/png_h/55719eec620b134c906b53737e93b45ae70eedfe52f0a2afd84c2c44f28392ab20251013.png","https://pigfarmmix.net/png_h/03e3e13252adb926e796ced8fc43df1331408f8195521c86f8ec25da3105eb6720251013.png","","1","60 分鐘","1 小時","10 小時","https://pigfarmmix.net/png_h/a68119aa8a6ceba07cf7cd15c2c4ea3a6f2a3313e58a78a2ec1216d15999fb8f20251013.png","白色 [圖鑑5 頁3#5]","≤ 128.4 kg","≥ 176.6 kg","4500 pt","https://pigfarmmix.net/png_h/a8c431ef04e348d579dbea87991cab0dadc22df86edf1920a8c8e76335bd820c20251013.png","","https://pigfarmmix.net/png_h/03e3e13252adb926e796ced8fc43df1331408f8195521c86f8ec25da3105eb6720251013.png","https://pigfarmmix.net/png_h/03e3e13252adb926e796ced8fc43df1331408f8195521c86f8ec25da3105eb6720251013.png","https://pigfarmmix.net/png_h/03e3e13252adb926e796ced8fc43df1331408f8195521c86f8ec25da3105eb6720251013.png",""
"98","祭典豬","https://pigfarmmix.net/#/pig/98","https://pigfarmmix.net/png_h/cab680292901966f2ecbef069e4e48debc20daa4f4d01d639350b4b8fccfe2c920251013.png","https://pigfarmmix.net/png_h/03e3e13252adb926e796ced8fc43df1331408f8195521c86f8ec25da3105eb6720251013.png","不挑食","3","60 分鐘","1 小時","12 小時","https://pigfarmmix.net/png_h/46827eaf3344f3d5d59295ae2c237b7ef05252fa01f7f38bb1e57ac062d9c15520251013.png","粉紅 [圖鑑4 頁3#1]","≤ 129.7 kg","≥ 189.1 kg","4000 pt","","","https://pigfarmmix.net/png_h/03e3e13252adb926e796ced8fc43df1331408f8195521c86f8ec25da3105eb6720251013.png","https://pigfarmmix.net/png_h/03e3e13252adb926e796ced8fc43df1331408f8195521c86f8ec25da3105eb6720251013.png","https://pigfarmmix.net/png_h/03e3e13252adb926e796ced8fc43df1331408f8195521c86f8ec25da3105eb6720251013.png",""
"99","福田豬","https://pigfarmmix.net/#/pig/99","https://pigfarmmix.net/png_h/f1197ddfdfff0dbf9770c062aba16f548c94cc55411f539ec8cacbbfe217e9de20251013.png","https://pigfarmmix.net/png_h/03e3e13252adb926e796ced8fc43df1331408f8195521c86f8ec25da3105eb6720251013.png","不挑食","1","0 小時","58 分鐘","8 小時","https://pigfarmmix.net/png_h/a6752c7f9968b9961d0e91ae2083fce3f62ee7ac7f4c8d0a45c0a32bae70c8f620251013.png","肉色 [圖鑑1 頁4#4]","≤ 123.9 kg","≥ 171.9 kg","1000 pt","","","https://pigfarmmix.net/png_h/03e3e13252adb926e796ced8fc43df1331408f8195521c86f8ec25da3105eb6720251013.png","","",""
"100","豬川廣重","https://pigfarmmix.net/#/pig/100","https://pigfarmmix.net/png_h/f944c62236e08bce038f2c5da465a82e1e1f2adef6796cd590d3f35eb3cc529420251013.png","https://pigfarmmix.net/png_h/03e3e13252adb926e796ced8fc43df1331408f8195521c86f8ec25da3105eb6720251013.png","不挑食","1","0 小時","58 分鐘","8 小時","https://pigfarmmix.net/png_h/a6752c7f9968b9961d0e91ae2083fce3f62ee7ac7f4c8d0a45c0a32bae70c8f620251013.png","肉色 [圖鑑1 頁5#2]","≤ 123.9 kg","≥ 171.9 kg","2000 pt","","","https://pigfarmmix.net/png_h/03e3e13252adb926e796ced8fc43df1331408f8195521c86f8ec25da3105eb6720251013.png","","",""
"101","捕蚊豬","https://pigfarmmix.net/#/pig/101","https://pigfarmmix.net/png_h/fe281fd95878bddd0351fee346fa725101d68062509390bbb59b17de994a3aa420251013.png","https://pigfarmmix.net/png_h/03e3e13252adb926e796ced8fc43df1331408f8195521c86f8ec25da3105eb6720251013.png","不挑食","1","0 小時","58 分鐘","10 小時","https://pigfarmmix.net/png_h/a68119aa8a6ceba07cf7cd15c2c4ea3a6f2a3313e58a78a2ec1216d15999fb8f20251013.png","白色 [圖鑑5 頁3#6]","≤ 123.9 kg","≥ 173.3 kg","1000 pt","","","https://pigfarmmix.net/png_h/03e3e13252adb926e796ced8fc43df1331408f8195521c86f8ec25da3105eb6720251013.png","","",""
"102","河豚","https://pigfarmmix.net/#/pig/102","https://pigfarmmix.net/png_h/068b985033ef7c08d82213250565aef07745c7d06bcb0e6884dd2d30dfa0d33020251013.png","https://pigfarmmix.net/png_h/03e3e13252adb926e796ced8fc43df1331408f8195521c86f8ec25da3105eb6720251013.png","不挑食","1","0 小時","58 分鐘","12 小時","https://pigfarmmix.net/png_h/97cbaccfa405480612d3bf7e152c0f7f8d8507099b5839dfa19df61f5181feec20251013.png","灰色 [圖鑑2 頁4#6]","≤ 123.9 kg","≥ 174.6 kg","1000 pt","","","https://pigfarmmix.net/png_h/03e3e13252adb926e796ced8fc43df1331408f8195521c86f8ec25da3105eb6720251013.png","","",""
"103","德島豬","https://pigfarmmix.net/#/pig/103","https://pigfarmmix.net/png_h/8e9bce3b56f878296627e0c01236f068ea738f09b9973e98c540661bfffcb64d20251013.png","https://pigfarmmix.net/png_h/03e3e13252adb926e796ced8fc43df1331408f8195521c86f8ec25da3105eb6720251013.png","不挑食","1","0 小時","58 分鐘","10 小時","https://pigfarmmix.net/png_h/a6752c7f9968b9961d0e91ae2083fce3f62ee7ac7f4c8d0a45c0a32bae70c8f620251013.png","肉色 [圖鑑1 頁5#3]","≤ 123.9 kg","≥ 173.3 kg","1500 pt","","","https://pigfarmmix.net/png_h/03e3e13252adb926e796ced8fc43df1331408f8195521c86f8ec25da3105eb6720251013.png","","",""
"104","西鄉豬","https://pigfarmmix.net/#/pig/104","https://pigfarmmix.net/png_h/5e08aea486ad676b8fe6be55f11991cfcff3c01f0284d41ee5276bf26d31806820251013.png","https://pigfarmmix.net/png_h/03e3e13252adb926e796ced8fc43df1331408f8195521c86f8ec25da3105eb6720251013.png","","4","0 小時","58 分鐘","12 小時","https://pigfarmmix.net/png_h/9fc1edfa8a25ba821f32de73ee24d6907de827874d33d8400a273fbe122ac58920251013.png","米色 [圖鑑3 頁4#4]","≤ 126.6 kg","≥ 161.3 kg","3500 pt","https://pigfarmmix.net/png_h/8634aa677090b5bfca798d786e8ef2e14d04de87c2335c7e4a7052c45d83ddd120251013.png","","https://pigfarmmix.net/png_h/03e3e13252adb926e796ced8fc43df1331408f8195521c86f8ec25da3105eb6720251013.png","https://pigfarmmix.net/png_h/03e3e13252adb926e796ced8fc43df1331408f8195521c86f8ec25da3105eb6720251013.png","",""
"105","卜沙豬","https://pigfarmmix.net/#/pig/105","https://pigfarmmix.net/png_h/429a1afb801309f3d6756469311c07ca08e7f7598ec4f09b9f0e8919826a1e6a20251013.png","https://pigfarmmix.net/png_h/03e3e13252adb926e796ced8fc43df1331408f8195521c86f8ec25da3105eb6720251013.png","","1","0 小時","58 分鐘","8 小時","https://pigfarmmix.net/png_h/9fc1edfa8a25ba821f32de73ee24d6907de827874d33d8400a273fbe122ac58920251013.png","米色 [圖鑑3 頁4#5]","≤ 123.9 kg","≥ 153.2 kg","1000 pt","https://pigfarmmix.net/png_h/8634aa677090b5bfca798d786e8ef2e14d04de87c2335c7e4a7052c45d83ddd120251013.png","","https://pigfarmmix.net/png_h/03e3e13252adb926e796ced8fc43df1331408f8195521c86f8ec25da3105eb6720251013.png","","",""
"106","豬豬","https://pigfarmmix.net/#/pig/106","https://pigfarmmix.net/png_h/c6bdcfb2645b13531e4ccd2ccae6295c99ae9016c9569b619d770eeaa84e60a020251013.png","https://pigfarmmix.net/png_h/03e3e13252adb926e796ced8fc43df1331408f8195521c86f8ec25da3105eb6720251013.png","不挑食","1","0 小時","58 分鐘","14 小時","https://pigfarmmix.net/png_h/a6752c7f9968b9961d0e91ae2083fce3f62ee7ac7f4c8d0a45c0a32bae70c8f620251013.png","肉色 [圖鑑1 頁5#4]","≤ 127.9 kg","≥ 190.8 kg","4000 pt","","","https://pigfarmmix.net/png_h/03e3e13252adb926e796ced8fc43df1331408f8195521c86f8ec25da3105eb6720251013.png","https://pigfarmmix.net/png_h/03e3e13252adb926e796ced8fc43df1331408f8195521c86f8ec25da3105eb6720251013.png","https://pigfarmmix.net/png_h/03e3e13252adb926e796ced8fc43df1331408f8195521c86f8ec25da3105eb6720251013.png",""
"107","豬屍","https://pigfarmmix.net/#/pig/107","https://pigfarmmix.net/png_h/4a35749dead95173e44e54902ccc33e6bfb66101608c02f0d232c084b242b31620251013.png","https://pigfarmmix.net/png_h/03e3e13252adb926e796ced8fc43df1331408f8195521c86f8ec25da3105eb6720251013.png","不挑食","1","0 小時","58 分鐘","8 小時","https://pigfarmmix.net/png_h/a68119aa8a6ceba07cf7cd15c2c4ea3a6f2a3313e58a78a2ec1216d15999fb8f20251013.png","白色 [圖鑑5 頁5#1]","≤ 123.9 kg","≥ 171.9 kg","1500 pt","","","https://pigfarmmix.net/png_h/03e3e13252adb926e796ced8fc43df1331408f8195521c86f8ec25da3105eb6720251013.png","","",""
"108","熊貓豬","https://pigfarmmix.net/#/pig/108","https://pigfarmmix.net/png_h/bdfa7d71a2ca5aa24f2089d1a3a15055cc8625b5c17cb6548ac050633549382120251013.png","https://pigfarmmix.net/png_h/03e3e13252adb926e796ced8fc43df1331408f8195521c86f8ec25da3105eb6720251013.png","不挑食","1","0 小時","58 分鐘","10 小時","https://pigfarmmix.net/png_h/a68119aa8a6ceba07cf7cd15c2c4ea3a6f2a3313e58a78a2ec1216d15999fb8f20251013.png","白色 [圖鑑5 頁4#1]","≤ 123.9 kg","≥ 182.3 kg","2500 pt","","","https://pigfarmmix.net/png_h/03e3e13252adb926e796ced8fc43df1331408f8195521c86f8ec25da3105eb6720251013.png","https://pigfarmmix.net/png_h/03e3e13252adb926e796ced8fc43df1331408f8195521c86f8ec25da3105eb6720251013.png","",""
"109","頭巾豬","https://pigfarmmix.net/#/pig/109","https://pigfarmmix.net/png_h/64d4f68d777b025a7ef81eeda0d4c39f69b6129279f7d283615700699e190ce820251013.png","https://pigfarmmix.net/png_h/03e3e13252adb926e796ced8fc43df1331408f8195521c86f8ec25da3105eb6720251013.png","","3","60 分鐘","1 小時","10 小時","https://pigfarmmix.net/png_h/9fc1edfa8a25ba821f32de73ee24d6907de827874d33d8400a273fbe122ac58920251013.png","米色 [圖鑑3 頁5#5]","≤ 125.7 kg","≥ 164.7 kg","2000 pt","https://pigfarmmix.net/png_h/a8c431ef04e348d579dbea87991cab0dadc22df86edf1920a8c8e76335bd820c20251013.png","","https://pigfarmmix.net/png_h/03e3e13252adb926e796ced8fc43df1331408f8195521c86f8ec25da3105eb6720251013.png","","",""
"110","吳哥窟豬","https://pigfarmmix.net/#/pig/110","https://pigfarmmix.net/png_h/58f2cabc24ce1ce1a9e1329a2290e37910e1ea91232367dc050e8dbc9c55289720251013.png","https://pigfarmmix.net/png_h/03e3e13252adb926e796ced8fc43df1331408f8195521c86f8ec25da3105eb6720251013.png","","3","60 分鐘","1 小時","24 小時","https://pigfarmmix.net/png_h/9fc1edfa8a25ba821f32de73ee24d6907de827874d33d8400a273fbe122ac58920251013.png","米色 [圖鑑3 頁5#6]","≤ 131.1 kg","≥ 186.1 kg","5000 pt","https://pigfarmmix.net/png_h/a8c431ef04e348d579dbea87991cab0dadc22df86edf1920a8c8e76335bd820c20251013.png","","https://pigfarmmix.net/png_h/03e3e13252adb926e796ced8fc43df1331408f8195521c86f8ec25da3105eb6720251013.png","https://pigfarmmix.net/png_h/03e3e13252adb926e796ced8fc43df1331408f8195521c86f8ec25da3105eb6720251013.png","https://pigfarmmix.net/png_h/03e3e13252adb926e796ced8fc43df1331408f8195521c86f8ec25da3105eb6720251013.png",""
"111","貝多芬豬","https://pigfarmmix.net/#/pig/111","https://pigfarmmix.net/png_h/18b8561b8c72ffa37484c6c54f5f90f2be1b3b739740120f83f1b82985174b6920251013.png","https://pigfarmmix.net/png_h/03e3e13252adb926e796ced8fc43df1331408f8195521c86f8ec25da3105eb6720251013.png","不挑食","1","0 小時","58 分鐘","8 小時","https://pigfarmmix.net/png_h/a6752c7f9968b9961d0e91ae2083fce3f62ee7ac7f4c8d0a45c0a32bae70c8f620251013.png","肉色 [圖鑑1 頁4#5]","≤ 123.9 kg","≥ 180.7 kg","2000 pt","","2.67%","https://pigfarmmix.net/png_h/03e3e13252adb926e796ced8fc43df1331408f8195521c86f8ec25da3105eb6720251013.png","https://pigfarmmix.net/png_h/03e3e13252adb926e796ced8fc43df1331408f8195521c86f8ec25da3105eb6720251013.png","",""
"112","真實之豬","https://pigfarmmix.net/#/pig/112","https://pigfarmmix.net/png_h/381bc568fe5baffa32856f957c27c9f2e995e4a3a98b3cee4ab0fc128fcbd7f820251013.png","https://pigfarmmix.net/png_h/03e3e13252adb926e796ced8fc43df1331408f8195521c86f8ec25da3105eb6720251013.png","不挑食","4","60 分鐘","1 小時","24 小時","https://pigfarmmix.net/png_h/97cbaccfa405480612d3bf7e152c0f7f8d8507099b5839dfa19df61f5181feec20251013.png","灰色 [圖鑑2 頁5#1]","≤ 130.6 kg","≥ 199.5 kg","4500 pt","","","https://pigfarmmix.net/png_h/03e3e13252adb926e796ced8fc43df1331408f8195521c86f8ec25da3105eb6720251013.png","https://pigfarmmix.net/png_h/03e3e13252adb926e796ced8fc43df1331408f8195521c86f8ec25da3105eb6720251013.png","https://pigfarmmix.net/png_h/03e3e13252adb926e796ced8fc43df1331408f8195521c86f8ec25da3105eb6720251013.png",""
"113","拉丁豬","https://pigfarmmix.net/#/pig/113","https://pigfarmmix.net/png_h/566115f316f9666540eb15fb1c350a7b5d3ba7b6d58e87c4afa3cd5c9dc73ff820251013.png","https://pigfarmmix.net/png_h/03e3e13252adb926e796ced8fc43df1331408f8195521c86f8ec25da3105eb6720251013.png","不挑食","3","0 小時","58 分鐘","16 小時","https://pigfarmmix.net/png_h/9fc1edfa8a25ba821f32de73ee24d6907de827874d33d8400a273fbe122ac58920251013.png","米色 [圖鑑3 頁4#6]","≤ 125.7 kg","≥ 187.0 kg","2000 pt","","2.67%","https://pigfarmmix.net/png_h/03e3e13252adb926e796ced8fc43df1331408f8195521c86f8ec25da3105eb6720251013.png","https://pigfarmmix.net/png_h/03e3e13252adb926e796ced8fc43df1331408f8195521c86f8ec25da3105eb6720251013.png","",""
"114","拿破崙豬","https://pigfarmmix.net/#/pig/114","https://pigfarmmix.net/png_h/82e40ebbcd9ecc6f77a7c8c50743c897c251ae54b7e2e9e44eca5d78d13f9d5320251013.png","https://pigfarmmix.net/png_h/03e3e13252adb926e796ced8fc43df1331408f8195521c86f8ec25da3105eb6720251013.png","不挑食","1","120 分鐘","2 小時","24 小時","https://pigfarmmix.net/png_h/a6752c7f9968b9961d0e91ae2083fce3f62ee7ac7f4c8d0a45c0a32bae70c8f620251013.png","肉色 [圖鑑1 頁5#5]","≤ 123.9 kg","≥ 168.2 kg","6000 pt","","","https://pigfarmmix.net/png_h/03e3e13252adb926e796ced8fc43df1331408f8195521c86f8ec25da3105eb6720251013.png","https://pigfarmmix.net/png_h/03e3e13252adb926e796ced8fc43df1331408f8195521c86f8ec25da3105eb6720251013.png","https://pigfarmmix.net/png_h/03e3e13252adb926e796ced8fc43df1331408f8195521c86f8ec25da3105eb6720251013.png",""
"115","倫敦豬","https://pigfarmmix.net/#/pig/115","https://pigfarmmix.net/png_h/8658e90c177a40e3c75de11c6d60794c189812c61076f7b7de438833c5f68a4020251013.png","https://pigfarmmix.net/png_h/03e3e13252adb926e796ced8fc43df1331408f8195521c86f8ec25da3105eb6720251013.png","不挑食","1","0 小時","58 分鐘","16 小時","https://pigfarmmix.net/png_h/a6752c7f9968b9961d0e91ae2083fce3f62ee7ac7f4c8d0a45c0a32bae70c8f620251013.png","肉色 [圖鑑1 頁5#6]","≤ 123.9 kg","≥ 177.4 kg","1000 pt","","","https://pigfarmmix.net/png_h/03e3e13252adb926e796ced8fc43df1331408f8195521c86f8ec25da3105eb6720251013.png","","",""
"116","紅龍豬","https://pigfarmmix.net/#/pig/116","https://pigfarmmix.net/png_h/669a20ff8ad71242c8005e52716ce336f7f7628bda13f260a2476df45336943a20251013.png","https://pigfarmmix.net/png_h/03e3e13252adb926e796ced8fc43df1331408f8195521c86f8ec25da3105eb6720251013.png","不挑食","6","0 小時","58 分鐘","32 小時","https://pigfarmmix.net/png_h/46827eaf3344f3d5d59295ae2c237b7ef05252fa01f7f38bb1e57ac062d9c15520251013.png","粉紅 [圖鑑4 頁3#2]","≤ 133.4 kg","≥ 213.3 kg","7500 pt","","","https://pigfarmmix.net/png_h/03e3e13252adb926e796ced8fc43df1331408f8195521c86f8ec25da3105eb6720251013.png","https://pigfarmmix.net/png_h/03e3e13252adb926e796ced8fc43df1331408f8195521c86f8ec25da3105eb6720251013.png","https://pigfarmmix.net/png_h/03e3e13252adb926e796ced8fc43df1331408f8195521c86f8ec25da3105eb6720251013.png","https://pigfarmmix.net/png_h/03e3e13252adb926e796ced8fc43df1331408f8195521c86f8ec25da3105eb6720251013.png"
"117","妖精豬","https://pigfarmmix.net/#/pig/117","https://pigfarmmix.net/png_h/688485a2b24d9c434c7c5ceb0875966ab3fdf3381ef9fca314a804393ae71c0c20251013.png","https://pigfarmmix.net/png_h/03e3e13252adb926e796ced8fc43df1331408f8195521c86f8ec25da3105eb6720251013.png","不挑食","1","0 小時","58 分鐘","6 小時","https://pigfarmmix.net/png_h/9fc1edfa8a25ba821f32de73ee24d6907de827874d33d8400a273fbe122ac58920251013.png","米色 [圖鑑3 頁5#1]","≤ 123.9 kg","≥ 170.5 kg","1000 pt","","","https://pigfarmmix.net/png_h/03e3e13252adb926e796ced8fc43df1331408f8195521c86f8ec25da3105eb6720251013.png","","",""
"118","蘇格蘭豬","https://pigfarmmix.net/#/pig/118","https://pigfarmmix.net/png_h/2e99ae2c5d509f10c84fbe134a4b9fbc81b67c4c437ee684184951baee19f94d20251013.png","https://pigfarmmix.net/png_h/03e3e13252adb926e796ced8fc43df1331408f8195521c86f8ec25da3105eb6720251013.png","不挑食","1","0 小時","58 分鐘","8 小時","https://pigfarmmix.net/png_h/46827eaf3344f3d5d59295ae2c237b7ef05252fa01f7f38bb1e57ac062d9c15520251013.png","粉紅 [圖鑑4 頁3#3]","≤ 123.9 kg","≥ 171.9 kg","1000 pt","","","https://pigfarmmix.net/png_h/03e3e13252adb926e796ced8fc43df1331408f8195521c86f8ec25da3105eb6720251013.png","","",""
"119","自由大豬","https://pigfarmmix.net/#/pig/119","https://pigfarmmix.net/png_h/4687351e91093a6394a6a9833e0c736972043283ebaad1444bcbfa49c6c0c31c20251013.png","https://pigfarmmix.net/png_h/03e3e13252adb926e796ced8fc43df1331408f8195521c86f8ec25da3105eb6720251013.png","不挑食","6","60 分鐘","1 小時","32 小時","https://pigfarmmix.net/png_h/9fc1edfa8a25ba821f32de73ee24d6907de827874d33d8400a273fbe122ac58920251013.png","米色 [圖鑑3 頁6#2]","≤ 132.4 kg","≥ 206.4 kg","5000 pt","","","https://pigfarmmix.net/png_h/03e3e13252adb926e796ced8fc43df1331408f8195521c86f8ec25da3105eb6720251013.png","https://pigfarmmix.net/png_h/03e3e13252adb926e796ced8fc43df1331408f8195521c86f8ec25da3105eb6720251013.png","https://pigfarmmix.net/png_h/03e3e13252adb926e796ced8fc43df1331408f8195521c86f8ec25da3105eb6720251013.png",""
"120","橄欖豬","https://pigfarmmix.net/#/pig/120","https://pigfarmmix.net/png_h/48e44e1bac2d3c33285c339fa0db125f37535b4a96049474689056683151d1fe20251013.png","https://pigfarmmix.net/png_h/03e3e13252adb926e796ced8fc43df1331408f8195521c86f8ec25da3105eb6720251013.png","不挑食","4","0 小時","58 分鐘","10 小時","https://pigfarmmix.net/png_h/9fc1edfa8a25ba821f32de73ee24d6907de827874d33d8400a273fbe122ac58920251013.png","米色 [圖鑑3 頁5#2]","≤ 126.6 kg","≥ 173.3 kg","1500 pt","","3.19%","https://pigfarmmix.net/png_h/03e3e13252adb926e796ced8fc43df1331408f8195521c86f8ec25da3105eb6720251013.png","","",""
"121","印第安豬","https://pigfarmmix.net/#/pig/121","https://pigfarmmix.net/png_h/86a424a56926eee6630e0a06f02c7765a3a8720bab435e0bb7d47b1663cf8a6b20251013.png","https://pigfarmmix.net/png_h/03e3e13252adb926e796ced8fc43df1331408f8195521c86f8ec25da3105eb6720251013.png","","3","0 小時","58 分鐘","18 小時","https://pigfarmmix.net/png_h/9fc1edfa8a25ba821f32de73ee24d6907de827874d33d8400a273fbe122ac58920251013.png","米色 [圖鑑3 頁6#3]","≤ 129.7 kg","≥ 182.0 kg","5000 pt","https://pigfarmmix.net/png_h/d48df30397ce33593ddd99a7039b689c0ca8147be77810da82091e7db2ac5ba720251013.png","","https://pigfarmmix.net/png_h/03e3e13252adb926e796ced8fc43df1331408f8195521c86f8ec25da3105eb6720251013.png","https://pigfarmmix.net/png_h/03e3e13252adb926e796ced8fc43df1331408f8195521c86f8ec25da3105eb6720251013.png","https://pigfarmmix.net/png_h/03e3e13252adb926e796ced8fc43df1331408f8195521c86f8ec25da3105eb6720251013.png",""
"122","牛仔豬","https://pigfarmmix.net/#/pig/122","https://pigfarmmix.net/png_h/40c226d743a382d1e6b868bbf37ed2c6dd1725b8bba81183c7ca15bbee37c00320251013.png","https://pigfarmmix.net/png_h/03e3e13252adb926e796ced8fc43df1331408f8195521c86f8ec25da3105eb6720251013.png","不挑食","1","0 小時","58 分鐘","12 小時","https://pigfarmmix.net/png_h/9fc1edfa8a25ba821f32de73ee24d6907de827874d33d8400a273fbe122ac58920251013.png","米色 [圖鑑3 頁6#4]","≤ 123.9 kg","≥ 174.6 kg","1000 pt","","","https://pigfarmmix.net/png_h/03e3e13252adb926e796ced8fc43df1331408f8195521c86f8ec25da3105eb6720251013.png","","",""
"123","名流豬","https://pigfarmmix.net/#/pig/123","https://pigfarmmix.net/png_h/e0d2e23df6654073d5c60ef05fc0ec34eefb0c27d4eea3120b92199c53280b3420251013.png","https://pigfarmmix.net/png_h/03e3e13252adb926e796ced8fc43df1331408f8195521c86f8ec25da3105eb6720251013.png","","5","0 小時","58 分鐘","16 小時","https://pigfarmmix.net/png_h/a6752c7f9968b9961d0e91ae2083fce3f62ee7ac7f4c8d0a45c0a32bae70c8f620251013.png","肉色 [圖鑑1 頁4#6]","≤ 134.9 kg","≥ 187.2 kg","5000 pt","https://pigfarmmix.net/png_h/1083a39a293067c36e6e25b013d3a87904536ffef5349212d9a97fae8ca2b74420251013.png","1.15%","https://pigfarmmix.net/png_h/03e3e13252adb926e796ced8fc43df1331408f8195521c86f8ec25da3105eb6720251013.png","https://pigfarmmix.net/png_h/03e3e13252adb926e796ced8fc43df1331408f8195521c86f8ec25da3105eb6720251013.png","https://pigfarmmix.net/png_h/03e3e13252adb926e796ced8fc43df1331408f8195521c86f8ec25da3105eb6720251013.png",""
"124","休斯頓豬","https://pigfarmmix.net/#/pig/124","https://pigfarmmix.net/png_h/e3a5723273bed43147066da944724d37dc022f1793c0a95ea3e22ae62d6835b520251013.png","https://pigfarmmix.net/png_h/03e3e13252adb926e796ced8fc43df1331408f8195521c86f8ec25da3105eb6720251013.png","不挑食","1","0 小時","58 分鐘","4 小時","https://pigfarmmix.net/png_h/a6752c7f9968b9961d0e91ae2083fce3f62ee7ac7f4c8d0a45c0a32bae70c8f620251013.png","肉色 [圖鑑1 頁6#2]","≤ 123.9 kg","≥ 169.1 kg","1000 pt","","","https://pigfarmmix.net/png_h/03e3e13252adb926e796ced8fc43df1331408f8195521c86f8ec25da3105eb6720251013.png","","",""
"125","美國/龍蝦豬","https://pigfarmmix.net/#/pig/125","https://pigfarmmix.net/png_h/bfe408d1f1a6b020b2e6f077f5042df592d4066c43738c89079746258d9f311b20251013.png","https://pigfarmmix.net/png_h/03e3e13252adb926e796ced8fc43df1331408f8195521c86f8ec25da3105eb6720251013.png","不挑食","1","0 小時","58 分鐘","4 小時","https://pigfarmmix.net/png_h/a6752c7f9968b9961d0e91ae2083fce3f62ee7ac7f4c8d0a45c0a32bae70c8f620251013.png","肉色 [圖鑑1 頁5#1]","≤ 123.9 kg","≥ 169.1 kg","1000 pt","","","https://pigfarmmix.net/png_h/03e3e13252adb926e796ced8fc43df1331408f8195521c86f8ec25da3105eb6720251013.png","","",""
"126","捲髮豬","https://pigfarmmix.net/#/pig/126","https://pigfarmmix.net/png_h/ee12fce8ee0915d9c5401663e7314871674b62a0051cc8087fc9bc2e1b97b96220251013.png","https://pigfarmmix.net/png_h/03e3e13252adb926e796ced8fc43df1331408f8195521c86f8ec25da3105eb6720251013.png","","3","60 分鐘","1 小時","10 小時","https://pigfarmmix.net/png_h/9fc1edfa8a25ba821f32de73ee24d6907de827874d33d8400a273fbe122ac58920251013.png","米色 [圖鑑3 頁5#3]","≤ 125.7 kg","≥ 164.7 kg","1000 pt","https://pigfarmmix.net/png_h/a7c17665173739b203d7fab5046bd82964e973f62b1c34834f032ecb6c99fff520251013.png","","https://pigfarmmix.net/png_h/03e3e13252adb926e796ced8fc43df1331408f8195521c86f8ec25da3105eb6720251013.png","","",""
"127","狩獵豬","https://pigfarmmix.net/#/pig/127","https://pigfarmmix.net/png_h/24908dc34f224bf1f7951e1049d39bb253ff0048b3248c12789cc31243fb481520251013.png","https://pigfarmmix.net/png_h/03e3e13252adb926e796ced8fc43df1331408f8195521c86f8ec25da3105eb6720251013.png","不挑食","2","0 小時","58 分鐘","16 小時","https://pigfarmmix.net/png_h/9fc1edfa8a25ba821f32de73ee24d6907de827874d33d8400a273fbe122ac58920251013.png","米色 [圖鑑3 頁6#5]","≤ 128.8 kg","≥ 192.5 kg","4500 pt","","","https://pigfarmmix.net/png_h/03e3e13252adb926e796ced8fc43df1331408f8195521c86f8ec25da3105eb6720251013.png","https://pigfarmmix.net/png_h/03e3e13252adb926e796ced8fc43df1331408f8195521c86f8ec25da3105eb6720251013.png","https://pigfarmmix.net/png_h/03e3e13252adb926e796ced8fc43df1331408f8195521c86f8ec25da3105eb6720251013.png",""
"128","羊豬","https://pigfarmmix.net/#/pig/128","https://pigfarmmix.net/png_h/e558b552489c1d0b460babb31fd15a44a4fb8cf8532f09a371c43e9c1b62a76e20251013.png","https://pigfarmmix.net/png_h/03e3e13252adb926e796ced8fc43df1331408f8195521c86f8ec25da3105eb6720251013.png","","3","0 小時","58 分鐘","12 小時","https://pigfarmmix.net/png_h/a68119aa8a6ceba07cf7cd15c2c4ea3a6f2a3313e58a78a2ec1216d15999fb8f20251013.png","白色 [圖鑑5 頁5#4]","≤ 125.7 kg","≥ 154.6 kg","1500 pt","https://pigfarmmix.net/png_h/a7c17665173739b203d7fab5046bd82964e973f62b1c34834f032ecb6c99fff520251013.png","","https://pigfarmmix.net/png_h/03e3e13252adb926e796ced8fc43df1331408f8195521c86f8ec25da3105eb6720251013.png","","",""
"129","拉口木豬","https://pigfarmmix.net/#/pig/129","https://pigfarmmix.net/png_h/b39f25ad5706dd853a45d4bde1139f9ed852fd9849083b8ac9160c08b546ce0f20251013.png","https://pigfarmmix.net/png_h/03e3e13252adb926e796ced8fc43df1331408f8195521c86f8ec25da3105eb6720251013.png","不挑食","1","0 小時","58 分鐘","8 小時","https://pigfarmmix.net/png_h/a68119aa8a6ceba07cf7cd15c2c4ea3a6f2a3313e58a78a2ec1216d15999fb8f20251013.png","白色 [圖鑑5 頁4#2]","≤ 123.9 kg","≥ 185.6 kg","5000 pt","","","https://pigfarmmix.net/png_h/03e3e13252adb926e796ced8fc43df1331408f8195521c86f8ec25da3105eb6720251013.png","https://pigfarmmix.net/png_h/03e3e13252adb926e796ced8fc43df1331408f8195521c86f8ec25da3105eb6720251013.png","https://pigfarmmix.net/png_h/03e3e13252adb926e796ced8fc43df1331408f8195521c86f8ec25da3105eb6720251013.png",""
"130","西班牙短鼻豬","https://pigfarmmix.net/#/pig/130","https://pigfarmmix.net/png_h/050ecc433cc03bd20e544930b0152dcf85195e8770582aef443a0ebb4744382d20251013.png","https://pigfarmmix.net/png_h/03e3e13252adb926e796ced8fc43df1331408f8195521c86f8ec25da3105eb6720251013.png","不挑食","1","0 小時","58 分鐘","12 小時","https://pigfarmmix.net/png_h/97cbaccfa405480612d3bf7e152c0f7f8d8507099b5839dfa19df61f5181feec20251013.png","灰色 [圖鑑2 頁5#2]","≤ 123.9 kg","≥ 183.8 kg","2500 pt","","2.67%","https://pigfarmmix.net/png_h/03e3e13252adb926e796ced8fc43df1331408f8195521c86f8ec25da3105eb6720251013.png","https://pigfarmmix.net/png_h/03e3e13252adb926e796ced8fc43df1331408f8195521c86f8ec25da3105eb6720251013.png","",""
"131","坎伯蘭豬","https://pigfarmmix.net/#/pig/131","https://pigfarmmix.net/png_h/ceb0c78c98a257d1c33e316461f5f3d22299b8b1f7177e62fd5ecc2d51042a7620251013.png","https://pigfarmmix.net/png_h/03e3e13252adb926e796ced8fc43df1331408f8195521c86f8ec25da3105eb6720251013.png","不挑食","6","60 分鐘","1 小時","40 小時","https://pigfarmmix.net/png_h/a68119aa8a6ceba07cf7cd15c2c4ea3a6f2a3313e58a78a2ec1216d15999fb8f20251013.png","白色 [圖鑑5 頁4#3]","≤ 133.4 kg","≥ 221.0 kg","9000 pt","","0.30%","https://pigfarmmix.net/png_h/03e3e13252adb926e796ced8fc43df1331408f8195521c86f8ec25da3105eb6720251013.png","https://pigfarmmix.net/png_h/03e3e13252adb926e796ced8fc43df1331408f8195521c86f8ec25da3105eb6720251013.png","https://pigfarmmix.net/png_h/03e3e13252adb926e796ced8fc43df1331408f8195521c86f8ec25da3105eb6720251013.png","https://pigfarmmix.net/png_h/03e3e13252adb926e796ced8fc43df1331408f8195521c86f8ec25da3105eb6720251013.png"
"132","米爾格蘭德豬","https://pigfarmmix.net/#/pig/132","https://pigfarmmix.net/png_h/a64d58cd11d4d9df1255c9662124acc61b0e305381d3338024846c3beeb048ed20251013.png","https://pigfarmmix.net/png_h/03e3e13252adb926e796ced8fc43df1331408f8195521c86f8ec25da3105eb6720251013.png","","1","0 小時","58 分鐘","6 小時","https://pigfarmmix.net/png_h/a68119aa8a6ceba07cf7cd15c2c4ea3a6f2a3313e58a78a2ec1216d15999fb8f20251013.png","白色 [圖鑑5 頁4#4]","≤ 123.9 kg","≥ 152.4 kg","1800 pt","https://pigfarmmix.net/png_h/a7c17665173739b203d7fab5046bd82964e973f62b1c34834f032ecb6c99fff520251013.png","3.19%","https://pigfarmmix.net/png_h/03e3e13252adb926e796ced8fc43df1331408f8195521c86f8ec25da3105eb6720251013.png","","",""
"133","愛麗榭/科雷薩","https://pigfarmmix.net/#/pig/133","https://pigfarmmix.net/png_h/fa56d2f7c11d21f3f8bc368ebd1533e1f15a2fc9728d95a30759550abc0eba1820251013.png","https://pigfarmmix.net/png_h/03e3e13252adb926e796ced8fc43df1331408f8195521c86f8ec25da3105eb6720251013.png","不挑食","3","0 小時","58 分鐘","24 小時","https://pigfarmmix.net/png_h/9fc1edfa8a25ba821f32de73ee24d6907de827874d33d8400a273fbe122ac58920251013.png","米色 [圖鑑3 頁5#4]","≤ 129.7 kg","≥ 199.5 kg","5500 pt","","1.15%","https://pigfarmmix.net/png_h/03e3e13252adb926e796ced8fc43df1331408f8195521c86f8ec25da3105eb6720251013.png","https://pigfarmmix.net/png_h/03e3e13252adb926e796ced8fc43df1331408f8195521c86f8ec25da3105eb6720251013.png","https://pigfarmmix.net/png_h/03e3e13252adb926e796ced8fc43df1331408f8195521c86f8ec25da3105eb6720251013.png",""
"134","林肯榭/凱里寇特","https://pigfarmmix.net/#/pig/134","https://pigfarmmix.net/png_h/db3cb6f0fe9bff7fe34802f61b7a85318868ef2b34868330b35372a982b4813820251013.png","https://pigfarmmix.net/png_h/03e3e13252adb926e796ced8fc43df1331408f8195521c86f8ec25da3105eb6720251013.png","不挑食","4","120 分鐘","2 小時","24 小時","https://pigfarmmix.net/png_h/a68119aa8a6ceba07cf7cd15c2c4ea3a6f2a3313e58a78a2ec1216d15999fb8f20251013.png","白色 [圖鑑5 頁4#5]","≤ 131.6 kg","≥ 171.4 kg","10000 pt","","0.30%","https://pigfarmmix.net/png_h/03e3e13252adb926e796ced8fc43df1331408f8195521c86f8ec25da3105eb6720251013.png","https://pigfarmmix.net/png_h/03e3e13252adb926e796ced8fc43df1331408f8195521c86f8ec25da3105eb6720251013.png","https://pigfarmmix.net/png_h/03e3e13252adb926e796ced8fc43df1331408f8195521c86f8ec25da3105eb6720251013.png","https://pigfarmmix.net/png_h/03e3e13252adb926e796ced8fc43df1331408f8195521c86f8ec25da3105eb6720251013.png"
"135","奧璐德/英國","https://pigfarmmix.net/#/pig/135","https://pigfarmmix.net/png_h/b8bb280bbf3b839c03bcd7daec598e22e46e78712b2babd46ecb8581f414ddf620251013.png","https://pigfarmmix.net/png_h/03e3e13252adb926e796ced8fc43df1331408f8195521c86f8ec25da3105eb6720251013.png","不挑食","2","60 分鐘","1 小時","18 小時","https://pigfarmmix.net/png_h/97cbaccfa405480612d3bf7e152c0f7f8d8507099b5839dfa19df61f5181feec20251013.png","灰色 [圖鑑2 頁5#3]","≤ 124.8 kg","≥ 188.5 kg","2000 pt","","2.67%","https://pigfarmmix.net/png_h/03e3e13252adb926e796ced8fc43df1331408f8195521c86f8ec25da3105eb6720251013.png","https://pigfarmmix.net/png_h/03e3e13252adb926e796ced8fc43df1331408f8195521c86f8ec25da3105eb6720251013.png","",""
"136","拿坡里豬","https://pigfarmmix.net/#/pig/136","https://pigfarmmix.net/png_h/546d0d9b61b7cb87097bd3a375f3d83ffe6cf639072f062c9f4f66fc91ad1bec20251013.png","https://pigfarmmix.net/png_h/03e3e13252adb926e796ced8fc43df1331408f8195521c86f8ec25da3105eb6720251013.png","不挑食","5","60 分鐘","1 小時","24 小時","https://pigfarmmix.net/png_h/97cbaccfa405480612d3bf7e152c0f7f8d8507099b5839dfa19df61f5181feec20251013.png","灰色 [圖鑑2 頁5#4]","≤ 131.5 kg","≥ 199.5 kg","4500 pt","","1.15%","https://pigfarmmix.net/png_h/03e3e13252adb926e796ced8fc43df1331408f8195521c86f8ec25da3105eb6720251013.png","https://pigfarmmix.net/png_h/03e3e13252adb926e796ced8fc43df1331408f8195521c86f8ec25da3105eb6720251013.png","https://pigfarmmix.net/png_h/03e3e13252adb926e796ced8fc43df1331408f8195521c86f8ec25da3105eb6720251013.png",""
"137","埃塞克斯豬","https://pigfarmmix.net/#/pig/137","https://pigfarmmix.net/png_h/370302f45265a30f73b3c71825932f5dfd98e59a9aba2736d952ec30bb64ae4920251013.png","https://pigfarmmix.net/png_h/03e3e13252adb926e796ced8fc43df1331408f8195521c86f8ec25da3105eb6720251013.png","不挑食","3","60 分鐘","1 小時","24 小時","https://pigfarmmix.net/png_h/97cbaccfa405480612d3bf7e152c0f7f8d8507099b5839dfa19df61f5181feec20251013.png","灰色 [圖鑑2 頁5#5]","≤ 125.7 kg","≥ 193.2 kg","2000 pt","","2.67%","https://pigfarmmix.net/png_h/03e3e13252adb926e796ced8fc43df1331408f8195521c86f8ec25da3105eb6720251013.png","https://pigfarmmix.net/png_h/03e3e13252adb926e796ced8fc43df1331408f8195521c86f8ec25da3105eb6720251013.png","",""
"138","衛塞克斯豬/鞍背","https://pigfarmmix.net/#/pig/138","https://pigfarmmix.net/png_h/47d82e327d423b27522ac22d7617e6c9bfa1cda13f1e85d7f826ab9de602535a20251013.png","https://pigfarmmix.net/png_h/03e3e13252adb926e796ced8fc43df1331408f8195521c86f8ec25da3105eb6720251013.png","","3","120 分鐘","2 小時","32 小時","https://pigfarmmix.net/png_h/97cbaccfa405480612d3bf7e152c0f7f8d8507099b5839dfa19df61f5181feec20251013.png","灰色 [圖鑑2 頁5#6]","≤ 131.1 kg","≥ 164.3 kg","5500 pt","https://pigfarmmix.net/png_h/0aeaee22846aee8ef0429da1face05360c1fdfd8de57e07bebb2741e67f15e6220251013.png","","https://pigfarmmix.net/png_h/03e3e13252adb926e796ced8fc43df1331408f8195521c86f8ec25da3105eb6720251013.png","https://pigfarmmix.net/png_h/03e3e13252adb926e796ced8fc43df1331408f8195521c86f8ec25da3105eb6720251013.png","https://pigfarmmix.net/png_h/03e3e13252adb926e796ced8fc43df1331408f8195521c86f8ec25da3105eb6720251013.png",""
"139","榮昌豬","https://pigfarmmix.net/#/pig/139","https://pigfarmmix.net/png_h/c80e5857eb6fb85cb721ddaf3cb5cb19350d13e77efdeac3cc12cc696297e2dd20251013.png","https://pigfarmmix.net/png_h/03e3e13252adb926e796ced8fc43df1331408f8195521c86f8ec25da3105eb6720251013.png","","3","120 分鐘","2 小時","24 小時","https://pigfarmmix.net/png_h/a68119aa8a6ceba07cf7cd15c2c4ea3a6f2a3313e58a78a2ec1216d15999fb8f20251013.png","白色 [圖鑑5 頁4#6]","≤ 125.7 kg","≥ 146.0 kg","1600 pt","https://pigfarmmix.net/png_h/a7c17665173739b203d7fab5046bd82964e973f62b1c34834f032ecb6c99fff520251013.png","3.19%","https://pigfarmmix.net/png_h/03e3e13252adb926e796ced8fc43df1331408f8195521c86f8ec25da3105eb6720251013.png","","",""
"140","桃園豬","https://pigfarmmix.net/#/pig/140","https://pigfarmmix.net/png_h/38f23df84d45defeea72cbdee72b81b7a6dc5de88304d046265073e6d401ee1520251013.png","https://pigfarmmix.net/png_h/03e3e13252adb926e796ced8fc43df1331408f8195521c86f8ec25da3105eb6720251013.png","不挑食","1","0 小時","58 分鐘","16 小時","https://pigfarmmix.net/png_h/97cbaccfa405480612d3bf7e152c0f7f8d8507099b5839dfa19df61f5181feec20251013.png","灰色 [圖鑑2 頁6#1]","≤ 123.9 kg","≥ 187.0 kg","2000 pt","","2.67%","https://pigfarmmix.net/png_h/03e3e13252adb926e796ced8fc43df1331408f8195521c86f8ec25da3105eb6720251013.png","https://pigfarmmix.net/png_h/03e3e13252adb926e796ced8fc43df1331408f8195521c86f8ec25da3105eb6720251013.png","",""
"141","中國雜種豬","https://pigfarmmix.net/#/pig/141","https://pigfarmmix.net/png_h/058d0b3176d445a985e8d8033b20cb933028e28786a146c7aade76306f904a6920251013.png","https://pigfarmmix.net/png_h/03e3e13252adb926e796ced8fc43df1331408f8195521c86f8ec25da3105eb6720251013.png","不挑食","1","0 小時","58 分鐘","12 小時","https://pigfarmmix.net/png_h/97cbaccfa405480612d3bf7e152c0f7f8d8507099b5839dfa19df61f5181feec20251013.png","灰色 [圖鑑2 頁6#2]","≤ 123.9 kg","≥ 165.4 kg","1000 pt","","","","","",""
"142","社畜豬","https://pigfarmmix.net/#/pig/142","https://pigfarmmix.net/png_h/487a313ab676e6f76152ee9a3e96e0d0e206d9c90c0c36f9cf99133e1545ece620251013.png","https://pigfarmmix.net/png_h/03e3e13252adb926e796ced8fc43df1331408f8195521c86f8ec25da3105eb6720251013.png","不挑食","1","0 小時","58 分鐘","32 小時","https://pigfarmmix.net/png_h/fba863d430ef2014977f3bff49cbd77963ae374b55e35aa7696cba0a15b163db20251013.png","特別 [圖鑑6 頁1#3]","≤ 123.9 kg","≥ 199.5 kg","3000 pt","","","https://pigfarmmix.net/png_h/03e3e13252adb926e796ced8fc43df1331408f8195521c86f8ec25da3105eb6720251013.png","https://pigfarmmix.net/png_h/03e3e13252adb926e796ced8fc43df1331408f8195521c86f8ec25da3105eb6720251013.png","",""
"143","精英豬","https://pigfarmmix.net/#/pig/143","https://pigfarmmix.net/png_h/d5a8162f943458602cbb31da94b15113d80d716f3c95d247e86498af6ee0705d20251013.png","https://pigfarmmix.net/png_h/03e3e13252adb926e796ced8fc43df1331408f8195521c86f8ec25da3105eb6720251013.png","不挑食","10","60 分鐘","1 小時","32 小時","https://pigfarmmix.net/png_h/fba863d430ef2014977f3bff49cbd77963ae374b55e35aa7696cba0a15b163db20251013.png","特別 [圖鑑6 頁1#4]","≤ 175.0 kg","≥ 206.4 kg","5000 pt","","","https://pigfarmmix.net/png_h/03e3e13252adb926e796ced8fc43df1331408f8195521c86f8ec25da3105eb6720251013.png","https://pigfarmmix.net/png_h/03e3e13252adb926e796ced8fc43df1331408f8195521c86f8ec25da3105eb6720251013.png","https://pigfarmmix.net/png_h/03e3e13252adb926e796ced8fc43df1331408f8195521c86f8ec25da3105eb6720251013.png",""
"144","堂吉訶德","https://pigfarmmix.net/#/pig/144","https://pigfarmmix.net/png_h/71befadce2fc510f44bb154b90758082069f8c838e1d4db2ec7a26dfd06d8ab520251013.png","https://pigfarmmix.net/png_h/03e3e13252adb926e796ced8fc43df1331408f8195521c86f8ec25da3105eb6720251013.png","","4","0 小時","58 分鐘","24 小時","https://pigfarmmix.net/png_h/a6752c7f9968b9961d0e91ae2083fce3f62ee7ac7f4c8d0a45c0a32bae70c8f620251013.png","肉色 [圖鑑1 頁6#1]","≤ 132.5 kg","≥ 196.0 kg","3500 pt","https://pigfarmmix.net/png_h/a8c431ef04e348d579dbea87991cab0dadc22df86edf1920a8c8e76335bd820c20251013.png","1.15%","https://pigfarmmix.net/png_h/03e3e13252adb926e796ced8fc43df1331408f8195521c86f8ec25da3105eb6720251013.png","https://pigfarmmix.net/png_h/03e3e13252adb926e796ced8fc43df1331408f8195521c86f8ec25da3105eb6720251013.png","https://pigfarmmix.net/png_h/03e3e13252adb926e796ced8fc43df1331408f8195521c86f8ec25da3105eb6720251013.png",""
"145","埃及豬","https://pigfarmmix.net/#/pig/145","https://pigfarmmix.net/png_h/c0f9d29aa9e855e6536221e319591ee856a0745a6c58f50af8d648b76e14d95b20251013.png","https://pigfarmmix.net/png_h/03e3e13252adb926e796ced8fc43df1331408f8195521c86f8ec25da3105eb6720251013.png","","5","60 分鐘","1 小時","32 小時","https://pigfarmmix.net/png_h/a68119aa8a6ceba07cf7cd15c2c4ea3a6f2a3313e58a78a2ec1216d15999fb8f20251013.png","白色 [圖鑑5 頁5#2]","≤ 135.9 kg","≥ 212.4 kg","10000 pt","https://pigfarmmix.net/png_h/1083a39a293067c36e6e25b013d3a87904536ffef5349212d9a97fae8ca2b74420251013.png","","https://pigfarmmix.net/png_h/03e3e13252adb926e796ced8fc43df1331408f8195521c86f8ec25da3105eb6720251013.png","https://pigfarmmix.net/png_h/03e3e13252adb926e796ced8fc43df1331408f8195521c86f8ec25da3105eb6720251013.png","https://pigfarmmix.net/png_h/03e3e13252adb926e796ced8fc43df1331408f8195521c86f8ec25da3105eb6720251013.png","https://pigfarmmix.net/png_h/03e3e13252adb926e796ced8fc43df1331408f8195521c86f8ec25da3105eb6720251013.png"
"146","蘿莉豬","https://pigfarmmix.net/#/pig/146","https://pigfarmmix.net/png_h/64a965b3f33de2c73b508e9562d477b62e43aad7ebafba8a1715f5305a269bff20251013.png","https://pigfarmmix.net/png_h/03e3e13252adb926e796ced8fc43df1331408f8195521c86f8ec25da3105eb6720251013.png","不挑食","3","0 小時","58 分鐘","12 小時","https://pigfarmmix.net/png_h/46827eaf3344f3d5d59295ae2c237b7ef05252fa01f7f38bb1e57ac062d9c15520251013.png","粉紅 [圖鑑4 頁3#4]","≤ 125.7 kg","≥ 186.1 kg","3000 pt","","2.67%","https://pigfarmmix.net/png_h/03e3e13252adb926e796ced8fc43df1331408f8195521c86f8ec25da3105eb6720251013.png","https://pigfarmmix.net/png_h/03e3e13252adb926e796ced8fc43df1331408f8195521c86f8ec25da3105eb6720251013.png","",""
"147","衝浪豬","https://pigfarmmix.net/#/pig/147","https://pigfarmmix.net/png_h/faff2215b60545f9c5e3731276febc71c060803b8a147f9c510bf29eff8e801320251013.png","https://pigfarmmix.net/png_h/03e3e13252adb926e796ced8fc43df1331408f8195521c86f8ec25da3105eb6720251013.png","不挑食","1","0 小時","58 分鐘","12 小時","https://pigfarmmix.net/png_h/9fc1edfa8a25ba821f32de73ee24d6907de827874d33d8400a273fbe122ac58920251013.png","米色 [圖鑑3 頁6#1]","≤ 123.9 kg","≥ 186.1 kg","2500 pt","","2.67%","https://pigfarmmix.net/png_h/03e3e13252adb926e796ced8fc43df1331408f8195521c86f8ec25da3105eb6720251013.png","https://pigfarmmix.net/png_h/03e3e13252adb926e796ced8fc43df1331408f8195521c86f8ec25da3105eb6720251013.png","",""
"148","水桶豬","https://pigfarmmix.net/#/pig/148","https://pigfarmmix.net/png_h/ea6c57963bc63263f01c53d4b9dbbb1d81654821d3985cc654f1e8eff73bc5f620251013.png","https://pigfarmmix.net/png_h/03e3e13252adb926e796ced8fc43df1331408f8195521c86f8ec25da3105eb6720251013.png","不挑食","1","0 小時","58 分鐘","6 小時","https://pigfarmmix.net/png_h/a68119aa8a6ceba07cf7cd15c2c4ea3a6f2a3313e58a78a2ec1216d15999fb8f20251013.png","白色 [圖鑑5 頁5#3]","≤ 123.9 kg","≥ 173.2 kg","800 pt","","3.48%","","","",""
"149","竹豬","https://pigfarmmix.net/#/pig/149","https://pigfarmmix.net/png_h/8132ab62be6ca8d66831bbd12fb3806d7f1c95f3f9b8d0db44e3b381f4fd87e820251013.png","https://pigfarmmix.net/png_h/03e3e13252adb926e796ced8fc43df1331408f8195521c86f8ec25da3105eb6720251013.png","不挑食","1","0 小時","58 分鐘","8 小時","https://pigfarmmix.net/png_h/46827eaf3344f3d5d59295ae2c237b7ef05252fa01f7f38bb1e57ac062d9c15520251013.png","粉紅 [圖鑑4 頁3#5]","≤ 123.9 kg","≥ 178.9 kg","1000 pt","","3.19%","https://pigfarmmix.net/png_h/03e3e13252adb926e796ced8fc43df1331408f8195521c86f8ec25da3105eb6720251013.png","","",""
"150","重金屬","https://pigfarmmix.net/#/pig/150","https://pigfarmmix.net/png_h/088f046e67bb4cf2c7db4590f78017d3cbb363a0bb5abbbce102cc53968ea1f720251013.png","https://pigfarmmix.net/png_h/03e3e13252adb926e796ced8fc43df1331408f8195521c86f8ec25da3105eb6720251013.png","不挑食","3","0 小時","58 分鐘","16 小時","https://pigfarmmix.net/png_h/97cbaccfa405480612d3bf7e152c0f7f8d8507099b5839dfa19df61f5181feec20251013.png","灰色 [圖鑑2 頁6#4]","≤ 125.7 kg","≥ 189.4 kg","3000 pt","","","https://pigfarmmix.net/png_h/03e3e13252adb926e796ced8fc43df1331408f8195521c86f8ec25da3105eb6720251013.png","https://pigfarmmix.net/png_h/03e3e13252adb926e796ced8fc43df1331408f8195521c86f8ec25da3105eb6720251013.png","",""
"151","鹿豬","https://pigfarmmix.net/#/pig/151","https://pigfarmmix.net/png_h/df2df8cb6b4bc7b8e1155aac1d60e9e7fc8d9b5554bd2f5c9b39c7278086d3b820251013.png","https://pigfarmmix.net/png_h/03e3e13252adb926e796ced8fc43df1331408f8195521c86f8ec25da3105eb6720251013.png","不挑食","1","120 分鐘","2 小時","32 小時","https://pigfarmmix.net/png_h/5cc4703739fecdb1f2d66e5c9a3400a2ee17eea21b0811fc4ebe12e9cca53d0420251013.png","特別 [圖鑑6 頁2#1]","≤ 128.9 kg","≥ 169.8 kg","9000 pt","","","https://pigfarmmix.net/png_h/03e3e13252adb926e796ced8fc43df1331408f8195521c86f8ec25da3105eb6720251013.png","https://pigfarmmix.net/png_h/03e3e13252adb926e796ced8fc43df1331408f8195521c86f8ec25da3105eb6720251013.png","https://pigfarmmix.net/png_h/03e3e13252adb926e796ced8fc43df1331408f8195521c86f8ec25da3105eb6720251013.png","https://pigfarmmix.net/png_h/03e3e13252adb926e796ced8fc43df1331408f8195521c86f8ec25da3105eb6720251013.png"
"152","哥特豬","https://pigfarmmix.net/#/pig/152","https://pigfarmmix.net/png_h/5d38c62976ba1b3f2ad6275880164bfbab6b553df55060e637834042754b68d020251013.png","https://pigfarmmix.net/png_h/03e3e13252adb926e796ced8fc43df1331408f8195521c86f8ec25da3105eb6720251013.png","不挑食","3","60 分鐘","1 小時","12 小時","https://pigfarmmix.net/png_h/a68119aa8a6ceba07cf7cd15c2c4ea3a6f2a3313e58a78a2ec1216d15999fb8f20251013.png","白色 [圖鑑5 頁5#5]","≤ 125.7 kg","≥ 186.1 kg","3000 pt","","2.67%","https://pigfarmmix.net/png_h/03e3e13252adb926e796ced8fc43df1331408f8195521c86f8ec25da3105eb6720251013.png","https://pigfarmmix.net/png_h/03e3e13252adb926e796ced8fc43df1331408f8195521c86f8ec25da3105eb6720251013.png","",""
"153","甜點豬","https://pigfarmmix.net/#/pig/153","https://pigfarmmix.net/png_h/4f7ff143f44e1620eb2c0548f4f6b424fd3fb4bc9c6ed31334922e3b6f98db8520251013.png","https://pigfarmmix.net/png_h/03e3e13252adb926e796ced8fc43df1331408f8195521c86f8ec25da3105eb6720251013.png","不挑食","6","0 小時","58 分鐘","24 小時","https://pigfarmmix.net/png_h/46827eaf3344f3d5d59295ae2c237b7ef05252fa01f7f38bb1e57ac062d9c15520251013.png","粉紅 [圖鑑4 頁3#6]","≤ 128.4 kg","≥ 186.1 kg","2000 pt","","","https://pigfarmmix.net/png_h/03e3e13252adb926e796ced8fc43df1331408f8195521c86f8ec25da3105eb6720251013.png","https://pigfarmmix.net/png_h/03e3e13252adb926e796ced8fc43df1331408f8195521c86f8ec25da3105eb6720251013.png","",""
"154","寶貝豬","https://pigfarmmix.net/#/pig/154","https://pigfarmmix.net/png_h/bd01aaad68c919f0eb1f289782ad32f6b7345dde98ea34453bd6ca2449a1c1d820251013.png","https://pigfarmmix.net/png_h/03e3e13252adb926e796ced8fc43df1331408f8195521c86f8ec25da3105eb6720251013.png","不挑食","3","0 小時","58 分鐘","18 小時","https://pigfarmmix.net/png_h/a6752c7f9968b9961d0e91ae2083fce3f62ee7ac7f4c8d0a45c0a32bae70c8f620251013.png","肉色 [圖鑑1 頁6#3]","≤ 125.7 kg","≥ 173.5 kg","1800 pt","","3.19%","https://pigfarmmix.net/png_h/03e3e13252adb926e796ced8fc43df1331408f8195521c86f8ec25da3105eb6720251013.png","","",""
"155","怪盜豬","https://pigfarmmix.net/#/pig/155","https://pigfarmmix.net/png_h/280aa3e716cb0e8e19ed1a3fea969fb78de49b1ebaf2e4cef566dd4288cd0f3e20251013.png","https://pigfarmmix.net/png_h/03e3e13252adb926e796ced8fc43df1331408f8195521c86f8ec25da3105eb6720251013.png","","5","60 分鐘","1 小時","16 小時","https://pigfarmmix.net/png_h/97cbaccfa405480612d3bf7e152c0f7f8d8507099b5839dfa19df61f5181feec20251013.png","灰色 [圖鑑2 頁6#5]","≤ 134.9 kg","≥ 198.1 kg","5000 pt","https://pigfarmmix.net/png_h/1083a39a293067c36e6e25b013d3a87904536ffef5349212d9a97fae8ca2b74420251013.png","","https://pigfarmmix.net/png_h/03e3e13252adb926e796ced8fc43df1331408f8195521c86f8ec25da3105eb6720251013.png","https://pigfarmmix.net/png_h/03e3e13252adb926e796ced8fc43df1331408f8195521c86f8ec25da3105eb6720251013.png","https://pigfarmmix.net/png_h/03e3e13252adb926e796ced8fc43df1331408f8195521c86f8ec25da3105eb6720251013.png",""
"156","特羅普利豬","https://pigfarmmix.net/#/pig/156","https://pigfarmmix.net/png_h/d3b978aba02ac2f38ca92127d66cca3dd2fa66da2d7e1ed6224fa16dad168e7d20251013.png","https://pigfarmmix.net/png_h/03e3e13252adb926e796ced8fc43df1331408f8195521c86f8ec25da3105eb6720251013.png","","8","0 小時","58 分鐘","32 小時","https://pigfarmmix.net/png_h/a68119aa8a6ceba07cf7cd15c2c4ea3a6f2a3313e58a78a2ec1216d15999fb8f20251013.png","白色 [圖鑑5 頁5#6]","≤ 138.9 kg","≥ 202.5 kg","7500 pt","https://pigfarmmix.net/png_h/a8c431ef04e348d579dbea87991cab0dadc22df86edf1920a8c8e76335bd820c20251013.png","0.30%","https://pigfarmmix.net/png_h/03e3e13252adb926e796ced8fc43df1331408f8195521c86f8ec25da3105eb6720251013.png","https://pigfarmmix.net/png_h/03e3e13252adb926e796ced8fc43df1331408f8195521c86f8ec25da3105eb6720251013.png","https://pigfarmmix.net/png_h/03e3e13252adb926e796ced8fc43df1331408f8195521c86f8ec25da3105eb6720251013.png","https://pigfarmmix.net/png_h/03e3e13252adb926e796ced8fc43df1331408f8195521c86f8ec25da3105eb6720251013.png"
"157","繆福特豬","https://pigfarmmix.net/#/pig/157","https://pigfarmmix.net/png_h/6008c69e3c0551c8979bae0170ed920e2332ea235d6a791b267c0f7fe488247a20251013.png","https://pigfarmmix.net/png_h/03e3e13252adb926e796ced8fc43df1331408f8195521c86f8ec25da3105eb6720251013.png","不挑食","4","0 小時","58 分鐘","18 小時","https://pigfarmmix.net/png_h/97cbaccfa405480612d3bf7e152c0f7f8d8507099b5839dfa19df61f5181feec20251013.png","灰色 [圖鑑2 頁6#6]","≤ 130.6 kg","≥ 186.5 kg","5500 pt","","1.15%","https://pigfarmmix.net/png_h/03e3e13252adb926e796ced8fc43df1331408f8195521c86f8ec25da3105eb6720251013.png","https://pigfarmmix.net/png_h/03e3e13252adb926e796ced8fc43df1331408f8195521c86f8ec25da3105eb6720251013.png","https://pigfarmmix.net/png_h/03e3e13252adb926e796ced8fc43df1331408f8195521c86f8ec25da3105eb6720251013.png",""
"158","阿拉帕瓦豬","https://pigfarmmix.net/#/pig/158","https://pigfarmmix.net/png_h/13dc8da0ca8820a502425724c2f4dcb7554223bbd7aeb924b898650a8675f4eb20251013.png","https://pigfarmmix.net/png_h/03e3e13252adb926e796ced8fc43df1331408f8195521c86f8ec25da3105eb6720251013.png","不挑食","7","0 小時","58 分鐘","32 小時","https://pigfarmmix.net/png_h/9fc1edfa8a25ba821f32de73ee24d6907de827874d33d8400a273fbe122ac58920251013.png","米色 [圖鑑3 頁6#6]","≤ 133.3 kg","≥ 197.1 kg","6000 pt","","1.15%","https://pigfarmmix.net/png_h/03e3e13252adb926e796ced8fc43df1331408f8195521c86f8ec25da3105eb6720251013.png","https://pigfarmmix.net/png_h/03e3e13252adb926e796ced8fc43df1331408f8195521c86f8ec25da3105eb6720251013.png","https://pigfarmmix.net/png_h/03e3e13252adb926e796ced8fc43df1331408f8195521c86f8ec25da3105eb6720251013.png",""
"159","福爾摩豬","https://pigfarmmix.net/#/pig/159","https://pigfarmmix.net/png_h/8be2f4d59002263cd4f1136d1da44e8c7b3a74776e2e43918735df3a62c78b7f20251013.png","https://pigfarmmix.net/png_h/03e3e13252adb926e796ced8fc43df1331408f8195521c86f8ec25da3105eb6720251013.png","不挑食","4","60 分鐘","1 小時","20 小時","https://pigfarmmix.net/png_h/a6752c7f9968b9961d0e91ae2083fce3f62ee7ac7f4c8d0a45c0a32bae70c8f620251013.png","肉色 [圖鑑1 頁6#4]","≤ 126.6 kg","≥ 183.4 kg","3000 pt","","","https://pigfarmmix.net/png_h/03e3e13252adb926e796ced8fc43df1331408f8195521c86f8ec25da3105eb6720251013.png","https://pigfarmmix.net/png_h/03e3e13252adb926e796ced8fc43df1331408f8195521c86f8ec25da3105eb6720251013.png","",""
"160","太空豬","https://pigfarmmix.net/#/pig/160","https://pigfarmmix.net/png_h/258b0581f63a309a34b45d9bcbc8b99ac5081d24432954f1d96b42f069059ebd20251013.png","https://pigfarmmix.net/png_h/03e3e13252adb926e796ced8fc43df1331408f8195521c86f8ec25da3105eb6720251013.png","不挑食","1","0 小時","58 分鐘","10 小時","https://pigfarmmix.net/png_h/a6752c7f9968b9961d0e91ae2083fce3f62ee7ac7f4c8d0a45c0a32bae70c8f620251013.png","肉色 [圖鑑1 頁6#5]","≤ 123.9 kg","≥ 168.6 kg","2500 pt","","3.19%","https://pigfarmmix.net/png_h/03e3e13252adb926e796ced8fc43df1331408f8195521c86f8ec25da3105eb6720251013.png","","",""
"161","武士豬","https://pigfarmmix.net/#/pig/161","https://pigfarmmix.net/png_h/54736e233b1ca7b76cf084668cca62e1807798d1df9af48192ee3e946d8103a620251013.png","https://pigfarmmix.net/png_h/03e3e13252adb926e796ced8fc43df1331408f8195521c86f8ec25da3105eb6720251013.png","","5","120 分鐘","2 小時","32 小時","https://pigfarmmix.net/png_h/622c9a6a38bde7e1e6dd004676f9dc893ab49919c46ca7bf80d567971d0f8db620251013.png","特別 [圖鑑6 頁2#2]","≤ 132.5 kg","≥ 202.5 kg","9000 pt","https://pigfarmmix.net/png_h/8634aa677090b5bfca798d786e8ef2e14d04de87c2335c7e4a7052c45d83ddd120251013.png","0.30%","https://pigfarmmix.net/png_h/03e3e13252adb926e796ced8fc43df1331408f8195521c86f8ec25da3105eb6720251013.png","https://pigfarmmix.net/png_h/03e3e13252adb926e796ced8fc43df1331408f8195521c86f8ec25da3105eb6720251013.png","https://pigfarmmix.net/png_h/03e3e13252adb926e796ced8fc43df1331408f8195521c86f8ec25da3105eb6720251013.png","https://pigfarmmix.net/png_h/03e3e13252adb926e796ced8fc43df1331408f8195521c86f8ec25da3105eb6720251013.png"
"162","亞佳佳瓦野豬","https://pigfarmmix.net/#/pig/162","https://pigfarmmix.net/png_h/31016ba1e8eeef65a87eb7961b534979eaf50887c98dad4dcac984d85525b30220251013.png","https://pigfarmmix.net/png_h/03e3e13252adb926e796ced8fc43df1331408f8195521c86f8ec25da3105eb6720251013.png","不挑食","3","0 小時","58 分鐘","16 小時","https://pigfarmmix.net/png_h/811992418c93eac5c6722e48989ba638bc739f8c763e8aa6fccb0cdb69e091ae20251013.png","野豬 [圖鑑6 頁2#3]","≤ 129.7 kg","≥ 185.0 kg","5000 pt","","","https://pigfarmmix.net/png_h/03e3e13252adb926e796ced8fc43df1331408f8195521c86f8ec25da3105eb6720251013.png","https://pigfarmmix.net/png_h/03e3e13252adb926e796ced8fc43df1331408f8195521c86f8ec25da3105eb6720251013.png","https://pigfarmmix.net/png_h/03e3e13252adb926e796ced8fc43df1331408f8195521c86f8ec25da3105eb6720251013.png",""
"163","純種豬","https://pigfarmmix.net/#/pig/163","https://pigfarmmix.net/png_h/74108022bd5cfd1fd24c51e837d257b9ca33aa56110869869699be7f13f9688e20251013.png","https://pigfarmmix.net/png_h/03e3e13252adb926e796ced8fc43df1331408f8195521c86f8ec25da3105eb6720251013.png","","6","120 分鐘","2 小時","32 小時","https://pigfarmmix.net/png_h/6255a0460a2afa50be02225be89dadd68b1167c8510dd8eda22e014c083c996c20251013.png","特別 [圖鑑6 頁2#4]","≤ 137.4 kg","≥ 206.1 kg","9500 pt","https://pigfarmmix.net/png_h/1083a39a293067c36e6e25b013d3a87904536ffef5349212d9a97fae8ca2b74420251013.png","","https://pigfarmmix.net/png_h/03e3e13252adb926e796ced8fc43df1331408f8195521c86f8ec25da3105eb6720251013.png","https://pigfarmmix.net/png_h/03e3e13252adb926e796ced8fc43df1331408f8195521c86f8ec25da3105eb6720251013.png","https://pigfarmmix.net/png_h/03e3e13252adb926e796ced8fc43df1331408f8195521c86f8ec25da3105eb6720251013.png","https://pigfarmmix.net/png_h/03e3e13252adb926e796ced8fc43df1331408f8195521c86f8ec25da3105eb6720251013.png"
"164","婚禮豬","https://pigfarmmix.net/#/pig/164","https://pigfarmmix.net/png_h/fa85cd1d7b6539dd6a987912e3b5591ae3db6075663bd4d2870fdb561a9ca64a20251013.png","https://pigfarmmix.net/png_h/03e3e13252adb926e796ced8fc43df1331408f8195521c86f8ec25da3105eb6720251013.png","不挑食","6","120 分鐘","2 小時","32 小時","https://pigfarmmix.net/png_h/1633374fefedd5787d9c681d62865792ea3fef7bbfd6acf6f068441b9658f79a20251013.png","特別 [圖鑑6 頁2#5]","≤ 132.4 kg","≥ 197.1 kg","4000 pt","","","https://pigfarmmix.net/png_h/03e3e13252adb926e796ced8fc43df1331408f8195521c86f8ec25da3105eb6720251013.png","https://pigfarmmix.net/png_h/03e3e13252adb926e796ced8fc43df1331408f8195521c86f8ec25da3105eb6720251013.png","https://pigfarmmix.net/png_h/03e3e13252adb926e796ced8fc43df1331408f8195521c86f8ec25da3105eb6720251013.png",""
"165","新娘豬","https://pigfarmmix.net/#/pig/165","https://pigfarmmix.net/png_h/8b0f86a2d727e4bf7908eb8d966be8c9f9031a5529532023bf5288d606a922d420251013.png","https://pigfarmmix.net/png_h/03e3e13252adb926e796ced8fc43df1331408f8195521c86f8ec25da3105eb6720251013.png","不挑食","6","120 分鐘","2 小時","32 小時","https://pigfarmmix.net/png_h/1633374fefedd5787d9c681d62865792ea3fef7bbfd6acf6f068441b9658f79a20251013.png","特別 [圖鑑6 頁2#6]","≤ 132.4 kg","≥ 197.1 kg","4000 pt","","","https://pigfarmmix.net/png_h/03e3e13252adb926e796ced8fc43df1331408f8195521c86f8ec25da3105eb6720251013.png","https://pigfarmmix.net/png_h/03e3e13252adb926e796ced8fc43df1331408f8195521c86f8ec25da3105eb6720251013.png","https://pigfarmmix.net/png_h/03e3e13252adb926e796ced8fc43df1331408f8195521c86f8ec25da3105eb6720251013.png",""
"166","豬豬醫生","https://pigfarmmix.net/#/pig/166","https://pigfarmmix.net/png_h/3cae488ac0901d23905ca54a5de24cee959409b639b18d60f34c27a787dd83ab20251013.png","https://pigfarmmix.net/png_h/03e3e13252adb926e796ced8fc43df1331408f8195521c86f8ec25da3105eb6720251013.png","不挑食","3","60 分鐘","1 小時","8 小時","https://pigfarmmix.net/png_h/a6752c7f9968b9961d0e91ae2083fce3f62ee7ac7f4c8d0a45c0a32bae70c8f620251013.png","肉色 [圖鑑1 頁6#6]","≤ 125.7 kg","≥ 159.6 kg","800 pt","","3.48%","","","",""
"181","可愛豬","https://pigfarmmix.net/#/pig/181","https://pigfarmmix.net/png_h/35a9d39a0428b52a75e3117646774528b543df93c58bf9d5df8578070dd80f6b20251013.png","https://pigfarmmix.net/png_h/03e3e13252adb926e796ced8fc43df1331408f8195521c86f8ec25da3105eb6720251013.png","","6","0 小時","58 分鐘","32 小時","https://pigfarmmix.net/png_h/aa4a79939b3c7f43fcec0d5a1011c3ae31219160e4b519fd96d7cd2a7c90544920251013.png","灰色 [圖鑑2 頁7#1]","≤ 133.4 kg","≥ 180.2 kg","8000 pt","https://pigfarmmix.net/png_h/a7c17665173739b203d7fab5046bd82964e973f62b1c34834f032ecb6c99fff520251013.png","0.30%","https://pigfarmmix.net/png_h/03e3e13252adb926e796ced8fc43df1331408f8195521c86f8ec25da3105eb6720251013.png","https://pigfarmmix.net/png_h/03e3e13252adb926e796ced8fc43df1331408f8195521c86f8ec25da3105eb6720251013.png","https://pigfarmmix.net/png_h/03e3e13252adb926e796ced8fc43df1331408f8195521c86f8ec25da3105eb6720251013.png","https://pigfarmmix.net/png_h/03e3e13252adb926e796ced8fc43df1331408f8195521c86f8ec25da3105eb6720251013.png"
"197","楓涇豬","https://pigfarmmix.net/#/pig/197","https://pigfarmmix.net/png_h/82ee3c808d655e9a90a2fd6fc63c64d79b437a45e54ae652c37a0d37974f26ff20251013.png","https://pigfarmmix.net/png_h/03e3e13252adb926e796ced8fc43df1331408f8195521c86f8ec25da3105eb6720251013.png","不挑食","4","120 分鐘","2 小時","24 小時","https://pigfarmmix.net/png_h/97cbaccfa405480612d3bf7e152c0f7f8d8507099b5839dfa19df61f5181feec20251013.png","灰色 [圖鑑2 頁7#2]","≤ 128.6 kg","≥ 155.3 kg","2500 pt","","2.67%","https://pigfarmmix.net/png_h/03e3e13252adb926e796ced8fc43df1331408f8195521c86f8ec25da3105eb6720251013.png","https://pigfarmmix.net/png_h/03e3e13252adb926e796ced8fc43df1331408f8195521c86f8ec25da3105eb6720251013.png","",""
"198","本特海姆黑豬","https://pigfarmmix.net/#/pig/198","https://pigfarmmix.net/png_h/b188d7f8c1e15ffae94ec5d2987fc97102a6adbdde494e2e9c93cf762add767920251013.png","https://pigfarmmix.net/png_h/03e3e13252adb926e796ced8fc43df1331408f8195521c86f8ec25da3105eb6720251013.png","不挑食","6","60 分鐘","1 小時","10 小時","https://pigfarmmix.net/png_h/a68119aa8a6ceba07cf7cd15c2c4ea3a6f2a3313e58a78a2ec1216d15999fb8f20251013.png","白色 [圖鑑5 頁6#1]","≤ 133.4 kg","≥ 180.2 kg","8500 pt","","0.30%","https://pigfarmmix.net/png_h/03e3e13252adb926e796ced8fc43df1331408f8195521c86f8ec25da3105eb6720251013.png","https://pigfarmmix.net/png_h/03e3e13252adb926e796ced8fc43df1331408f8195521c86f8ec25da3105eb6720251013.png","https://pigfarmmix.net/png_h/03e3e13252adb926e796ced8fc43df1331408f8195521c86f8ec25da3105eb6720251013.png","https://pigfarmmix.net/png_h/03e3e13252adb926e796ced8fc43df1331408f8195521c86f8ec25da3105eb6720251013.png"
"199","美國幾內亞豬","https://pigfarmmix.net/#/pig/199","https://pigfarmmix.net/png_h/0448a0ce10d67364bec988cc25941b0e2db6ed25d57ab3cdce5c91f2e9a8c06a20251013.png","https://pigfarmmix.net/png_h/03e3e13252adb926e796ced8fc43df1331408f8195521c86f8ec25da3105eb6720251013.png","不挑食","4","0 小時","58 分鐘","18 小時","https://pigfarmmix.net/png_h/97cbaccfa405480612d3bf7e152c0f7f8d8507099b5839dfa19df61f5181feec20251013.png","灰色 [圖鑑2 頁7#3]","≤ 130.6 kg","≥ 180.0 kg","5500 pt","","1.15%","https://pigfarmmix.net/png_h/03e3e13252adb926e796ced8fc43df1331408f8195521c86f8ec25da3105eb6720251013.png","https://pigfarmmix.net/png_h/03e3e13252adb926e796ced8fc43df1331408f8195521c86f8ec25da3105eb6720251013.png","https://pigfarmmix.net/png_h/03e3e13252adb926e796ced8fc43df1331408f8195521c86f8ec25da3105eb6720251013.png",""
"200","那加本土豬","https://pigfarmmix.net/#/pig/200","https://pigfarmmix.net/png_h/ca674262089deaf4149870a192091db5ebc5fad94013c4dd24613b16bb3aec4d20251013.png","https://pigfarmmix.net/png_h/03e3e13252adb926e796ced8fc43df1331408f8195521c86f8ec25da3105eb6720251013.png","不挑食","1","0 小時","58 分鐘","8 小時","https://pigfarmmix.net/png_h/97cbaccfa405480612d3bf7e152c0f7f8d8507099b5839dfa19df61f5181feec20251013.png","灰色 [圖鑑2 頁7#4]","≤ 125.9 kg","≥ 167.7 kg","3500 pt","","2.67%","https://pigfarmmix.net/png_h/03e3e13252adb926e796ced8fc43df1331408f8195521c86f8ec25da3105eb6720251013.png","https://pigfarmmix.net/png_h/03e3e13252adb926e796ced8fc43df1331408f8195521c86f8ec25da3105eb6720251013.png","",""
"201","凱爾特豬","https://pigfarmmix.net/#/pig/201","https://pigfarmmix.net/png_h/fa77bee446f639447cea35b67f8a96b965f13a99ab4a682619c6de57f1ea781e20251013.png","https://pigfarmmix.net/png_h/03e3e13252adb926e796ced8fc43df1331408f8195521c86f8ec25da3105eb6720251013.png","","1","0 小時","58 分鐘","16 小時","https://pigfarmmix.net/png_h/46827eaf3344f3d5d59295ae2c237b7ef05252fa01f7f38bb1e57ac062d9c15520251013.png","粉紅 [圖鑑4 頁4#1]","≤ 128.2 kg","≥ 178.6 kg","5000 pt","https://pigfarmmix.net/png_h/0aeaee22846aee8ef0429da1face05360c1fdfd8de57e07bebb2741e67f15e6220251013.png","","https://pigfarmmix.net/png_h/03e3e13252adb926e796ced8fc43df1331408f8195521c86f8ec25da3105eb6720251013.png","https://pigfarmmix.net/png_h/03e3e13252adb926e796ced8fc43df1331408f8195521c86f8ec25da3105eb6720251013.png","https://pigfarmmix.net/png_h/03e3e13252adb926e796ced8fc43df1331408f8195521c86f8ec25da3105eb6720251013.png",""
"202","義大利蘭德萊斯豬","https://pigfarmmix.net/#/pig/202","https://pigfarmmix.net/png_h/2543b6f2bd98e17a97c71333c657d9b77f743730032dfcbd669378151a92a27420251013.png","https://pigfarmmix.net/png_h/03e3e13252adb926e796ced8fc43df1331408f8195521c86f8ec25da3105eb6720251013.png","不挑食","1","0 小時","58 分鐘","10 小時","https://pigfarmmix.net/png_h/a68119aa8a6ceba07cf7cd15c2c4ea3a6f2a3313e58a78a2ec1216d15999fb8f20251013.png","白色 [圖鑑5 頁6#2]","≤ 124.9 kg","≥ 164.4 kg","2000 pt","","","https://pigfarmmix.net/png_h/03e3e13252adb926e796ced8fc43df1331408f8195521c86f8ec25da3105eb6720251013.png","","",""
"203","昂格爾恩馬鞍豬","https://pigfarmmix.net/#/pig/203","https://pigfarmmix.net/png_h/94f7a4a15fa928bfccffb0da91112211d45007f1e3ab8f20f09a076099567f8c20251013.png","https://pigfarmmix.net/png_h/03e3e13252adb926e796ced8fc43df1331408f8195521c86f8ec25da3105eb6720251013.png","不挑食","4","0 小時","58 分鐘","14 小時","https://pigfarmmix.net/png_h/97cbaccfa405480612d3bf7e152c0f7f8d8507099b5839dfa19df61f5181feec20251013.png","灰色 [圖鑑2 頁7#5]","≤ 130.6 kg","≥ 177.3 kg","5000 pt","","1.15%","https://pigfarmmix.net/png_h/03e3e13252adb926e796ced8fc43df1331408f8195521c86f8ec25da3105eb6720251013.png","https://pigfarmmix.net/png_h/03e3e13252adb926e796ced8fc43df1331408f8195521c86f8ec25da3105eb6720251013.png","https://pigfarmmix.net/png_h/03e3e13252adb926e796ced8fc43df1331408f8195521c86f8ec25da3105eb6720251013.png",""
"204","鯊魚豬","https://pigfarmmix.net/#/pig/204","https://pigfarmmix.net/png_h/9924e1475dc1cff6c3ffbfd35bc179ca0e68244e03c82a9be3e708877c5d080220251013.png","https://pigfarmmix.net/png_h/03e3e13252adb926e796ced8fc43df1331408f8195521c86f8ec25da3105eb6720251013.png","不挑食","4","0 小時","58 分鐘","12 小時","https://pigfarmmix.net/png_h/97cbaccfa405480612d3bf7e152c0f7f8d8507099b5839dfa19df61f5181feec20251013.png","灰色 [圖鑑2 頁7#6]","≤ 127.6 kg","≥ 165.5 kg","2000 pt","","","https://pigfarmmix.net/png_h/03e3e13252adb926e796ced8fc43df1331408f8195521c86f8ec25da3105eb6720251013.png","","",""
"205","豬尾花魁","https://pigfarmmix.net/#/pig/205","https://pigfarmmix.net/png_h/535e284777449272c04f67ae9c9691197f2beba74bb39f8b880be25c099cccd320251013.png","https://pigfarmmix.net/png_h/03e3e13252adb926e796ced8fc43df1331408f8195521c86f8ec25da3105eb6720251013.png","","8","60 分鐘","1 小時","26 小時","https://pigfarmmix.net/png_h/a68119aa8a6ceba07cf7cd15c2c4ea3a6f2a3313e58a78a2ec1216d15999fb8f20251013.png","白色 [圖鑑5 頁6#3]","≤ 143.5 kg","≥ 223.1 kg","9000 pt","https://pigfarmmix.net/png_h/1a4d96e5f723848dfbd2bbb08fd82f6579c3850dcc352a2b9ee260764acd522320251013.png","0.30%","https://pigfarmmix.net/png_h/03e3e13252adb926e796ced8fc43df1331408f8195521c86f8ec25da3105eb6720251013.png","https://pigfarmmix.net/png_h/03e3e13252adb926e796ced8fc43df1331408f8195521c86f8ec25da3105eb6720251013.png","https://pigfarmmix.net/png_h/03e3e13252adb926e796ced8fc43df1331408f8195521c86f8ec25da3105eb6720251013.png","https://pigfarmmix.net/png_h/03e3e13252adb926e796ced8fc43df1331408f8195521c86f8ec25da3105eb6720251013.png"
"206","南丁格爾豬","https://pigfarmmix.net/#/pig/206","https://pigfarmmix.net/png_h/2597b1bc3376ea187ef931804b63d73adb414d80a4f0a6566a773bc0fa6016ae20251013.png","https://pigfarmmix.net/png_h/03e3e13252adb926e796ced8fc43df1331408f8195521c86f8ec25da3105eb6720251013.png","","1","0 小時","58 分鐘","18 小時","https://pigfarmmix.net/png_h/a68119aa8a6ceba07cf7cd15c2c4ea3a6f2a3313e58a78a2ec1216d15999fb8f20251013.png","白色 [圖鑑5 頁6#4]","≤ 126.2 kg","≥ 173.9 kg","3500 pt","https://pigfarmmix.net/png_h/ae37f6e04cdc1a9c13b5d505e598173fcce41b6af8074c98d775c0f1c6b04d6c20251013.png","2.67%","https://pigfarmmix.net/png_h/03e3e13252adb926e796ced8fc43df1331408f8195521c86f8ec25da3105eb6720251013.png","https://pigfarmmix.net/png_h/03e3e13252adb926e796ced8fc43df1331408f8195521c86f8ec25da3105eb6720251013.png","",""
"207","織田信長豬","https://pigfarmmix.net/#/pig/207","https://pigfarmmix.net/png_h/1a0069bfa5e44d1b02867dba71748c90b8900ddfee9c1a935053132a9a2f514020251013.png","https://pigfarmmix.net/png_h/03e3e13252adb926e796ced8fc43df1331408f8195521c86f8ec25da3105eb6720251013.png","","6","0 小時","58 分鐘","24 小時","https://pigfarmmix.net/png_h/a68119aa8a6ceba07cf7cd15c2c4ea3a6f2a3313e58a78a2ec1216d15999fb8f20251013.png","白色 [圖鑑5 頁6#5]","≤ 136.5 kg","≥ 211.8 kg","6000 pt","https://pigfarmmix.net/png_h/1083a39a293067c36e6e25b013d3a87904536ffef5349212d9a97fae8ca2b74420251013.png","","https://pigfarmmix.net/png_h/03e3e13252adb926e796ced8fc43df1331408f8195521c86f8ec25da3105eb6720251013.png","https://pigfarmmix.net/png_h/03e3e13252adb926e796ced8fc43df1331408f8195521c86f8ec25da3105eb6720251013.png","https://pigfarmmix.net/png_h/03e3e13252adb926e796ced8fc43df1331408f8195521c86f8ec25da3105eb6720251013.png",""
"208","泡芙豬","https://pigfarmmix.net/#/pig/208","https://pigfarmmix.net/png_h/3b869ff53e795336c97b20c9f7f930c1e972e969102488c2c46e6fe7b7ab63b020251013.png","https://pigfarmmix.net/png_h/03e3e13252adb926e796ced8fc43df1331408f8195521c86f8ec25da3105eb6720251013.png","不挑食","3","0 小時","58 分鐘","12 小時","https://pigfarmmix.net/png_h/a68119aa8a6ceba07cf7cd15c2c4ea3a6f2a3313e58a78a2ec1216d15999fb8f20251013.png","白色 [圖鑑5 頁6#6]","≤ 125.7 kg","≥ 157.8 kg","1500 pt","","3.48%","","","",""
"209","番茄豬","https://pigfarmmix.net/#/pig/209","https://pigfarmmix.net/png_h/97306b6a8f313206aa85e8cabf3121e3e0aa08e2484276e261ccc0756ba19f1f20251013.png","https://pigfarmmix.net/png_h/03e3e13252adb926e796ced8fc43df1331408f8195521c86f8ec25da3105eb6720251013.png","","1","0 小時","58 分鐘","8 小時","https://pigfarmmix.net/png_h/46827eaf3344f3d5d59295ae2c237b7ef05252fa01f7f38bb1e57ac062d9c15520251013.png","粉紅 [圖鑑4 頁4#2]","≤ 123.9 kg","≥ 148.2 kg","1500 pt","https://pigfarmmix.net/png_h/a7c17665173739b203d7fab5046bd82964e973f62b1c34834f032ecb6c99fff520251013.png","3.48%","","","",""
"210","廚師豬","https://pigfarmmix.net/#/pig/210","https://pigfarmmix.net/png_h/5c99861941d6c895ce4d0dda51ae33b1968ce26f7a1614a9d465fcd9847151b720251013.png","https://pigfarmmix.net/png_h/03e3e13252adb926e796ced8fc43df1331408f8195521c86f8ec25da3105eb6720251013.png","不挑食","1","0 小時","58 分鐘","16 小時","https://pigfarmmix.net/png_h/46827eaf3344f3d5d59295ae2c237b7ef05252fa01f7f38bb1e57ac062d9c15520251013.png","粉紅 [圖鑑4 頁4#3]","≤ 124.9 kg","≥ 167.7 kg","2500 pt","","3.19%","https://pigfarmmix.net/png_h/03e3e13252adb926e796ced8fc43df1331408f8195521c86f8ec25da3105eb6720251013.png","","",""
"211","鬱金香豬","https://pigfarmmix.net/#/pig/211","https://pigfarmmix.net/png_h/8a1ed0706f504a7416eae205cf22cd90bee11f317aaf842c22f105692fb8786320251013.png","https://pigfarmmix.net/png_h/03e3e13252adb926e796ced8fc43df1331408f8195521c86f8ec25da3105eb6720251013.png","不挑食","1","0 小時","58 分鐘","8 小時","https://pigfarmmix.net/png_h/46827eaf3344f3d5d59295ae2c237b7ef05252fa01f7f38bb1e57ac062d9c15520251013.png","粉紅 [圖鑑4 頁4#4]","≤ 123.9 kg","≥ 155.8 kg","1000 pt","","3.48%","","","",""
"212","消防員豬","https://pigfarmmix.net/#/pig/212","https://pigfarmmix.net/png_h/d565c40454fc62de42956ff8ce3b2fc86c19539efcf456589f28ff94efff0fbd20251013.png","https://pigfarmmix.net/png_h/03e3e13252adb926e796ced8fc43df1331408f8195521c86f8ec25da3105eb6720251013.png","不挑食","1","0 小時","58 分鐘","12 小時","https://pigfarmmix.net/png_h/46827eaf3344f3d5d59295ae2c237b7ef05252fa01f7f38bb1e57ac062d9c15520251013.png","粉紅 [圖鑑4 頁4#5]","≤ 124.9 kg","≥ 165.5 kg","2500 pt","","3.19%","https://pigfarmmix.net/png_h/03e3e13252adb926e796ced8fc43df1331408f8195521c86f8ec25da3105eb6720251013.png","","",""
"213","關羽豬","https://pigfarmmix.net/#/pig/213","https://pigfarmmix.net/png_h/08a95cf6862bbdd2df8847f47e53a839c81727d8ca9b7ebd1be9a106bccc840120251013.png","https://pigfarmmix.net/png_h/03e3e13252adb926e796ced8fc43df1331408f8195521c86f8ec25da3105eb6720251013.png","不挑食","6","0 小時","58 分鐘","24 小時","https://pigfarmmix.net/png_h/46827eaf3344f3d5d59295ae2c237b7ef05252fa01f7f38bb1e57ac062d9c15520251013.png","粉紅 [圖鑑4 頁4#6]","≤ 132.4 kg","≥ 184.1 kg","6000 pt","","","https://pigfarmmix.net/png_h/03e3e13252adb926e796ced8fc43df1331408f8195521c86f8ec25da3105eb6720251013.png","https://pigfarmmix.net/png_h/03e3e13252adb926e796ced8fc43df1331408f8195521c86f8ec25da3105eb6720251013.png","https://pigfarmmix.net/png_h/03e3e13252adb926e796ced8fc43df1331408f8195521c86f8ec25da3105eb6720251013.png",""
"400","埃及豬后","https://pigfarmmix.net/#/pig/400","https://pigfarmmix.net/png_h/71f3364368799450e9af2d1729904bf50885a14fd4febef55175fabe9e5f3c6820251013.png","https://pigfarmmix.net/png_h/8fac40b2fe24e09293d7a4d46b4a2fcea0ce220bba89d34e97d8ad9322a442fb20251013.png","","5","60 分鐘","1 小時","20 小時","https://pigfarmmix.net/png_h/9fc1edfa8a25ba821f32de73ee24d6907de827874d33d8400a273fbe122ac58920251013.png","米色 [活動圖鑑]","≤ 148.5 kg","≥ 209.1 kg","9000 pt","https://pigfarmmix.net/png_h/a8c431ef04e348d579dbea87991cab0dadc22df86edf1920a8c8e76335bd820c20251013.png","","https://pigfarmmix.net/png_h/8fac40b2fe24e09293d7a4d46b4a2fcea0ce220bba89d34e97d8ad9322a442fb20251013.png","https://pigfarmmix.net/png_h/8fac40b2fe24e09293d7a4d46b4a2fcea0ce220bba89d34e97d8ad9322a442fb20251013.png","https://pigfarmmix.net/png_h/8fac40b2fe24e09293d7a4d46b4a2fcea0ce220bba89d34e97d8ad9322a442fb20251013.png","https://pigfarmmix.net/png_h/8fac40b2fe24e09293d7a4d46b4a2fcea0ce220bba89d34e97d8ad9322a442fb20251013.png"
"401","豬三藏","https://pigfarmmix.net/#/pig/401","https://pigfarmmix.net/png_h/df65d75a023dc39d73d6af0fa77f9b182917a7a06800ae46e93422f302be0b6e20251013.png","https://pigfarmmix.net/png_h/8fac40b2fe24e09293d7a4d46b4a2fcea0ce220bba89d34e97d8ad9322a442fb20251013.png","","2","0 小時","58 分鐘","18 小時","https://pigfarmmix.net/png_h/a68119aa8a6ceba07cf7cd15c2c4ea3a6f2a3313e58a78a2ec1216d15999fb8f20251013.png","白色 [活動圖鑑]","≤ 128.8 kg","≥ 169.7 kg","7000 pt","https://pigfarmmix.net/png_h/d48df30397ce33593ddd99a7039b689c0ca8147be77810da82091e7db2ac5ba720251013.png","","https://pigfarmmix.net/png_h/8fac40b2fe24e09293d7a4d46b4a2fcea0ce220bba89d34e97d8ad9322a442fb20251013.png","https://pigfarmmix.net/png_h/8fac40b2fe24e09293d7a4d46b4a2fcea0ce220bba89d34e97d8ad9322a442fb20251013.png","https://pigfarmmix.net/png_h/8fac40b2fe24e09293d7a4d46b4a2fcea0ce220bba89d34e97d8ad9322a442fb20251013.png",""
"402","歌劇豬影","https://pigfarmmix.net/#/pig/402","https://pigfarmmix.net/png_h/20385370ac58ef972a712e4a32976ac0e8df681903279a40094d8f2e83af181d20251013.png","https://pigfarmmix.net/png_h/8fac40b2fe24e09293d7a4d46b4a2fcea0ce220bba89d34e97d8ad9322a442fb20251013.png","不挑食","3","0 小時","58 分鐘","14 小時","https://pigfarmmix.net/png_h/a6752c7f9968b9961d0e91ae2083fce3f62ee7ac7f4c8d0a45c0a32bae70c8f620251013.png","肉色 [活動圖鑑]","≤ 126.6 kg","≥ 164.0 kg","6500 pt","","","https://pigfarmmix.net/png_h/8fac40b2fe24e09293d7a4d46b4a2fcea0ce220bba89d34e97d8ad9322a442fb20251013.png","https://pigfarmmix.net/png_h/8fac40b2fe24e09293d7a4d46b4a2fcea0ce220bba89d34e97d8ad9322a442fb20251013.png","",""
"403","海賊豬鬍子","https://pigfarmmix.net/#/pig/403","https://pigfarmmix.net/png_h/6306b5bc74cd2c663bfb1e07bf03e2149de304437cc5e3f754fccd11e4bcb4a120251013.png","https://pigfarmmix.net/png_h/8fac40b2fe24e09293d7a4d46b4a2fcea0ce220bba89d34e97d8ad9322a442fb20251013.png","不挑食","5","0 小時","58 分鐘","30 小時","https://pigfarmmix.net/png_h/9fc1edfa8a25ba821f32de73ee24d6907de827874d33d8400a273fbe122ac58920251013.png","米色 [活動圖鑑]","≤ 128.5 kg","≥ 218.2 kg","10000 pt","","","https://pigfarmmix.net/png_h/8fac40b2fe24e09293d7a4d46b4a2fcea0ce220bba89d34e97d8ad9322a442fb20251013.png","https://pigfarmmix.net/png_h/8fac40b2fe24e09293d7a4d46b4a2fcea0ce220bba89d34e97d8ad9322a442fb20251013.png","https://pigfarmmix.net/png_h/8fac40b2fe24e09293d7a4d46b4a2fcea0ce220bba89d34e97d8ad9322a442fb20251013.png","https://pigfarmmix.net/png_h/8fac40b2fe24e09293d7a4d46b4a2fcea0ce220bba89d34e97d8ad9322a442fb20251013.png"
"404","豬豬武士","https://pigfarmmix.net/#/pig/404","https://pigfarmmix.net/png_h/35d9294a567d257bf48fdaa02750dcbae581e3b9275446092a490dff517fe77920251013.png","https://pigfarmmix.net/png_h/8fac40b2fe24e09293d7a4d46b4a2fcea0ce220bba89d34e97d8ad9322a442fb20251013.png","","4","60 分鐘","1 小時","24 小時","https://pigfarmmix.net/png_h/a6752c7f9968b9961d0e91ae2083fce3f62ee7ac7f4c8d0a45c0a32bae70c8f620251013.png","肉色 [活動圖鑑]","≤ 131.6 kg","≥ 212.0 kg","8500 pt","https://pigfarmmix.net/png_h/d48df30397ce33593ddd99a7039b689c0ca8147be77810da82091e7db2ac5ba720251013.png","","https://pigfarmmix.net/png_h/8fac40b2fe24e09293d7a4d46b4a2fcea0ce220bba89d34e97d8ad9322a442fb20251013.png","https://pigfarmmix.net/png_h/8fac40b2fe24e09293d7a4d46b4a2fcea0ce220bba89d34e97d8ad9322a442fb20251013.png","https://pigfarmmix.net/png_h/8fac40b2fe24e09293d7a4d46b4a2fcea0ce220bba89d34e97d8ad9322a442fb20251013.png","https://pigfarmmix.net/png_h/8fac40b2fe24e09293d7a4d46b4a2fcea0ce220bba89d34e97d8ad9322a442fb20251013.png"
"405","聖豬貞德","https://pigfarmmix.net/#/pig/405","https://pigfarmmix.net/png_h/6e6c1e7a5c612c25851b9412115bbef21b70ce86c12a665f9da681dfbf7042a820251013.png","https://pigfarmmix.net/png_h/8fac40b2fe24e09293d7a4d46b4a2fcea0ce220bba89d34e97d8ad9322a442fb20251013.png","不挑食","5","60 分鐘","1 小時","24 小時","https://pigfarmmix.net/png_h/a6752c7f9968b9961d0e91ae2083fce3f62ee7ac7f4c8d0a45c0a32bae70c8f620251013.png","肉色 [活動圖鑑]","≤ 131.5 kg","≥ 204.8 kg","10000 pt","","","https://pigfarmmix.net/png_h/8fac40b2fe24e09293d7a4d46b4a2fcea0ce220bba89d34e97d8ad9322a442fb20251013.png","https://pigfarmmix.net/png_h/8fac40b2fe24e09293d7a4d46b4a2fcea0ce220bba89d34e97d8ad9322a442fb20251013.png","https://pigfarmmix.net/png_h/8fac40b2fe24e09293d7a4d46b4a2fcea0ce220bba89d34e97d8ad9322a442fb20251013.png","https://pigfarmmix.net/png_h/8fac40b2fe24e09293d7a4d46b4a2fcea0ce220bba89d34e97d8ad9322a442fb20251013.png"
"406","慶祝豬","https://pigfarmmix.net/#/pig/406","https://pigfarmmix.net/png_h/6425b645fdb5c856775e64916a53cb785fa2552eb996076c94fde501ba899b0c20251013.png","https://pigfarmmix.net/png_h/8fac40b2fe24e09293d7a4d46b4a2fcea0ce220bba89d34e97d8ad9322a442fb20251013.png","不挑食","2","60 分鐘","1 小時","24 小時","https://pigfarmmix.net/png_h/a6752c7f9968b9961d0e91ae2083fce3f62ee7ac7f4c8d0a45c0a32bae70c8f620251013.png","肉色 [活動圖鑑]","≤ 128.8 kg","≥ 196.0 kg","8500 pt","","","https://pigfarmmix.net/png_h/8fac40b2fe24e09293d7a4d46b4a2fcea0ce220bba89d34e97d8ad9322a442fb20251013.png","https://pigfarmmix.net/png_h/8fac40b2fe24e09293d7a4d46b4a2fcea0ce220bba89d34e97d8ad9322a442fb20251013.png","https://pigfarmmix.net/png_h/8fac40b2fe24e09293d7a4d46b4a2fcea0ce220bba89d34e97d8ad9322a442fb20251013.png","https://pigfarmmix.net/png_h/8fac40b2fe24e09293d7a4d46b4a2fcea0ce220bba89d34e97d8ad9322a442fb20251013.png"
"407","豬貴妃","https://pigfarmmix.net/#/pig/407","https://pigfarmmix.net/png_h/d66ee881e7b9cf36551783132d6dad73d9768962d3bc63e1451b60e96227ff2520251013.png","https://pigfarmmix.net/png_h/8fac40b2fe24e09293d7a4d46b4a2fcea0ce220bba89d34e97d8ad9322a442fb20251013.png","","5","60 分鐘","1 小時","24 小時","https://pigfarmmix.net/png_h/a68119aa8a6ceba07cf7cd15c2c4ea3a6f2a3313e58a78a2ec1216d15999fb8f20251013.png","白色 [活動圖鑑]","≤ 135.8 kg","≥ 212.7 kg","10000 pt","https://pigfarmmix.net/png_h/1a4d96e5f723848dfbd2bbb08fd82f6579c3850dcc352a2b9ee260764acd522320251013.png","","https://pigfarmmix.net/png_h/8fac40b2fe24e09293d7a4d46b4a2fcea0ce220bba89d34e97d8ad9322a442fb20251013.png","https://pigfarmmix.net/png_h/8fac40b2fe24e09293d7a4d46b4a2fcea0ce220bba89d34e97d8ad9322a442fb20251013.png","https://pigfarmmix.net/png_h/8fac40b2fe24e09293d7a4d46b4a2fcea0ce220bba89d34e97d8ad9322a442fb20251013.png","https://pigfarmmix.net/png_h/8fac40b2fe24e09293d7a4d46b4a2fcea0ce220bba89d34e97d8ad9322a442fb20251013.png"
"408","シスターピッグ","https://pigfarmmix.net/#/pig/408","https://pigfarmmix.net/png_h/c6239ed3e09c17d5c5d90158d1df5d683ac7ea8df082c36135563fa1b11b031020251013.png","https://pigfarmmix.net/png_h/8fac40b2fe24e09293d7a4d46b4a2fcea0ce220bba89d34e97d8ad9322a442fb20251013.png","不挑食","4","0 小時","58 分鐘","18 小時","https://pigfarmmix.net/png_h/9fc1edfa8a25ba821f32de73ee24d6907de827874d33d8400a273fbe122ac58920251013.png","米色 [活動圖鑑]","≤ 130.6 kg","≥ 186.5 kg","8000 pt","","","https://pigfarmmix.net/png_h/8fac40b2fe24e09293d7a4d46b4a2fcea0ce220bba89d34e97d8ad9322a442fb20251013.png","https://pigfarmmix.net/png_h/8fac40b2fe24e09293d7a4d46b4a2fcea0ce220bba89d34e97d8ad9322a442fb20251013.png","https://pigfarmmix.net/png_h/8fac40b2fe24e09293d7a4d46b4a2fcea0ce220bba89d34e97d8ad9322a442fb20251013.png",""
"409","仙杜瑞豬","https://pigfarmmix.net/#/pig/409","https://pigfarmmix.net/png_h/bbae6802fe631e5ac102fe773904efefa50fca4d1f64e848caca369ca436aed720251013.png","https://pigfarmmix.net/png_h/8fac40b2fe24e09293d7a4d46b4a2fcea0ce220bba89d34e97d8ad9322a442fb20251013.png","不挑食","1","0 小時","58 分鐘","6 小時","https://pigfarmmix.net/png_h/a6752c7f9968b9961d0e91ae2083fce3f62ee7ac7f4c8d0a45c0a32bae70c8f620251013.png","肉色 [活動圖鑑]","≤ 128.9 kg","≥ 187.9 kg","8500 pt","","","https://pigfarmmix.net/png_h/8fac40b2fe24e09293d7a4d46b4a2fcea0ce220bba89d34e97d8ad9322a442fb20251013.png","https://pigfarmmix.net/png_h/8fac40b2fe24e09293d7a4d46b4a2fcea0ce220bba89d34e97d8ad9322a442fb20251013.png","https://pigfarmmix.net/png_h/8fac40b2fe24e09293d7a4d46b4a2fcea0ce220bba89d34e97d8ad9322a442fb20251013.png","https://pigfarmmix.net/png_h/8fac40b2fe24e09293d7a4d46b4a2fcea0ce220bba89d34e97d8ad9322a442fb20251013.png"
"410","灰姑娘豬","https://pigfarmmix.net/#/pig/410","https://pigfarmmix.net/png_h/03809c468661b2b8906d6ffeee2fd3901ea6d8ee078685093c9bf682b2afe48920251013.png","https://pigfarmmix.net/png_h/8fac40b2fe24e09293d7a4d46b4a2fcea0ce220bba89d34e97d8ad9322a442fb20251013.png","不挑食","1","0 小時","58 分鐘","6 小時","https://pigfarmmix.net/png_h/a6752c7f9968b9961d0e91ae2083fce3f62ee7ac7f4c8d0a45c0a32bae70c8f620251013.png","肉色 [活動圖鑑]","≤ 128.9 kg","≥ 187.9 kg","3500 pt","","","https://pigfarmmix.net/png_h/8fac40b2fe24e09293d7a4d46b4a2fcea0ce220bba89d34e97d8ad9322a442fb20251013.png","https://pigfarmmix.net/png_h/8fac40b2fe24e09293d7a4d46b4a2fcea0ce220bba89d34e97d8ad9322a442fb20251013.png","",""
"411","豬豬・亞瑟","https://pigfarmmix.net/#/pig/411","https://pigfarmmix.net/png_h/3fa7473f0b86386a8ad8ac741bea5a67fc338c37380d2e30a819d405cd0db9a920251013.png","https://pigfarmmix.net/png_h/8fac40b2fe24e09293d7a4d46b4a2fcea0ce220bba89d34e97d8ad9322a442fb20251013.png","不挑食","5","60 分鐘","1 小時","25 小時","https://pigfarmmix.net/png_h/46827eaf3344f3d5d59295ae2c237b7ef05252fa01f7f38bb1e57ac062d9c15520251013.png","粉紅 [活動圖鑑]","≤ 132.5 kg","≥ 196.5 kg","10000 pt","","","https://pigfarmmix.net/png_h/8fac40b2fe24e09293d7a4d46b4a2fcea0ce220bba89d34e97d8ad9322a442fb20251013.png","https://pigfarmmix.net/png_h/8fac40b2fe24e09293d7a4d46b4a2fcea0ce220bba89d34e97d8ad9322a442fb20251013.png","https://pigfarmmix.net/png_h/8fac40b2fe24e09293d7a4d46b4a2fcea0ce220bba89d34e97d8ad9322a442fb20251013.png","https://pigfarmmix.net/png_h/8fac40b2fe24e09293d7a4d46b4a2fcea0ce220bba89d34e97d8ad9322a442fb20251013.png"
"412","石川五右衛豬","https://pigfarmmix.net/#/pig/412","https://pigfarmmix.net/png_h/e338e155675cb6ad80b56a54069c22a506e1fc31ac430b26eeaec27e55384f5820251013.png","https://pigfarmmix.net/png_h/8fac40b2fe24e09293d7a4d46b4a2fcea0ce220bba89d34e97d8ad9322a442fb20251013.png","","5","60 分鐘","1 小時","24 小時","https://pigfarmmix.net/png_h/811992418c93eac5c6722e48989ba638bc739f8c763e8aa6fccb0cdb69e091ae20251013.png","野豬 [活動圖鑑]","≤ 131.0 kg","≥ 212.4 kg","10000 pt","https://pigfarmmix.net/png_h/1083a39a293067c36e6e25b013d3a87904536ffef5349212d9a97fae8ca2b74420251013.png","","https://pigfarmmix.net/png_h/8fac40b2fe24e09293d7a4d46b4a2fcea0ce220bba89d34e97d8ad9322a442fb20251013.png","https://pigfarmmix.net/png_h/8fac40b2fe24e09293d7a4d46b4a2fcea0ce220bba89d34e97d8ad9322a442fb20251013.png","https://pigfarmmix.net/png_h/8fac40b2fe24e09293d7a4d46b4a2fcea0ce220bba89d34e97d8ad9322a442fb20251013.png","https://pigfarmmix.net/png_h/8fac40b2fe24e09293d7a4d46b4a2fcea0ce220bba89d34e97d8ad9322a442fb20251013.png"
"413","夢遊豬場的愛麗絲","https://pigfarmmix.net/#/pig/413","https://pigfarmmix.net/png_h/b952b1e1a8cf786f8618e8aba237c640b2a11dc7616d0b15961a325d034a6c3520251013.png","https://pigfarmmix.net/png_h/8fac40b2fe24e09293d7a4d46b4a2fcea0ce220bba89d34e97d8ad9322a442fb20251013.png","不挑食","3","60 分鐘","1 小時","24 小時","https://pigfarmmix.net/png_h/46827eaf3344f3d5d59295ae2c237b7ef05252fa01f7f38bb1e57ac062d9c15520251013.png","粉紅 [活動圖鑑]","≤ 130.7 kg","≥ 190.6 kg","9000 pt","","","https://pigfarmmix.net/png_h/8fac40b2fe24e09293d7a4d46b4a2fcea0ce220bba89d34e97d8ad9322a442fb20251013.png","https://pigfarmmix.net/png_h/8fac40b2fe24e09293d7a4d46b4a2fcea0ce220bba89d34e97d8ad9322a442fb20251013.png","https://pigfarmmix.net/png_h/8fac40b2fe24e09293d7a4d46b4a2fcea0ce220bba89d34e97d8ad9322a442fb20251013.png","https://pigfarmmix.net/png_h/8fac40b2fe24e09293d7a4d46b4a2fcea0ce220bba89d34e97d8ad9322a442fb20251013.png"
"414","夢遊豬場的愛麗絲(S)","https://pigfarmmix.net/#/pig/414","https://pigfarmmix.net/png_h/db0c48bfdb36d28bf89cd8564684156ff881ec02233951ecd8e40cbb248ee1d920251013.png","https://pigfarmmix.net/png_h/8fac40b2fe24e09293d7a4d46b4a2fcea0ce220bba89d34e97d8ad9322a442fb20251013.png","不挑食","1","60 分鐘","1 小時","24 小時","https://pigfarmmix.net/png_h/46827eaf3344f3d5d59295ae2c237b7ef05252fa01f7f38bb1e57ac062d9c15520251013.png","粉紅 [活動圖鑑]","≤ 128.9 kg","≥ 176.6 kg","9000 pt","","","https://pigfarmmix.net/png_h/8fac40b2fe24e09293d7a4d46b4a2fcea0ce220bba89d34e97d8ad9322a442fb20251013.png","https://pigfarmmix.net/png_h/8fac40b2fe24e09293d7a4d46b4a2fcea0ce220bba89d34e97d8ad9322a442fb20251013.png","https://pigfarmmix.net/png_h/8fac40b2fe24e09293d7a4d46b4a2fcea0ce220bba89d34e97d8ad9322a442fb20251013.png","https://pigfarmmix.net/png_h/8fac40b2fe24e09293d7a4d46b4a2fcea0ce220bba89d34e97d8ad9322a442fb20251013.png"
"415","瘋帽豬","https://pigfarmmix.net/#/pig/415","https://pigfarmmix.net/png_h/a1804a69f4dc766f304c1500bbf1b3eb79306875c7ed9b94a9f906977f4367b120251013.png","https://pigfarmmix.net/png_h/8fac40b2fe24e09293d7a4d46b4a2fcea0ce220bba89d34e97d8ad9322a442fb20251013.png","不挑食","1","0 小時","58 分鐘","18 小時","https://pigfarmmix.net/png_h/a6752c7f9968b9961d0e91ae2083fce3f62ee7ac7f4c8d0a45c0a32bae70c8f620251013.png","肉色 [活動圖鑑]","≤ 127.9 kg","≥ 180.0 kg","5000 pt","","","https://pigfarmmix.net/png_h/8fac40b2fe24e09293d7a4d46b4a2fcea0ce220bba89d34e97d8ad9322a442fb20251013.png","https://pigfarmmix.net/png_h/8fac40b2fe24e09293d7a4d46b4a2fcea0ce220bba89d34e97d8ad9322a442fb20251013.png","https://pigfarmmix.net/png_h/8fac40b2fe24e09293d7a4d46b4a2fcea0ce220bba89d34e97d8ad9322a442fb20251013.png",""
"416","白兔豬","https://pigfarmmix.net/#/pig/416","https://pigfarmmix.net/png_h/180367a76da08cfe2c0417ff33536c5344bd5fb598c995e827f2e43f099a98b120251013.png","https://pigfarmmix.net/png_h/8fac40b2fe24e09293d7a4d46b4a2fcea0ce220bba89d34e97d8ad9322a442fb20251013.png","不挑食","1","0 小時","58 分鐘","12 小時","https://pigfarmmix.net/png_h/a68119aa8a6ceba07cf7cd15c2c4ea3a6f2a3313e58a78a2ec1216d15999fb8f20251013.png","白色 [活動圖鑑]","≤ 125.9 kg","≥ 170.2 kg","3500 pt","","","https://pigfarmmix.net/png_h/8fac40b2fe24e09293d7a4d46b4a2fcea0ce220bba89d34e97d8ad9322a442fb20251013.png","https://pigfarmmix.net/png_h/8fac40b2fe24e09293d7a4d46b4a2fcea0ce220bba89d34e97d8ad9322a442fb20251013.png","",""
"417","所羅豬王","https://pigfarmmix.net/#/pig/417","https://pigfarmmix.net/png_h/ef1b86fd85b9ef93133b1164af213003a06ceb4b0a225740e8bbc28612ee205220251013.png","https://pigfarmmix.net/png_h/8fac40b2fe24e09293d7a4d46b4a2fcea0ce220bba89d34e97d8ad9322a442fb20251013.png","","4","60 分鐘","1 小時","27 小時","https://pigfarmmix.net/png_h/97cbaccfa405480612d3bf7e152c0f7f8d8507099b5839dfa19df61f5181feec20251013.png","灰色 [活動圖鑑]","≤ 129.4 kg","≥ 231.6 kg","10000 pt","https://pigfarmmix.net/png_h/1083a39a293067c36e6e25b013d3a87904536ffef5349212d9a97fae8ca2b74420251013.png","","https://pigfarmmix.net/png_h/8fac40b2fe24e09293d7a4d46b4a2fcea0ce220bba89d34e97d8ad9322a442fb20251013.png","https://pigfarmmix.net/png_h/8fac40b2fe24e09293d7a4d46b4a2fcea0ce220bba89d34e97d8ad9322a442fb20251013.png","https://pigfarmmix.net/png_h/8fac40b2fe24e09293d7a4d46b4a2fcea0ce220bba89d34e97d8ad9322a442fb20251013.png","https://pigfarmmix.net/png_h/8fac40b2fe24e09293d7a4d46b4a2fcea0ce220bba89d34e97d8ad9322a442fb20251013.png"
"418","拇指豬姑娘","https://pigfarmmix.net/#/pig/418","https://pigfarmmix.net/png_h/f7c65ce1ae641e0e6a8ead6738e98c4c5f20466d0c7ddabb2fcc7dfb5133330b20251013.png","https://pigfarmmix.net/png_h/8fac40b2fe24e09293d7a4d46b4a2fcea0ce220bba89d34e97d8ad9322a442fb20251013.png","","4","60 分鐘","1 小時","24 小時","https://pigfarmmix.net/png_h/6585446bb2af50be3aaaf28d138c7bd5f2737b0e067ed0f28fa97b1f6b396d8020251013.png","肉色 [活動圖鑑]","≤ 131.6 kg","≥ 190.6 kg","5000 pt","https://pigfarmmix.net/png_h/a7c17665173739b203d7fab5046bd82964e973f62b1c34834f032ecb6c99fff520251013.png","","https://pigfarmmix.net/png_h/8fac40b2fe24e09293d7a4d46b4a2fcea0ce220bba89d34e97d8ad9322a442fb20251013.png","https://pigfarmmix.net/png_h/8fac40b2fe24e09293d7a4d46b4a2fcea0ce220bba89d34e97d8ad9322a442fb20251013.png","https://pigfarmmix.net/png_h/8fac40b2fe24e09293d7a4d46b4a2fcea0ce220bba89d34e97d8ad9322a442fb20251013.png","https://pigfarmmix.net/png_h/8fac40b2fe24e09293d7a4d46b4a2fcea0ce220bba89d34e97d8ad9322a442fb20251013.png"
"419","禮帽豬","https://pigfarmmix.net/#/pig/419","https://pigfarmmix.net/png_h/d82cfa6885101a1a9be8882f8afbd95dbf8dc56ff53d8afb6fe9a502db9978bf20251013.png","https://pigfarmmix.net/png_h/8fac40b2fe24e09293d7a4d46b4a2fcea0ce220bba89d34e97d8ad9322a442fb20251013.png","","3","60 分鐘","1 小時","30 小時","https://pigfarmmix.net/png_h/a6752c7f9968b9961d0e91ae2083fce3f62ee7ac7f4c8d0a45c0a32bae70c8f620251013.png","肉色 [活動圖鑑]","≤ 130.7 kg","≥ 179.1 kg","5500 pt","https://pigfarmmix.net/png_h/8634aa677090b5bfca798d786e8ef2e14d04de87c2335c7e4a7052c45d83ddd120251013.png","","https://pigfarmmix.net/png_h/8fac40b2fe24e09293d7a4d46b4a2fcea0ce220bba89d34e97d8ad9322a442fb20251013.png","https://pigfarmmix.net/png_h/8fac40b2fe24e09293d7a4d46b4a2fcea0ce220bba89d34e97d8ad9322a442fb20251013.png","https://pigfarmmix.net/png_h/8fac40b2fe24e09293d7a4d46b4a2fcea0ce220bba89d34e97d8ad9322a442fb20251013.png","https://pigfarmmix.net/png_h/8fac40b2fe24e09293d7a4d46b4a2fcea0ce220bba89d34e97d8ad9322a442fb20251013.png"
"420","竹取豬","https://pigfarmmix.net/#/pig/420","https://pigfarmmix.net/png_h/740e24180f49c8d8c90b192dd5fc7a58175f3bf4406048c9104c7ae7cadd799820251013.png","https://pigfarmmix.net/png_h/8fac40b2fe24e09293d7a4d46b4a2fcea0ce220bba89d34e97d8ad9322a442fb20251013.png","","4","60 分鐘","1 小時","32 小時","https://pigfarmmix.net/png_h/a68119aa8a6ceba07cf7cd15c2c4ea3a6f2a3313e58a78a2ec1216d15999fb8f20251013.png","白色 [活動圖鑑]","≤ 135.8 kg","≥ 230.1 kg","9000 pt","https://pigfarmmix.net/png_h/1a4d96e5f723848dfbd2bbb08fd82f6579c3850dcc352a2b9ee260764acd522320251013.png","","https://pigfarmmix.net/png_h/8fac40b2fe24e09293d7a4d46b4a2fcea0ce220bba89d34e97d8ad9322a442fb20251013.png","https://pigfarmmix.net/png_h/8fac40b2fe24e09293d7a4d46b4a2fcea0ce220bba89d34e97d8ad9322a442fb20251013.png","https://pigfarmmix.net/png_h/8fac40b2fe24e09293d7a4d46b4a2fcea0ce220bba89d34e97d8ad9322a442fb20251013.png","https://pigfarmmix.net/png_h/8fac40b2fe24e09293d7a4d46b4a2fcea0ce220bba89d34e97d8ad9322a442fb20251013.png"
"421","豬諾丘","https://pigfarmmix.net/#/pig/421","https://pigfarmmix.net/png_h/a5c79fee8492d15b2c49f5366b6ab14a3262b8213d2d6b5af8ac53459a87326c20251013.png","https://pigfarmmix.net/png_h/8fac40b2fe24e09293d7a4d46b4a2fcea0ce220bba89d34e97d8ad9322a442fb20251013.png","","4","60 分鐘","1 小時","26 小時","https://pigfarmmix.net/png_h/9fc1edfa8a25ba821f32de73ee24d6907de827874d33d8400a273fbe122ac58920251013.png","米色 [活動圖鑑]","≤ 131.6 kg","≥ 192.1 kg","8500 pt","https://pigfarmmix.net/png_h/8634aa677090b5bfca798d786e8ef2e14d04de87c2335c7e4a7052c45d83ddd120251013.png","","https://pigfarmmix.net/png_h/8fac40b2fe24e09293d7a4d46b4a2fcea0ce220bba89d34e97d8ad9322a442fb20251013.png","https://pigfarmmix.net/png_h/8fac40b2fe24e09293d7a4d46b4a2fcea0ce220bba89d34e97d8ad9322a442fb20251013.png","https://pigfarmmix.net/png_h/8fac40b2fe24e09293d7a4d46b4a2fcea0ce220bba89d34e97d8ad9322a442fb20251013.png","https://pigfarmmix.net/png_h/8fac40b2fe24e09293d7a4d46b4a2fcea0ce220bba89d34e97d8ad9322a442fb20251013.png"
"422","豬仙子","https://pigfarmmix.net/#/pig/422","https://pigfarmmix.net/png_h/bb5b23ed2c04f8bed0bb66c62574ec1dd2457cbb0c9117913879dfca47f0c92920251013.png","https://pigfarmmix.net/png_h/8fac40b2fe24e09293d7a4d46b4a2fcea0ce220bba89d34e97d8ad9322a442fb20251013.png","","3","0 小時","58 分鐘","24 小時","https://pigfarmmix.net/png_h/a68119aa8a6ceba07cf7cd15c2c4ea3a6f2a3313e58a78a2ec1216d15999fb8f20251013.png","白色 [活動圖鑑]","≤ 131.8 kg","≥ 198.0 kg","7000 pt","https://pigfarmmix.net/png_h/1083a39a293067c36e6e25b013d3a87904536ffef5349212d9a97fae8ca2b74420251013.png","","https://pigfarmmix.net/png_h/8fac40b2fe24e09293d7a4d46b4a2fcea0ce220bba89d34e97d8ad9322a442fb20251013.png","https://pigfarmmix.net/png_h/8fac40b2fe24e09293d7a4d46b4a2fcea0ce220bba89d34e97d8ad9322a442fb20251013.png","https://pigfarmmix.net/png_h/8fac40b2fe24e09293d7a4d46b4a2fcea0ce220bba89d34e97d8ad9322a442fb20251013.png",""
"423","傑佩托豬爺爺","https://pigfarmmix.net/#/pig/423","https://pigfarmmix.net/png_h/e6212e65769773bc0289dca84468d05af3ed86ad7df85a882809c6513ea86a7020251013.png","https://pigfarmmix.net/png_h/8fac40b2fe24e09293d7a4d46b4a2fcea0ce220bba89d34e97d8ad9322a442fb20251013.png","","2","60 分鐘","1 小時","20 小時","https://pigfarmmix.net/png_h/a6752c7f9968b9961d0e91ae2083fce3f62ee7ac7f4c8d0a45c0a32bae70c8f620251013.png","肉色 [活動圖鑑]","≤ 126.8 kg","≥ 163.6 kg","3500 pt","https://pigfarmmix.net/png_h/d48df30397ce33593ddd99a7039b689c0ca8147be77810da82091e7db2ac5ba720251013.png","","https://pigfarmmix.net/png_h/8fac40b2fe24e09293d7a4d46b4a2fcea0ce220bba89d34e97d8ad9322a442fb20251013.png","https://pigfarmmix.net/png_h/8fac40b2fe24e09293d7a4d46b4a2fcea0ce220bba89d34e97d8ad9322a442fb20251013.png","",""
"424","長髮豬公主","https://pigfarmmix.net/#/pig/424","https://pigfarmmix.net/png_h/4504356019449dcd56a8fd9c1e0140e0f86a195148806d1f6d7b092d74fa611c20251013.png","https://pigfarmmix.net/png_h/8fac40b2fe24e09293d7a4d46b4a2fcea0ce220bba89d34e97d8ad9322a442fb20251013.png","","1","60 分鐘","1 小時","18 小時","https://pigfarmmix.net/png_h/a68119aa8a6ceba07cf7cd15c2c4ea3a6f2a3313e58a78a2ec1216d15999fb8f20251013.png","白色 [活動圖鑑]","≤ 128.9 kg","≥ 172.6 kg","4500 pt","https://pigfarmmix.net/png_h/a7c17665173739b203d7fab5046bd82964e973f62b1c34834f032ecb6c99fff520251013.png","","https://pigfarmmix.net/png_h/8fac40b2fe24e09293d7a4d46b4a2fcea0ce220bba89d34e97d8ad9322a442fb20251013.png","https://pigfarmmix.net/png_h/8fac40b2fe24e09293d7a4d46b4a2fcea0ce220bba89d34e97d8ad9322a442fb20251013.png","https://pigfarmmix.net/png_h/8fac40b2fe24e09293d7a4d46b4a2fcea0ce220bba89d34e97d8ad9322a442fb20251013.png","https://pigfarmmix.net/png_h/8fac40b2fe24e09293d7a4d46b4a2fcea0ce220bba89d34e97d8ad9322a442fb20251013.png"
"425","樂隊豬","https://pigfarmmix.net/#/pig/425","https://pigfarmmix.net/png_h/5aa14da6df543e74413177d84fdc757e605ca60cf0d463b282c9c07ce48d836820251013.png","https://pigfarmmix.net/png_h/8fac40b2fe24e09293d7a4d46b4a2fcea0ce220bba89d34e97d8ad9322a442fb20251013.png","不挑食","4","60 分鐘","1 小時","20 小時","https://pigfarmmix.net/png_h/a6752c7f9968b9961d0e91ae2083fce3f62ee7ac7f4c8d0a45c0a32bae70c8f620251013.png","肉色 [活動圖鑑]","≤ 131.6 kg","≥ 187.6 kg","8000 pt","","","https://pigfarmmix.net/png_h/8fac40b2fe24e09293d7a4d46b4a2fcea0ce220bba89d34e97d8ad9322a442fb20251013.png","https://pigfarmmix.net/png_h/8fac40b2fe24e09293d7a4d46b4a2fcea0ce220bba89d34e97d8ad9322a442fb20251013.png","https://pigfarmmix.net/png_h/8fac40b2fe24e09293d7a4d46b4a2fcea0ce220bba89d34e97d8ad9322a442fb20251013.png","https://pigfarmmix.net/png_h/8fac40b2fe24e09293d7a4d46b4a2fcea0ce220bba89d34e97d8ad9322a442fb20251013.png"
"426","睡美豬","https://pigfarmmix.net/#/pig/426","https://pigfarmmix.net/png_h/fa0ef56377b0c0481cf84bcde008f1cf4fdda498e3f2305e8e9eb7b892b7b79220251013.png","https://pigfarmmix.net/png_h/8fac40b2fe24e09293d7a4d46b4a2fcea0ce220bba89d34e97d8ad9322a442fb20251013.png","","5","60 分鐘","1 小時","15 小時","https://pigfarmmix.net/png_h/a6752c7f9968b9961d0e91ae2083fce3f62ee7ac7f4c8d0a45c0a32bae70c8f620251013.png","肉色 [活動圖鑑]","≤ 134.2 kg","≥ 183.9 kg","9000 pt","https://pigfarmmix.net/png_h/ae37f6e04cdc1a9c13b5d505e598173fcce41b6af8074c98d775c0f1c6b04d6c20251013.png","","https://pigfarmmix.net/png_h/8fac40b2fe24e09293d7a4d46b4a2fcea0ce220bba89d34e97d8ad9322a442fb20251013.png","https://pigfarmmix.net/png_h/8fac40b2fe24e09293d7a4d46b4a2fcea0ce220bba89d34e97d8ad9322a442fb20251013.png","https://pigfarmmix.net/png_h/8fac40b2fe24e09293d7a4d46b4a2fcea0ce220bba89d34e97d8ad9322a442fb20251013.png","https://pigfarmmix.net/png_h/8fac40b2fe24e09293d7a4d46b4a2fcea0ce220bba89d34e97d8ad9322a442fb20251013.png"
"427","雪之女王豬","https://pigfarmmix.net/#/pig/427","https://pigfarmmix.net/png_h/ec4b6904db4eea067c6d3823737a776f07387b2a7401f64ee728d0605e761ade20251013.png","https://pigfarmmix.net/png_h/8fac40b2fe24e09293d7a4d46b4a2fcea0ce220bba89d34e97d8ad9322a442fb20251013.png","","4","0 小時","58 分鐘","24 小時","https://pigfarmmix.net/png_h/a68119aa8a6ceba07cf7cd15c2c4ea3a6f2a3313e58a78a2ec1216d15999fb8f20251013.png","白色 [活動圖鑑]","≤ 134.4 kg","≥ 220.8 kg","8000 pt","https://pigfarmmix.net/png_h/1083a39a293067c36e6e25b013d3a87904536ffef5349212d9a97fae8ca2b74420251013.png","","https://pigfarmmix.net/png_h/8fac40b2fe24e09293d7a4d46b4a2fcea0ce220bba89d34e97d8ad9322a442fb20251013.png","https://pigfarmmix.net/png_h/8fac40b2fe24e09293d7a4d46b4a2fcea0ce220bba89d34e97d8ad9322a442fb20251013.png","https://pigfarmmix.net/png_h/8fac40b2fe24e09293d7a4d46b4a2fcea0ce220bba89d34e97d8ad9322a442fb20251013.png","https://pigfarmmix.net/png_h/8fac40b2fe24e09293d7a4d46b4a2fcea0ce220bba89d34e97d8ad9322a442fb20251013.png"
"428","報恩豬豬","https://pigfarmmix.net/#/pig/428","https://pigfarmmix.net/png_h/4a83f1e2a12a2520b640d0c41499f3cc86bbdb4c4733a1b4cf55530dbbecbea220251013.png","https://pigfarmmix.net/png_h/8fac40b2fe24e09293d7a4d46b4a2fcea0ce220bba89d34e97d8ad9322a442fb20251013.png","不挑食","1","60 分鐘","1 小時","18 小時","https://pigfarmmix.net/png_h/a68119aa8a6ceba07cf7cd15c2c4ea3a6f2a3313e58a78a2ec1216d15999fb8f20251013.png","白色 [活動圖鑑]","≤ 127.9 kg","≥ 180.0 kg","5000 pt","","","https://pigfarmmix.net/png_h/8fac40b2fe24e09293d7a4d46b4a2fcea0ce220bba89d34e97d8ad9322a442fb20251013.png","https://pigfarmmix.net/png_h/8fac40b2fe24e09293d7a4d46b4a2fcea0ce220bba89d34e97d8ad9322a442fb20251013.png","https://pigfarmmix.net/png_h/8fac40b2fe24e09293d7a4d46b4a2fcea0ce220bba89d34e97d8ad9322a442fb20251013.png",""
"429","賣火柴的小豬","https://pigfarmmix.net/#/pig/429","https://pigfarmmix.net/png_h/85b171846a73b549c302d7446b66dbf1a93ac2df19bfda947880d2338b5cfe5720251013.png","https://pigfarmmix.net/png_h/8fac40b2fe24e09293d7a4d46b4a2fcea0ce220bba89d34e97d8ad9322a442fb20251013.png","不挑食","1","0 小時","58 分鐘","12 小時","https://pigfarmmix.net/png_h/6585446bb2af50be3aaaf28d138c7bd5f2737b0e067ed0f28fa97b1f6b396d8020251013.png","肉色 [活動圖鑑]","≤ 125.9 kg","≥ 170.2 kg","3500 pt","","","https://pigfarmmix.net/png_h/8fac40b2fe24e09293d7a4d46b4a2fcea0ce220bba89d34e97d8ad9322a442fb20251013.png","https://pigfarmmix.net/png_h/8fac40b2fe24e09293d7a4d46b4a2fcea0ce220bba89d34e97d8ad9322a442fb20251013.png","",""
"430","乙豬","https://pigfarmmix.net/#/pig/430","https://pigfarmmix.net/png_h/fcb298b9a7388467bce11d18de63d936a00818b0993a818e4487391d68783a3120251013.png","https://pigfarmmix.net/png_h/8fac40b2fe24e09293d7a4d46b4a2fcea0ce220bba89d34e97d8ad9322a442fb20251013.png","","4","60 分鐘","1 小時","24 小時","https://pigfarmmix.net/png_h/a68119aa8a6ceba07cf7cd15c2c4ea3a6f2a3313e58a78a2ec1216d15999fb8f20251013.png","白色 [活動圖鑑]","≤ 134.4 kg","≥ 220.8 kg","8500 pt","https://pigfarmmix.net/png_h/1083a39a293067c36e6e25b013d3a87904536ffef5349212d9a97fae8ca2b74420251013.png","","https://pigfarmmix.net/png_h/8fac40b2fe24e09293d7a4d46b4a2fcea0ce220bba89d34e97d8ad9322a442fb20251013.png","https://pigfarmmix.net/png_h/8fac40b2fe24e09293d7a4d46b4a2fcea0ce220bba89d34e97d8ad9322a442fb20251013.png","https://pigfarmmix.net/png_h/8fac40b2fe24e09293d7a4d46b4a2fcea0ce220bba89d34e97d8ad9322a442fb20251013.png","https://pigfarmmix.net/png_h/8fac40b2fe24e09293d7a4d46b4a2fcea0ce220bba89d34e97d8ad9322a442fb20251013.png"
"431","氣球豬","https://pigfarmmix.net/#/pig/431","https://pigfarmmix.net/png_h/5a639dd997d66b93924cf7fb257d24a7fce147284d926045e103af0720890cb720251013.png","https://pigfarmmix.net/png_h/8fac40b2fe24e09293d7a4d46b4a2fcea0ce220bba89d34e97d8ad9322a442fb20251013.png","","5","60 分鐘","1 小時","24 小時","https://pigfarmmix.net/png_h/a6752c7f9968b9961d0e91ae2083fce3f62ee7ac7f4c8d0a45c0a32bae70c8f620251013.png","肉色 [活動圖鑑]","≤ 134.2 kg","≥ 181.6 kg","8000 pt","https://pigfarmmix.net/png_h/ae37f6e04cdc1a9c13b5d505e598173fcce41b6af8074c98d775c0f1c6b04d6c20251013.png","","https://pigfarmmix.net/png_h/8fac40b2fe24e09293d7a4d46b4a2fcea0ce220bba89d34e97d8ad9322a442fb20251013.png","https://pigfarmmix.net/png_h/8fac40b2fe24e09293d7a4d46b4a2fcea0ce220bba89d34e97d8ad9322a442fb20251013.png","https://pigfarmmix.net/png_h/8fac40b2fe24e09293d7a4d46b4a2fcea0ce220bba89d34e97d8ad9322a442fb20251013.png","https://pigfarmmix.net/png_h/8fac40b2fe24e09293d7a4d46b4a2fcea0ce220bba89d34e97d8ad9322a442fb20251013.png"
"432","暴龍豬","https://pigfarmmix.net/#/pig/432","https://pigfarmmix.net/png_h/08c03819ffaebae6abe79150cf19f94a712937a9d7cb6f7446352d6ccae2d47020251013.png","https://pigfarmmix.net/png_h/8fac40b2fe24e09293d7a4d46b4a2fcea0ce220bba89d34e97d8ad9322a442fb20251013.png","不挑食","6","0 小時","58 分鐘","20 小時","https://pigfarmmix.net/png_h/97cbaccfa405480612d3bf7e152c0f7f8d8507099b5839dfa19df61f5181feec20251013.png","灰色 [活動圖鑑]","≤ 133.4 kg","≥ 187.6 kg","8500 pt","","","https://pigfarmmix.net/png_h/8fac40b2fe24e09293d7a4d46b4a2fcea0ce220bba89d34e97d8ad9322a442fb20251013.png","https://pigfarmmix.net/png_h/8fac40b2fe24e09293d7a4d46b4a2fcea0ce220bba89d34e97d8ad9322a442fb20251013.png","https://pigfarmmix.net/png_h/8fac40b2fe24e09293d7a4d46b4a2fcea0ce220bba89d34e97d8ad9322a442fb20251013.png","https://pigfarmmix.net/png_h/8fac40b2fe24e09293d7a4d46b4a2fcea0ce220bba89d34e97d8ad9322a442fb20251013.png"
"433","三角龍豬","https://pigfarmmix.net/#/pig/433","https://pigfarmmix.net/png_h/8c86037391660dcc5d13f266fa0842df3bdbdccc19939c187519c6924ff8d8af20251013.png","https://pigfarmmix.net/png_h/8fac40b2fe24e09293d7a4d46b4a2fcea0ce220bba89d34e97d8ad9322a442fb20251013.png","","4","0 小時","58 分鐘","18 小時","https://pigfarmmix.net/png_h/a68119aa8a6ceba07cf7cd15c2c4ea3a6f2a3313e58a78a2ec1216d15999fb8f20251013.png","白色 [活動圖鑑]","≤ 130.6 kg","≥ 167.7 kg","5500 pt","https://pigfarmmix.net/png_h/a7c17665173739b203d7fab5046bd82964e973f62b1c34834f032ecb6c99fff520251013.png","","https://pigfarmmix.net/png_h/8fac40b2fe24e09293d7a4d46b4a2fcea0ce220bba89d34e97d8ad9322a442fb20251013.png","https://pigfarmmix.net/png_h/8fac40b2fe24e09293d7a4d46b4a2fcea0ce220bba89d34e97d8ad9322a442fb20251013.png","https://pigfarmmix.net/png_h/8fac40b2fe24e09293d7a4d46b4a2fcea0ce220bba89d34e97d8ad9322a442fb20251013.png",""
"434","翼龍豬","https://pigfarmmix.net/#/pig/434","https://pigfarmmix.net/png_h/82b252a7df23508ed8045be65fecf8fe206106ea00441ff392306b59db306e5a20251013.png","https://pigfarmmix.net/png_h/8fac40b2fe24e09293d7a4d46b4a2fcea0ce220bba89d34e97d8ad9322a442fb20251013.png","不挑食","3","0 小時","58 分鐘","14 小時","https://pigfarmmix.net/png_h/9fc1edfa8a25ba821f32de73ee24d6907de827874d33d8400a273fbe122ac58920251013.png","米色 [活動圖鑑]","≤ 127.7 kg","≥ 171.4 kg","3500 pt","","","https://pigfarmmix.net/png_h/8fac40b2fe24e09293d7a4d46b4a2fcea0ce220bba89d34e97d8ad9322a442fb20251013.png","https://pigfarmmix.net/png_h/8fac40b2fe24e09293d7a4d46b4a2fcea0ce220bba89d34e97d8ad9322a442fb20251013.png","",""
"435","紅髮安妮豬","https://pigfarmmix.net/#/pig/435","https://pigfarmmix.net/png_h/a222d37d84c6484b7d4e04ead3c0c98328a2c1423c178b598b84276bbbd15b4d20251013.png","https://pigfarmmix.net/png_h/8fac40b2fe24e09293d7a4d46b4a2fcea0ce220bba89d34e97d8ad9322a442fb20251013.png","不挑食","2","60 分鐘","1 小時","11 小時","https://pigfarmmix.net/png_h/a68119aa8a6ceba07cf7cd15c2c4ea3a6f2a3313e58a78a2ec1216d15999fb8f20251013.png","白色 [活動圖鑑]","≤ 129.8 kg","≥ 180.9 kg","7500 pt","","","https://pigfarmmix.net/png_h/8fac40b2fe24e09293d7a4d46b4a2fcea0ce220bba89d34e97d8ad9322a442fb20251013.png","https://pigfarmmix.net/png_h/8fac40b2fe24e09293d7a4d46b4a2fcea0ce220bba89d34e97d8ad9322a442fb20251013.png","https://pigfarmmix.net/png_h/8fac40b2fe24e09293d7a4d46b4a2fcea0ce220bba89d34e97d8ad9322a442fb20251013.png","https://pigfarmmix.net/png_h/8fac40b2fe24e09293d7a4d46b4a2fcea0ce220bba89d34e97d8ad9322a442fb20251013.png"
"436","富士豬","https://pigfarmmix.net/#/pig/436","https://pigfarmmix.net/png_h/935a2430f2fbce3bca60eeefd2a8c5f1ece300fb823fcc73cde3b7e8e594208920251013.png","https://pigfarmmix.net/png_h/8fac40b2fe24e09293d7a4d46b4a2fcea0ce220bba89d34e97d8ad9322a442fb20251013.png","","4","60 分鐘","1 小時","24 小時","https://pigfarmmix.net/png_h/97cbaccfa405480612d3bf7e152c0f7f8d8507099b5839dfa19df61f5181feec20251013.png","灰色 [活動圖鑑]","≤ 131.6 kg","≥ 175.9 kg","8500 pt","https://pigfarmmix.net/png_h/a7c17665173739b203d7fab5046bd82964e973f62b1c34834f032ecb6c99fff520251013.png","","https://pigfarmmix.net/png_h/8fac40b2fe24e09293d7a4d46b4a2fcea0ce220bba89d34e97d8ad9322a442fb20251013.png","https://pigfarmmix.net/png_h/8fac40b2fe24e09293d7a4d46b4a2fcea0ce220bba89d34e97d8ad9322a442fb20251013.png","https://pigfarmmix.net/png_h/8fac40b2fe24e09293d7a4d46b4a2fcea0ce220bba89d34e97d8ad9322a442fb20251013.png","https://pigfarmmix.net/png_h/8fac40b2fe24e09293d7a4d46b4a2fcea0ce220bba89d34e97d8ad9322a442fb20251013.png"
"437","西洋古董豬","https://pigfarmmix.net/#/pig/437","https://pigfarmmix.net/png_h/fae7df59b6ae8d11ef34c8e75d13ef37bba4112cddcabf2f9e37838b13e91ec420251013.png","https://pigfarmmix.net/png_h/8fac40b2fe24e09293d7a4d46b4a2fcea0ce220bba89d34e97d8ad9322a442fb20251013.png","","3","60 分鐘","1 小時","22 小時","https://pigfarmmix.net/png_h/a68119aa8a6ceba07cf7cd15c2c4ea3a6f2a3313e58a78a2ec1216d15999fb8f20251013.png","白色 [活動圖鑑]","≤ 133.0 kg","≥ 206.8 kg","8500 pt","https://pigfarmmix.net/png_h/ae37f6e04cdc1a9c13b5d505e598173fcce41b6af8074c98d775c0f1c6b04d6c20251013.png","","https://pigfarmmix.net/png_h/8fac40b2fe24e09293d7a4d46b4a2fcea0ce220bba89d34e97d8ad9322a442fb20251013.png","https://pigfarmmix.net/png_h/8fac40b2fe24e09293d7a4d46b4a2fcea0ce220bba89d34e97d8ad9322a442fb20251013.png","https://pigfarmmix.net/png_h/8fac40b2fe24e09293d7a4d46b4a2fcea0ce220bba89d34e97d8ad9322a442fb20251013.png","https://pigfarmmix.net/png_h/8fac40b2fe24e09293d7a4d46b4a2fcea0ce220bba89d34e97d8ad9322a442fb20251013.png"
"438","柴郡豬","https://pigfarmmix.net/#/pig/438","https://pigfarmmix.net/png_h/2049bcdc2eeaf5578c7b9cffd90aca7cbe31319f9c3fc6712d926b163a9d5ae920251013.png","https://pigfarmmix.net/png_h/8fac40b2fe24e09293d7a4d46b4a2fcea0ce220bba89d34e97d8ad9322a442fb20251013.png","不挑食","4","120 分鐘","2 小時","28 小時","https://pigfarmmix.net/png_h/46827eaf3344f3d5d59295ae2c237b7ef05252fa01f7f38bb1e57ac062d9c15520251013.png","粉紅 [活動圖鑑]","≤ 131.6 kg","≥ 173.3 kg","8000 pt","","","https://pigfarmmix.net/png_h/8fac40b2fe24e09293d7a4d46b4a2fcea0ce220bba89d34e97d8ad9322a442fb20251013.png","https://pigfarmmix.net/png_h/8fac40b2fe24e09293d7a4d46b4a2fcea0ce220bba89d34e97d8ad9322a442fb20251013.png","https://pigfarmmix.net/png_h/8fac40b2fe24e09293d7a4d46b4a2fcea0ce220bba89d34e97d8ad9322a442fb20251013.png","https://pigfarmmix.net/png_h/8fac40b2fe24e09293d7a4d46b4a2fcea0ce220bba89d34e97d8ad9322a442fb20251013.png"
"439","北極豬","https://pigfarmmix.net/#/pig/439","https://pigfarmmix.net/png_h/179fb9edde47b0639a272eee8115491b9ca3aa9f4f1f52c7fb52f0acd6a48b9920251013.png","https://pigfarmmix.net/png_h/8fac40b2fe24e09293d7a4d46b4a2fcea0ce220bba89d34e97d8ad9322a442fb20251013.png","不挑食","4","120 分鐘","2 小時","26 小時","https://pigfarmmix.net/png_h/a68119aa8a6ceba07cf7cd15c2c4ea3a6f2a3313e58a78a2ec1216d15999fb8f20251013.png","白色 [活動圖鑑]","≤ 131.6 kg","≥ 164.5 kg","9000 pt","","","https://pigfarmmix.net/png_h/8fac40b2fe24e09293d7a4d46b4a2fcea0ce220bba89d34e97d8ad9322a442fb20251013.png","https://pigfarmmix.net/png_h/8fac40b2fe24e09293d7a4d46b4a2fcea0ce220bba89d34e97d8ad9322a442fb20251013.png","https://pigfarmmix.net/png_h/8fac40b2fe24e09293d7a4d46b4a2fcea0ce220bba89d34e97d8ad9322a442fb20251013.png","https://pigfarmmix.net/png_h/8fac40b2fe24e09293d7a4d46b4a2fcea0ce220bba89d34e97d8ad9322a442fb20251013.png"
"440","海象豬","https://pigfarmmix.net/#/pig/440","https://pigfarmmix.net/png_h/f2a575a67d0ea06b177c79801a082d9756020cfd7f780dc7c864f9f7ba9d228b20251013.png","https://pigfarmmix.net/png_h/8fac40b2fe24e09293d7a4d46b4a2fcea0ce220bba89d34e97d8ad9322a442fb20251013.png","不挑食","6","0 小時","58 分鐘","30 小時","https://pigfarmmix.net/png_h/9fc1edfa8a25ba821f32de73ee24d6907de827874d33d8400a273fbe122ac58920251013.png","米色 [活動圖鑑]","≤ 132.4 kg","≥ 188.2 kg","7500 pt","","","https://pigfarmmix.net/png_h/8fac40b2fe24e09293d7a4d46b4a2fcea0ce220bba89d34e97d8ad9322a442fb20251013.png","https://pigfarmmix.net/png_h/8fac40b2fe24e09293d7a4d46b4a2fcea0ce220bba89d34e97d8ad9322a442fb20251013.png","https://pigfarmmix.net/png_h/8fac40b2fe24e09293d7a4d46b4a2fcea0ce220bba89d34e97d8ad9322a442fb20251013.png",""
"441","企鵝豬","https://pigfarmmix.net/#/pig/441","https://pigfarmmix.net/png_h/1af7238fbd9aff1cdd6a9633a06c3cc58875177a47bce8f13e803df8dc3bd11b20251013.png","https://pigfarmmix.net/png_h/8fac40b2fe24e09293d7a4d46b4a2fcea0ce220bba89d34e97d8ad9322a442fb20251013.png","不挑食","4","0 小時","58 分鐘","18 小時","https://pigfarmmix.net/png_h/a68119aa8a6ceba07cf7cd15c2c4ea3a6f2a3313e58a78a2ec1216d15999fb8f20251013.png","白色 [活動圖鑑]","≤ 128.6 kg","≥ 173.9 kg","4000 pt","","","https://pigfarmmix.net/png_h/8fac40b2fe24e09293d7a4d46b4a2fcea0ce220bba89d34e97d8ad9322a442fb20251013.png","https://pigfarmmix.net/png_h/8fac40b2fe24e09293d7a4d46b4a2fcea0ce220bba89d34e97d8ad9322a442fb20251013.png","",""
"442","斯坦奇克小丑豬","https://pigfarmmix.net/#/pig/442","https://pigfarmmix.net/png_h/b6ccb5ffe65bed2bccf4872128c6b0305eae08634734cb3110348e4e43f982eb20251013.png","https://pigfarmmix.net/png_h/8fac40b2fe24e09293d7a4d46b4a2fcea0ce220bba89d34e97d8ad9322a442fb20251013.png","","4","0 小時","58 分鐘","20 小時","https://pigfarmmix.net/png_h/a68119aa8a6ceba07cf7cd15c2c4ea3a6f2a3313e58a78a2ec1216d15999fb8f20251013.png","白色 [活動圖鑑]","≤ 132.6 kg","≥ 216.2 kg","9000 pt","https://pigfarmmix.net/png_h/d48df30397ce33593ddd99a7039b689c0ca8147be77810da82091e7db2ac5ba720251013.png","","https://pigfarmmix.net/png_h/8fac40b2fe24e09293d7a4d46b4a2fcea0ce220bba89d34e97d8ad9322a442fb20251013.png","https://pigfarmmix.net/png_h/8fac40b2fe24e09293d7a4d46b4a2fcea0ce220bba89d34e97d8ad9322a442fb20251013.png","https://pigfarmmix.net/png_h/8fac40b2fe24e09293d7a4d46b4a2fcea0ce220bba89d34e97d8ad9322a442fb20251013.png","https://pigfarmmix.net/png_h/8fac40b2fe24e09293d7a4d46b4a2fcea0ce220bba89d34e97d8ad9322a442fb20251013.png"
"443","豬豬幸運七","https://pigfarmmix.net/#/pig/443","https://pigfarmmix.net/png_h/a5eafa4ab384840f0c84e90d6bd0ee51bc2369ee9db970e91ade1a785f17cc1420251013.png","https://pigfarmmix.net/png_h/8fac40b2fe24e09293d7a4d46b4a2fcea0ce220bba89d34e97d8ad9322a442fb20251013.png","不挑食","7","0 小時","58 分鐘","21 小時","https://pigfarmmix.net/png_h/97cbaccfa405480612d3bf7e152c0f7f8d8507099b5839dfa19df61f5181feec20251013.png","灰色 [活動圖鑑]","≤ 134.3 kg","≥ 188.3 kg","9000 pt","","","https://pigfarmmix.net/png_h/8fac40b2fe24e09293d7a4d46b4a2fcea0ce220bba89d34e97d8ad9322a442fb20251013.png","https://pigfarmmix.net/png_h/8fac40b2fe24e09293d7a4d46b4a2fcea0ce220bba89d34e97d8ad9322a442fb20251013.png","https://pigfarmmix.net/png_h/8fac40b2fe24e09293d7a4d46b4a2fcea0ce220bba89d34e97d8ad9322a442fb20251013.png","https://pigfarmmix.net/png_h/8fac40b2fe24e09293d7a4d46b4a2fcea0ce220bba89d34e97d8ad9322a442fb20251013.png"
"444","劍龍豬","https://pigfarmmix.net/#/pig/444","https://pigfarmmix.net/png_h/caea48c2f44020f965e0ade784512830526662bdd99f73dd7616d56ee48fe1b520251013.png","https://pigfarmmix.net/png_h/8fac40b2fe24e09293d7a4d46b4a2fcea0ce220bba89d34e97d8ad9322a442fb20251013.png","","5","0 小時","58 分鐘","16 小時","https://pigfarmmix.net/png_h/a68119aa8a6ceba07cf7cd15c2c4ea3a6f2a3313e58a78a2ec1216d15999fb8f20251013.png","白色 [活動圖鑑]","≤ 132.5 kg","≥ 171.6 kg","8000 pt","https://pigfarmmix.net/png_h/d48df30397ce33593ddd99a7039b689c0ca8147be77810da82091e7db2ac5ba720251013.png","","https://pigfarmmix.net/png_h/8fac40b2fe24e09293d7a4d46b4a2fcea0ce220bba89d34e97d8ad9322a442fb20251013.png","https://pigfarmmix.net/png_h/8fac40b2fe24e09293d7a4d46b4a2fcea0ce220bba89d34e97d8ad9322a442fb20251013.png","https://pigfarmmix.net/png_h/8fac40b2fe24e09293d7a4d46b4a2fcea0ce220bba89d34e97d8ad9322a442fb20251013.png","https://pigfarmmix.net/png_h/8fac40b2fe24e09293d7a4d46b4a2fcea0ce220bba89d34e97d8ad9322a442fb20251013.png"
"445","甲龍豬","https://pigfarmmix.net/#/pig/445","https://pigfarmmix.net/png_h/ed9fa65c7c0a870886af574a5689f38af542a6f27bf20134e9daa4027790bafa20251013.png","https://pigfarmmix.net/png_h/8fac40b2fe24e09293d7a4d46b4a2fcea0ce220bba89d34e97d8ad9322a442fb20251013.png","不挑食","4","0 小時","58 分鐘","18 小時","https://pigfarmmix.net/png_h/97cbaccfa405480612d3bf7e152c0f7f8d8507099b5839dfa19df61f5181feec20251013.png","灰色 [活動圖鑑]","≤ 130.6 kg","≥ 180.0 kg","5000 pt","","","https://pigfarmmix.net/png_h/8fac40b2fe24e09293d7a4d46b4a2fcea0ce220bba89d34e97d8ad9322a442fb20251013.png","https://pigfarmmix.net/png_h/8fac40b2fe24e09293d7a4d46b4a2fcea0ce220bba89d34e97d8ad9322a442fb20251013.png","https://pigfarmmix.net/png_h/8fac40b2fe24e09293d7a4d46b4a2fcea0ce220bba89d34e97d8ad9322a442fb20251013.png",""
"446","滄龍豬","https://pigfarmmix.net/#/pig/446","https://pigfarmmix.net/png_h/6c9e40bb08885a2d8043f12081946abc98664a6b57067990289a3f1f1a65088820251013.png","https://pigfarmmix.net/png_h/8fac40b2fe24e09293d7a4d46b4a2fcea0ce220bba89d34e97d8ad9322a442fb20251013.png","不挑食","2","0 小時","58 分鐘","12 小時","https://pigfarmmix.net/png_h/46827eaf3344f3d5d59295ae2c237b7ef05252fa01f7f38bb1e57ac062d9c15520251013.png","粉紅 [活動圖鑑]","≤ 126.8 kg","≥ 170.2 kg","3500 pt","","","https://pigfarmmix.net/png_h/8fac40b2fe24e09293d7a4d46b4a2fcea0ce220bba89d34e97d8ad9322a442fb20251013.png","https://pigfarmmix.net/png_h/8fac40b2fe24e09293d7a4d46b4a2fcea0ce220bba89d34e97d8ad9322a442fb20251013.png","",""
"447","李小豬","https://pigfarmmix.net/#/pig/447","https://pigfarmmix.net/png_h/3f590c4cb4f021ee35cd4589ae7cf828f5353e896faf8daa36dbc20bf6530e0220251013.png","https://pigfarmmix.net/png_h/8fac40b2fe24e09293d7a4d46b4a2fcea0ce220bba89d34e97d8ad9322a442fb20251013.png","不挑食","5","0 小時","58 分鐘","16 小時","https://pigfarmmix.net/png_h/46827eaf3344f3d5d59295ae2c237b7ef05252fa01f7f38bb1e57ac062d9c15520251013.png","粉紅 [活動圖鑑]","≤ 132.5 kg","≥ 184.6 kg","8500 pt","","","https://pigfarmmix.net/png_h/8fac40b2fe24e09293d7a4d46b4a2fcea0ce220bba89d34e97d8ad9322a442fb20251013.png","https://pigfarmmix.net/png_h/8fac40b2fe24e09293d7a4d46b4a2fcea0ce220bba89d34e97d8ad9322a442fb20251013.png","https://pigfarmmix.net/png_h/8fac40b2fe24e09293d7a4d46b4a2fcea0ce220bba89d34e97d8ad9322a442fb20251013.png","https://pigfarmmix.net/png_h/8fac40b2fe24e09293d7a4d46b4a2fcea0ce220bba89d34e97d8ad9322a442fb20251013.png"
"448","成龍豬","https://pigfarmmix.net/#/pig/448","https://pigfarmmix.net/png_h/41052fa3b14791502f178d5cdb27651730f03a731268a12f36f6d88e8c421a2f20251013.png","https://pigfarmmix.net/png_h/8fac40b2fe24e09293d7a4d46b4a2fcea0ce220bba89d34e97d8ad9322a442fb20251013.png","不挑食","3","0 小時","58 分鐘","12 小時","https://pigfarmmix.net/png_h/a6752c7f9968b9961d0e91ae2083fce3f62ee7ac7f4c8d0a45c0a32bae70c8f620251013.png","肉色 [活動圖鑑]","≤ 129.7 kg","≥ 175.9 kg","6500 pt","","","https://pigfarmmix.net/png_h/8fac40b2fe24e09293d7a4d46b4a2fcea0ce220bba89d34e97d8ad9322a442fb20251013.png","https://pigfarmmix.net/png_h/8fac40b2fe24e09293d7a4d46b4a2fcea0ce220bba89d34e97d8ad9322a442fb20251013.png","https://pigfarmmix.net/png_h/8fac40b2fe24e09293d7a4d46b4a2fcea0ce220bba89d34e97d8ad9322a442fb20251013.png",""
"449","椰子豬","https://pigfarmmix.net/#/pig/449","https://pigfarmmix.net/png_h/ef6ab59c0c8530b9612ee6d4e395075cc805b8ecfbbaa03f10944214a501337220251013.png","https://pigfarmmix.net/png_h/8fac40b2fe24e09293d7a4d46b4a2fcea0ce220bba89d34e97d8ad9322a442fb20251013.png","","2","0 小時","58 分鐘","20 小時","https://pigfarmmix.net/png_h/9fc1edfa8a25ba821f32de73ee24d6907de827874d33d8400a273fbe122ac58920251013.png","米色 [活動圖鑑]","≤ 131.9 kg","≥ 216.2 kg","8000 pt","https://pigfarmmix.net/png_h/1a4d96e5f723848dfbd2bbb08fd82f6579c3850dcc352a2b9ee260764acd522320251013.png","","https://pigfarmmix.net/png_h/8fac40b2fe24e09293d7a4d46b4a2fcea0ce220bba89d34e97d8ad9322a442fb20251013.png","https://pigfarmmix.net/png_h/8fac40b2fe24e09293d7a4d46b4a2fcea0ce220bba89d34e97d8ad9322a442fb20251013.png","https://pigfarmmix.net/png_h/8fac40b2fe24e09293d7a4d46b4a2fcea0ce220bba89d34e97d8ad9322a442fb20251013.png","https://pigfarmmix.net/png_h/8fac40b2fe24e09293d7a4d46b4a2fcea0ce220bba89d34e97d8ad9322a442fb20251013.png"
"500","惡鬼豬","https://pigfarmmix.net/#/pig/500","https://pigfarmmix.net/png_h/a70b4a3d702c228d601d53b0b564687ff2fe022f05c9f78a042fd191894b4fb920251013.png","https://pigfarmmix.net/png_h/8fac40b2fe24e09293d7a4d46b4a2fcea0ce220bba89d34e97d8ad9322a442fb20251013.png","","4","0 小時","58 分鐘","12 小時","https://pigfarmmix.net/png_h/46827eaf3344f3d5d59295ae2c237b7ef05252fa01f7f38bb1e57ac062d9c15520251013.png","粉紅 [活動圖鑑]","≤ 126.6 kg","≥ 164.0 kg","3500 pt","https://pigfarmmix.net/png_h/d48df30397ce33593ddd99a7039b689c0ca8147be77810da82091e7db2ac5ba720251013.png","","https://pigfarmmix.net/png_h/8fac40b2fe24e09293d7a4d46b4a2fcea0ce220bba89d34e97d8ad9322a442fb20251013.png","https://pigfarmmix.net/png_h/8fac40b2fe24e09293d7a4d46b4a2fcea0ce220bba89d34e97d8ad9322a442fb20251013.png","",""
"501","巧克力豬","https://pigfarmmix.net/#/pig/501","https://pigfarmmix.net/png_h/d8bbb2fe0f4d8ef4a0f6af638a564f606ba4102ea727926ab2b79f949d3d3fd220251013.png","https://pigfarmmix.net/png_h/8fac40b2fe24e09293d7a4d46b4a2fcea0ce220bba89d34e97d8ad9322a442fb20251013.png","","1","0 小時","58 分鐘","12 小時","https://pigfarmmix.net/png_h/9fc1edfa8a25ba821f32de73ee24d6907de827874d33d8400a273fbe122ac58920251013.png","米色 [活動圖鑑]","≤ 128.6 kg","≥ 194.2 kg","4000 pt","https://pigfarmmix.net/png_h/1a4d96e5f723848dfbd2bbb08fd82f6579c3850dcc352a2b9ee260764acd522320251013.png","","https://pigfarmmix.net/png_h/8fac40b2fe24e09293d7a4d46b4a2fcea0ce220bba89d34e97d8ad9322a442fb20251013.png","https://pigfarmmix.net/png_h/8fac40b2fe24e09293d7a4d46b4a2fcea0ce220bba89d34e97d8ad9322a442fb20251013.png","https://pigfarmmix.net/png_h/8fac40b2fe24e09293d7a4d46b4a2fcea0ce220bba89d34e97d8ad9322a442fb20251013.png",""
"502","女兒節豬","https://pigfarmmix.net/#/pig/502","https://pigfarmmix.net/png_h/8dd164539ee2744756ab04b1e50569ceeec20a636e7a538883ecd461563cd53620251013.png","https://pigfarmmix.net/png_h/8fac40b2fe24e09293d7a4d46b4a2fcea0ce220bba89d34e97d8ad9322a442fb20251013.png","不挑食","1","0 小時","58 分鐘","14 小時","https://pigfarmmix.net/png_h/a68119aa8a6ceba07cf7cd15c2c4ea3a6f2a3313e58a78a2ec1216d15999fb8f20251013.png","白色 [活動圖鑑]","≤ 127.9 kg","≥ 183.5 kg","4000 pt","","","https://pigfarmmix.net/png_h/8fac40b2fe24e09293d7a4d46b4a2fcea0ce220bba89d34e97d8ad9322a442fb20251013.png","https://pigfarmmix.net/png_h/8fac40b2fe24e09293d7a4d46b4a2fcea0ce220bba89d34e97d8ad9322a442fb20251013.png","https://pigfarmmix.net/png_h/8fac40b2fe24e09293d7a4d46b4a2fcea0ce220bba89d34e97d8ad9322a442fb20251013.png",""
"503","貴族豬","https://pigfarmmix.net/#/pig/503","https://pigfarmmix.net/png_h/2e3a65d9c94b579e5d56d783b6abe204e9a4cf9b9555d74b68e34f642211373420251013.png","https://pigfarmmix.net/png_h/8fac40b2fe24e09293d7a4d46b4a2fcea0ce220bba89d34e97d8ad9322a442fb20251013.png","不挑食","1","0 小時","58 分鐘","14 小時","https://pigfarmmix.net/png_h/a68119aa8a6ceba07cf7cd15c2c4ea3a6f2a3313e58a78a2ec1216d15999fb8f20251013.png","白色 [活動圖鑑]","≤ 127.9 kg","≥ 183.5 kg","4000 pt","","","https://pigfarmmix.net/png_h/8fac40b2fe24e09293d7a4d46b4a2fcea0ce220bba89d34e97d8ad9322a442fb20251013.png","https://pigfarmmix.net/png_h/8fac40b2fe24e09293d7a4d46b4a2fcea0ce220bba89d34e97d8ad9322a442fb20251013.png","https://pigfarmmix.net/png_h/8fac40b2fe24e09293d7a4d46b4a2fcea0ce220bba89d34e97d8ad9322a442fb20251013.png",""
"504","花樣豬","https://pigfarmmix.net/#/pig/504","https://pigfarmmix.net/png_h/21d72efc6af928ad003dd54ca0fc38e139fdda8f86f9585f4804bfa9999f41c520251013.png","https://pigfarmmix.net/png_h/8fac40b2fe24e09293d7a4d46b4a2fcea0ce220bba89d34e97d8ad9322a442fb20251013.png","","1","0 小時","58 分鐘","10 小時","https://pigfarmmix.net/png_h/46827eaf3344f3d5d59295ae2c237b7ef05252fa01f7f38bb1e57ac062d9c15520251013.png","粉紅 [活動圖鑑]","≤ 123.9 kg","≥ 163.1 kg","3500 pt","https://pigfarmmix.net/png_h/8634aa677090b5bfca798d786e8ef2e14d04de87c2335c7e4a7052c45d83ddd120251013.png","","https://pigfarmmix.net/png_h/8fac40b2fe24e09293d7a4d46b4a2fcea0ce220bba89d34e97d8ad9322a442fb20251013.png","https://pigfarmmix.net/png_h/8fac40b2fe24e09293d7a4d46b4a2fcea0ce220bba89d34e97d8ad9322a442fb20251013.png","",""
"505","復活節彩豬","https://pigfarmmix.net/#/pig/505","https://pigfarmmix.net/png_h/e0c51aae5cb9d77de64c353c4f637eb72d7a83fb0fb9b19959882d498699361920251013.png","https://pigfarmmix.net/png_h/8fac40b2fe24e09293d7a4d46b4a2fcea0ce220bba89d34e97d8ad9322a442fb20251013.png","不挑食","1","0 小時","58 分鐘","8 小時","https://pigfarmmix.net/png_h/a68119aa8a6ceba07cf7cd15c2c4ea3a6f2a3313e58a78a2ec1216d15999fb8f20251013.png","白色 [活動圖鑑]","≤ 123.9 kg","≥ 175.2 kg","3500 pt","","","https://pigfarmmix.net/png_h/8fac40b2fe24e09293d7a4d46b4a2fcea0ce220bba89d34e97d8ad9322a442fb20251013.png","https://pigfarmmix.net/png_h/8fac40b2fe24e09293d7a4d46b4a2fcea0ce220bba89d34e97d8ad9322a442fb20251013.png","",""
"506","豬悟空","https://pigfarmmix.net/#/pig/506","https://pigfarmmix.net/png_h/d0b0227cfb3b8d8240a1f70fe995fde0b58ec4f6bc6cb886103bd47f8bef12b320251013.png","https://pigfarmmix.net/png_h/8fac40b2fe24e09293d7a4d46b4a2fcea0ce220bba89d34e97d8ad9322a442fb20251013.png","不挑食","5","0 小時","58 分鐘","10 小時","https://pigfarmmix.net/png_h/9fc1edfa8a25ba821f32de73ee24d6907de827874d33d8400a273fbe122ac58920251013.png","米色 [活動圖鑑]","≤ 131.5 kg","≥ 180.5 kg","4000 pt","","","https://pigfarmmix.net/png_h/8fac40b2fe24e09293d7a4d46b4a2fcea0ce220bba89d34e97d8ad9322a442fb20251013.png","https://pigfarmmix.net/png_h/8fac40b2fe24e09293d7a4d46b4a2fcea0ce220bba89d34e97d8ad9322a442fb20251013.png","https://pigfarmmix.net/png_h/8fac40b2fe24e09293d7a4d46b4a2fcea0ce220bba89d34e97d8ad9322a442fb20251013.png",""
"507","沙悟豬","https://pigfarmmix.net/#/pig/507","https://pigfarmmix.net/png_h/1ef70693d5f339df5c2e5885a656c1f7359f658bbc343d07d27b7926531f92a320251013.png","https://pigfarmmix.net/png_h/8fac40b2fe24e09293d7a4d46b4a2fcea0ce220bba89d34e97d8ad9322a442fb20251013.png","不挑食","4","0 小時","58 分鐘","12 小時","https://pigfarmmix.net/png_h/97cbaccfa405480612d3bf7e152c0f7f8d8507099b5839dfa19df61f5181feec20251013.png","灰色 [活動圖鑑]","≤ 130.6 kg","≥ 182.0 kg","3500 pt","","","https://pigfarmmix.net/png_h/8fac40b2fe24e09293d7a4d46b4a2fcea0ce220bba89d34e97d8ad9322a442fb20251013.png","https://pigfarmmix.net/png_h/8fac40b2fe24e09293d7a4d46b4a2fcea0ce220bba89d34e97d8ad9322a442fb20251013.png","https://pigfarmmix.net/png_h/8fac40b2fe24e09293d7a4d46b4a2fcea0ce220bba89d34e97d8ad9322a442fb20251013.png",""
"508","巨疣豬","https://pigfarmmix.net/#/pig/508","https://pigfarmmix.net/png_h/89d1ba1dbf65fd2d66df5b8962e66728f9c2299b249c7a63a85e690b816b099f20251013.png","https://pigfarmmix.net/png_h/8fac40b2fe24e09293d7a4d46b4a2fcea0ce220bba89d34e97d8ad9322a442fb20251013.png","不挑食","2","120 分鐘","2 小時","40 小時","https://pigfarmmix.net/png_h/811992418c93eac5c6722e48989ba638bc739f8c763e8aa6fccb0cdb69e091ae20251013.png","野豬 [活動圖鑑]","≤ 350.0 kg","≥ 380.0 kg","10000 pt","https://pigfarmmix.net/png_h/a7c17665173739b203d7fab5046bd82964e973f62b1c34834f032ecb6c99fff520251013.png","8.99%","https://pigfarmmix.net/png_h/8fac40b2fe24e09293d7a4d46b4a2fcea0ce220bba89d34e97d8ad9322a442fb20251013.png","https://pigfarmmix.net/png_h/8fac40b2fe24e09293d7a4d46b4a2fcea0ce220bba89d34e97d8ad9322a442fb20251013.png","https://pigfarmmix.net/png_h/8fac40b2fe24e09293d7a4d46b4a2fcea0ce220bba89d34e97d8ad9322a442fb20251013.png","https://pigfarmmix.net/png_h/8fac40b2fe24e09293d7a4d46b4a2fcea0ce220bba89d34e97d8ad9322a442fb20251013.png"
"509","豬豬國王","https://pigfarmmix.net/#/pig/509","https://pigfarmmix.net/png_h/bc6bcd1af28046c41bf584ffa00b97ac0a84f34f8900b5c7cb0b8de0e04b7eda20251013.png","https://pigfarmmix.net/png_h/8fac40b2fe24e09293d7a4d46b4a2fcea0ce220bba89d34e97d8ad9322a442fb20251013.png","","5","0 小時","58 分鐘","14 小時","https://pigfarmmix.net/png_h/a68119aa8a6ceba07cf7cd15c2c4ea3a6f2a3313e58a78a2ec1216d15999fb8f20251013.png","白色 [活動圖鑑]","≤ 136.7 kg","≥ 201.5 kg","6000 pt","https://pigfarmmix.net/png_h/1a4d96e5f723848dfbd2bbb08fd82f6579c3850dcc352a2b9ee260764acd522320251013.png","","https://pigfarmmix.net/png_h/8fac40b2fe24e09293d7a4d46b4a2fcea0ce220bba89d34e97d8ad9322a442fb20251013.png","https://pigfarmmix.net/png_h/8fac40b2fe24e09293d7a4d46b4a2fcea0ce220bba89d34e97d8ad9322a442fb20251013.png","https://pigfarmmix.net/png_h/8fac40b2fe24e09293d7a4d46b4a2fcea0ce220bba89d34e97d8ad9322a442fb20251013.png","https://pigfarmmix.net/png_h/8fac40b2fe24e09293d7a4d46b4a2fcea0ce220bba89d34e97d8ad9322a442fb20251013.png"
"510","豬豬皇后","https://pigfarmmix.net/#/pig/510","https://pigfarmmix.net/png_h/00c5f4b3dcf4269ad708a9498b079eb01758a141f4011cb51a7ce5c7aa9ef37920251013.png","https://pigfarmmix.net/png_h/8fac40b2fe24e09293d7a4d46b4a2fcea0ce220bba89d34e97d8ad9322a442fb20251013.png","","4","0 小時","58 分鐘","12 小時","https://pigfarmmix.net/png_h/a68119aa8a6ceba07cf7cd15c2c4ea3a6f2a3313e58a78a2ec1216d15999fb8f20251013.png","白色 [活動圖鑑]","≤ 133.3 kg","≥ 188.8 kg","4500 pt","https://pigfarmmix.net/png_h/1083a39a293067c36e6e25b013d3a87904536ffef5349212d9a97fae8ca2b74420251013.png","","https://pigfarmmix.net/png_h/8fac40b2fe24e09293d7a4d46b4a2fcea0ce220bba89d34e97d8ad9322a442fb20251013.png","https://pigfarmmix.net/png_h/8fac40b2fe24e09293d7a4d46b4a2fcea0ce220bba89d34e97d8ad9322a442fb20251013.png","https://pigfarmmix.net/png_h/8fac40b2fe24e09293d7a4d46b4a2fcea0ce220bba89d34e97d8ad9322a442fb20251013.png",""
"511","豬豬傑克","https://pigfarmmix.net/#/pig/511","https://pigfarmmix.net/png_h/82f13c671cf136c53d42ca8e577d1ef24b647200be99eb0b08313786e99ec4fe20251013.png","https://pigfarmmix.net/png_h/8fac40b2fe24e09293d7a4d46b4a2fcea0ce220bba89d34e97d8ad9322a442fb20251013.png","","1","0 小時","58 分鐘","12 小時","https://pigfarmmix.net/png_h/a68119aa8a6ceba07cf7cd15c2c4ea3a6f2a3313e58a78a2ec1216d15999fb8f20251013.png","白色 [活動圖鑑]","≤ 124.4 kg","≥ 178.0 kg","3500 pt","https://pigfarmmix.net/png_h/a8c431ef04e348d579dbea87991cab0dadc22df86edf1920a8c8e76335bd820c20251013.png","","https://pigfarmmix.net/png_h/8fac40b2fe24e09293d7a4d46b4a2fcea0ce220bba89d34e97d8ad9322a442fb20251013.png","https://pigfarmmix.net/png_h/8fac40b2fe24e09293d7a4d46b4a2fcea0ce220bba89d34e97d8ad9322a442fb20251013.png","",""
"512","草莓豬","https://pigfarmmix.net/#/pig/512","https://pigfarmmix.net/png_h/b24284872f9323342361699a0746fd4ffe8a0690ebfc72e53e8eaae805bedabf20251013.png","https://pigfarmmix.net/png_h/8fac40b2fe24e09293d7a4d46b4a2fcea0ce220bba89d34e97d8ad9322a442fb20251013.png","不挑食","1","0 小時","58 分鐘","10 小時","https://pigfarmmix.net/png_h/46827eaf3344f3d5d59295ae2c237b7ef05252fa01f7f38bb1e57ac062d9c15520251013.png","粉紅 [活動圖鑑]","≤ 123.9 kg","≥ 163.1 kg","3000 pt","","","https://pigfarmmix.net/png_h/8fac40b2fe24e09293d7a4d46b4a2fcea0ce220bba89d34e97d8ad9322a442fb20251013.png","https://pigfarmmix.net/png_h/8fac40b2fe24e09293d7a4d46b4a2fcea0ce220bba89d34e97d8ad9322a442fb20251013.png","",""
"513","鯉魚旗豬","https://pigfarmmix.net/#/pig/513","https://pigfarmmix.net/png_h/bc40709bdb7b075474de23e92eb6f28afe38ad3f79347983418965fe0412c11020251013.png","https://pigfarmmix.net/png_h/8fac40b2fe24e09293d7a4d46b4a2fcea0ce220bba89d34e97d8ad9322a442fb20251013.png","","5","0 小時","58 分鐘","14 小時","https://pigfarmmix.net/png_h/a6752c7f9968b9961d0e91ae2083fce3f62ee7ac7f4c8d0a45c0a32bae70c8f620251013.png","肉色 [活動圖鑑]","≤ 131.2 kg","≥ 163.1 kg","3500 pt","https://pigfarmmix.net/png_h/d48df30397ce33593ddd99a7039b689c0ca8147be77810da82091e7db2ac5ba720251013.png","","https://pigfarmmix.net/png_h/8fac40b2fe24e09293d7a4d46b4a2fcea0ce220bba89d34e97d8ad9322a442fb20251013.png","https://pigfarmmix.net/png_h/8fac40b2fe24e09293d7a4d46b4a2fcea0ce220bba89d34e97d8ad9322a442fb20251013.png","https://pigfarmmix.net/png_h/8fac40b2fe24e09293d7a4d46b4a2fcea0ce220bba89d34e97d8ad9322a442fb20251013.png",""
"514","卡瑪普阿豬","https://pigfarmmix.net/#/pig/514","https://pigfarmmix.net/png_h/d455886e6d1b97dea853ac11f643fd4089c53457862dc8a6a5f78882a4f32bab20251013.png","https://pigfarmmix.net/png_h/8fac40b2fe24e09293d7a4d46b4a2fcea0ce220bba89d34e97d8ad9322a442fb20251013.png","不挑食","8","0 小時","58 分鐘","32 小時","https://pigfarmmix.net/png_h/9fc1edfa8a25ba821f32de73ee24d6907de827874d33d8400a273fbe122ac58920251013.png","米色 [活動圖鑑]","≤ 131.2 kg","≥ 143.2 kg","10000 pt","https://pigfarmmix.net/png_h/8634aa677090b5bfca798d786e8ef2e14d04de87c2335c7e4a7052c45d83ddd120251013.png","7.29%","https://pigfarmmix.net/png_h/8fac40b2fe24e09293d7a4d46b4a2fcea0ce220bba89d34e97d8ad9322a442fb20251013.png","https://pigfarmmix.net/png_h/8fac40b2fe24e09293d7a4d46b4a2fcea0ce220bba89d34e97d8ad9322a442fb20251013.png","https://pigfarmmix.net/png_h/8fac40b2fe24e09293d7a4d46b4a2fcea0ce220bba89d34e97d8ad9322a442fb20251013.png","https://pigfarmmix.net/png_h/8fac40b2fe24e09293d7a4d46b4a2fcea0ce220bba89d34e97d8ad9322a442fb20251013.png"
"515","雨衣豬","https://pigfarmmix.net/#/pig/515","https://pigfarmmix.net/png_h/28fc7ebdd55fd196578bb22f90b25ea0d367aacae105be1857f760e93a2a0ea720251013.png","https://pigfarmmix.net/png_h/8fac40b2fe24e09293d7a4d46b4a2fcea0ce220bba89d34e97d8ad9322a442fb20251013.png","不挑食","3","0 小時","58 分鐘","10 小時","https://pigfarmmix.net/png_h/97cbaccfa405480612d3bf7e152c0f7f8d8507099b5839dfa19df61f5181feec20251013.png","灰色 [活動圖鑑]","≤ 125.7 kg","≥ 176.6 kg","3000 pt","","","https://pigfarmmix.net/png_h/8fac40b2fe24e09293d7a4d46b4a2fcea0ce220bba89d34e97d8ad9322a442fb20251013.png","https://pigfarmmix.net/png_h/8fac40b2fe24e09293d7a4d46b4a2fcea0ce220bba89d34e97d8ad9322a442fb20251013.png","",""
"516","蝸牛豬","https://pigfarmmix.net/#/pig/516","https://pigfarmmix.net/png_h/d9abc41b2955a76fea24baf26da793088498c8e7ed531b19adc8ea41d732d01920251013.png","https://pigfarmmix.net/png_h/8fac40b2fe24e09293d7a4d46b4a2fcea0ce220bba89d34e97d8ad9322a442fb20251013.png","","4","0 小時","58 分鐘","12 小時","https://pigfarmmix.net/png_h/a6752c7f9968b9961d0e91ae2083fce3f62ee7ac7f4c8d0a45c0a32bae70c8f620251013.png","肉色 [活動圖鑑]","≤ 126.6 kg","≥ 164.0 kg","3000 pt","https://pigfarmmix.net/png_h/a7c17665173739b203d7fab5046bd82964e973f62b1c34834f032ecb6c99fff520251013.png","","https://pigfarmmix.net/png_h/8fac40b2fe24e09293d7a4d46b4a2fcea0ce220bba89d34e97d8ad9322a442fb20251013.png","https://pigfarmmix.net/png_h/8fac40b2fe24e09293d7a4d46b4a2fcea0ce220bba89d34e97d8ad9322a442fb20251013.png","",""
"517","白豬公主","https://pigfarmmix.net/#/pig/517","https://pigfarmmix.net/png_h/48bccd53b7f66bb77ef1a6c8f0b913b34985e94054afac2b985f4a014ac807b920251013.png","https://pigfarmmix.net/png_h/8fac40b2fe24e09293d7a4d46b4a2fcea0ce220bba89d34e97d8ad9322a442fb20251013.png","","5","0 小時","58 分鐘","14 小時","https://pigfarmmix.net/png_h/a68119aa8a6ceba07cf7cd15c2c4ea3a6f2a3313e58a78a2ec1216d15999fb8f20251013.png","白色 [活動圖鑑]","≤ 132.5 kg","≥ 170.5 kg","6000 pt","https://pigfarmmix.net/png_h/8634aa677090b5bfca798d786e8ef2e14d04de87c2335c7e4a7052c45d83ddd120251013.png","","https://pigfarmmix.net/png_h/8fac40b2fe24e09293d7a4d46b4a2fcea0ce220bba89d34e97d8ad9322a442fb20251013.png","https://pigfarmmix.net/png_h/8fac40b2fe24e09293d7a4d46b4a2fcea0ce220bba89d34e97d8ad9322a442fb20251013.png","https://pigfarmmix.net/png_h/8fac40b2fe24e09293d7a4d46b4a2fcea0ce220bba89d34e97d8ad9322a442fb20251013.png","https://pigfarmmix.net/png_h/8fac40b2fe24e09293d7a4d46b4a2fcea0ce220bba89d34e97d8ad9322a442fb20251013.png"
"518","賣蘋果的豬","https://pigfarmmix.net/#/pig/518","https://pigfarmmix.net/png_h/66987a640d8c0271bd03bf863011f54a8af13ed0fc81edbf343623a741bf094020251013.png","https://pigfarmmix.net/png_h/8fac40b2fe24e09293d7a4d46b4a2fcea0ce220bba89d34e97d8ad9322a442fb20251013.png","不挑食","3","0 小時","58 分鐘","10 小時","https://pigfarmmix.net/png_h/a6752c7f9968b9961d0e91ae2083fce3f62ee7ac7f4c8d0a45c0a32bae70c8f620251013.png","肉色 [活動圖鑑]","≤ 129.7 kg","≥ 180.5 kg","4000 pt","","","https://pigfarmmix.net/png_h/8fac40b2fe24e09293d7a4d46b4a2fcea0ce220bba89d34e97d8ad9322a442fb20251013.png","https://pigfarmmix.net/png_h/8fac40b2fe24e09293d7a4d46b4a2fcea0ce220bba89d34e97d8ad9322a442fb20251013.png","https://pigfarmmix.net/png_h/8fac40b2fe24e09293d7a4d46b4a2fcea0ce220bba89d34e97d8ad9322a442fb20251013.png",""
"519","獵豬","https://pigfarmmix.net/#/pig/519","https://pigfarmmix.net/png_h/d5aefc1aebc229e3c40bfabfcf32b5e876b6877f05d6f25c88364bf88aced78120251013.png","https://pigfarmmix.net/png_h/8fac40b2fe24e09293d7a4d46b4a2fcea0ce220bba89d34e97d8ad9322a442fb20251013.png","","2","0 小時","58 分鐘","8 小時","https://pigfarmmix.net/png_h/9fc1edfa8a25ba821f32de73ee24d6907de827874d33d8400a273fbe122ac58920251013.png","米色 [活動圖鑑]","≤ 125.8 kg","≥ 175.2 kg","3500 pt","https://pigfarmmix.net/png_h/8634aa677090b5bfca798d786e8ef2e14d04de87c2335c7e4a7052c45d83ddd120251013.png","","https://pigfarmmix.net/png_h/8fac40b2fe24e09293d7a4d46b4a2fcea0ce220bba89d34e97d8ad9322a442fb20251013.png","https://pigfarmmix.net/png_h/8fac40b2fe24e09293d7a4d46b4a2fcea0ce220bba89d34e97d8ad9322a442fb20251013.png","",""
"520","牛郎豬","https://pigfarmmix.net/#/pig/520","https://pigfarmmix.net/png_h/dc8096dc637063d19c7b017c73a2dcbbd2d7a474d546f0e50d469323cfe3199e20251013.png","https://pigfarmmix.net/png_h/8fac40b2fe24e09293d7a4d46b4a2fcea0ce220bba89d34e97d8ad9322a442fb20251013.png","","7","0 小時","58 分鐘","14 小時","https://pigfarmmix.net/png_h/a6752c7f9968b9961d0e91ae2083fce3f62ee7ac7f4c8d0a45c0a32bae70c8f620251013.png","肉色 [活動圖鑑]","≤ 133.3 kg","≥ 167.7 kg","4000 pt","https://pigfarmmix.net/png_h/d48df30397ce33593ddd99a7039b689c0ca8147be77810da82091e7db2ac5ba720251013.png","","https://pigfarmmix.net/png_h/8fac40b2fe24e09293d7a4d46b4a2fcea0ce220bba89d34e97d8ad9322a442fb20251013.png","https://pigfarmmix.net/png_h/8fac40b2fe24e09293d7a4d46b4a2fcea0ce220bba89d34e97d8ad9322a442fb20251013.png","https://pigfarmmix.net/png_h/8fac40b2fe24e09293d7a4d46b4a2fcea0ce220bba89d34e97d8ad9322a442fb20251013.png",""
"521","織女豬","https://pigfarmmix.net/#/pig/521","https://pigfarmmix.net/png_h/709a0320d79c33a8b8a6591ba1e9f23a47ecbd274859a65ec9db317bfce3b6f620251013.png","https://pigfarmmix.net/png_h/8fac40b2fe24e09293d7a4d46b4a2fcea0ce220bba89d34e97d8ad9322a442fb20251013.png","","7","0 小時","58 分鐘","14 小時","https://pigfarmmix.net/png_h/a68119aa8a6ceba07cf7cd15c2c4ea3a6f2a3313e58a78a2ec1216d15999fb8f20251013.png","白色 [活動圖鑑]","≤ 133.3 kg","≥ 167.7 kg","4000 pt","https://pigfarmmix.net/png_h/d48df30397ce33593ddd99a7039b689c0ca8147be77810da82091e7db2ac5ba720251013.png","","https://pigfarmmix.net/png_h/8fac40b2fe24e09293d7a4d46b4a2fcea0ce220bba89d34e97d8ad9322a442fb20251013.png","https://pigfarmmix.net/png_h/8fac40b2fe24e09293d7a4d46b4a2fcea0ce220bba89d34e97d8ad9322a442fb20251013.png","https://pigfarmmix.net/png_h/8fac40b2fe24e09293d7a4d46b4a2fcea0ce220bba89d34e97d8ad9322a442fb20251013.png",""
"522","單耳豬","https://pigfarmmix.net/#/pig/522","https://pigfarmmix.net/png_h/e278475bdd7d1e2fb37ecb3b7b116f441aa3fc7f100bb5f64199e076252d005d20251013.png","https://pigfarmmix.net/png_h/8fac40b2fe24e09293d7a4d46b4a2fcea0ce220bba89d34e97d8ad9322a442fb20251013.png","不挑食","3","0 小時","58 分鐘","16 小時","https://pigfarmmix.net/png_h/97cbaccfa405480612d3bf7e152c0f7f8d8507099b5839dfa19df61f5181feec20251013.png","灰色 [活動圖鑑]","≤ 127.2 kg","≥ 189.4 kg","10000 pt","https://pigfarmmix.net/png_h/d48df30397ce33593ddd99a7039b689c0ca8147be77810da82091e7db2ac5ba720251013.png","7.29%","https://pigfarmmix.net/png_h/8fac40b2fe24e09293d7a4d46b4a2fcea0ce220bba89d34e97d8ad9322a442fb20251013.png","https://pigfarmmix.net/png_h/8fac40b2fe24e09293d7a4d46b4a2fcea0ce220bba89d34e97d8ad9322a442fb20251013.png","https://pigfarmmix.net/png_h/8fac40b2fe24e09293d7a4d46b4a2fcea0ce220bba89d34e97d8ad9322a442fb20251013.png","https://pigfarmmix.net/png_h/8fac40b2fe24e09293d7a4d46b4a2fcea0ce220bba89d34e97d8ad9322a442fb20251013.png"
"523","廟會豬","https://pigfarmmix.net/#/pig/523","https://pigfarmmix.net/png_h/51a9e623b632c0819a8dd049c2efa93838ad78874e28ea365d9d331ea3f20d0d20251013.png","https://pigfarmmix.net/png_h/8fac40b2fe24e09293d7a4d46b4a2fcea0ce220bba89d34e97d8ad9322a442fb20251013.png","","4","0 小時","58 分鐘","12 小時","https://pigfarmmix.net/png_h/a6752c7f9968b9961d0e91ae2083fce3f62ee7ac7f4c8d0a45c0a32bae70c8f620251013.png","肉色 [活動圖鑑]","≤ 132.5 kg","≥ 182.0 kg","3500 pt","https://pigfarmmix.net/png_h/a8c431ef04e348d579dbea87991cab0dadc22df86edf1920a8c8e76335bd820c20251013.png","","https://pigfarmmix.net/png_h/8fac40b2fe24e09293d7a4d46b4a2fcea0ce220bba89d34e97d8ad9322a442fb20251013.png","https://pigfarmmix.net/png_h/8fac40b2fe24e09293d7a4d46b4a2fcea0ce220bba89d34e97d8ad9322a442fb20251013.png","https://pigfarmmix.net/png_h/8fac40b2fe24e09293d7a4d46b4a2fcea0ce220bba89d34e97d8ad9322a442fb20251013.png",""
"524","西瓜豬","https://pigfarmmix.net/#/pig/524","https://pigfarmmix.net/png_h/0f640fbdff4c3a800fc2ced371a6ac763c3d8c73c98993fa2e2e553bf851238b20251013.png","https://pigfarmmix.net/png_h/8fac40b2fe24e09293d7a4d46b4a2fcea0ce220bba89d34e97d8ad9322a442fb20251013.png","","3","60 分鐘","1 小時","14 小時","https://pigfarmmix.net/png_h/a6752c7f9968b9961d0e91ae2083fce3f62ee7ac7f4c8d0a45c0a32bae70c8f620251013.png","肉色 [活動圖鑑]","≤ 125.7 kg","≥ 164.9 kg","3000 pt","https://pigfarmmix.net/png_h/a7c17665173739b203d7fab5046bd82964e973f62b1c34834f032ecb6c99fff520251013.png","","https://pigfarmmix.net/png_h/8fac40b2fe24e09293d7a4d46b4a2fcea0ce220bba89d34e97d8ad9322a442fb20251013.png","https://pigfarmmix.net/png_h/8fac40b2fe24e09293d7a4d46b4a2fcea0ce220bba89d34e97d8ad9322a442fb20251013.png","",""
"525","豬紅帽","https://pigfarmmix.net/#/pig/525","https://pigfarmmix.net/png_h/2095b68b08fcf329a2b6245fd8d5e47312f72dd197eff334860513d04bc085f020251013.png","https://pigfarmmix.net/png_h/8fac40b2fe24e09293d7a4d46b4a2fcea0ce220bba89d34e97d8ad9322a442fb20251013.png","不挑食","1","0 小時","58 分鐘","10 小時","https://pigfarmmix.net/png_h/46827eaf3344f3d5d59295ae2c237b7ef05252fa01f7f38bb1e57ac062d9c15520251013.png","粉紅 [活動圖鑑]","≤ 127.9 kg","≥ 180.5 kg","3500 pt","","","https://pigfarmmix.net/png_h/8fac40b2fe24e09293d7a4d46b4a2fcea0ce220bba89d34e97d8ad9322a442fb20251013.png","https://pigfarmmix.net/png_h/8fac40b2fe24e09293d7a4d46b4a2fcea0ce220bba89d34e97d8ad9322a442fb20251013.png","https://pigfarmmix.net/png_h/8fac40b2fe24e09293d7a4d46b4a2fcea0ce220bba89d34e97d8ad9322a442fb20251013.png",""
"526","披著狼皮的豬","https://pigfarmmix.net/#/pig/526","https://pigfarmmix.net/png_h/ff11010aeec74c79ea580db7f0870c0d5668385cec12f7c468ae8a8df64842e420251013.png","https://pigfarmmix.net/png_h/8fac40b2fe24e09293d7a4d46b4a2fcea0ce220bba89d34e97d8ad9322a442fb20251013.png","不挑食","5","0 小時","58 分鐘","12 小時","https://pigfarmmix.net/png_h/97cbaccfa405480612d3bf7e152c0f7f8d8507099b5839dfa19df61f5181feec20251013.png","灰色 [活動圖鑑]","≤ 131.5 kg","≥ 182.0 kg","4000 pt","","","https://pigfarmmix.net/png_h/8fac40b2fe24e09293d7a4d46b4a2fcea0ce220bba89d34e97d8ad9322a442fb20251013.png","https://pigfarmmix.net/png_h/8fac40b2fe24e09293d7a4d46b4a2fcea0ce220bba89d34e97d8ad9322a442fb20251013.png","https://pigfarmmix.net/png_h/8fac40b2fe24e09293d7a4d46b4a2fcea0ce220bba89d34e97d8ad9322a442fb20251013.png",""
"527","茶杯豬","https://pigfarmmix.net/#/pig/527","https://pigfarmmix.net/png_h/c4375f7822d28690bec80f42e8d152794cae75b1c8331bbee48671e4df9a39d120251013.png","https://pigfarmmix.net/png_h/8fac40b2fe24e09293d7a4d46b4a2fcea0ce220bba89d34e97d8ad9322a442fb20251013.png","不挑食","1","0 小時","58 分鐘","24 小時","https://pigfarmmix.net/png_h/6585446bb2af50be3aaaf28d138c7bd5f2737b0e067ed0f28fa97b1f6b396d8020251013.png","肉色 [活動圖鑑]","≤ 127.9 kg","≥ 191.1 kg","6000 pt","","0.20%","https://pigfarmmix.net/png_h/8fac40b2fe24e09293d7a4d46b4a2fcea0ce220bba89d34e97d8ad9322a442fb20251013.png","https://pigfarmmix.net/png_h/8fac40b2fe24e09293d7a4d46b4a2fcea0ce220bba89d34e97d8ad9322a442fb20251013.png","https://pigfarmmix.net/png_h/8fac40b2fe24e09293d7a4d46b4a2fcea0ce220bba89d34e97d8ad9322a442fb20251013.png",""
"528","神豬","https://pigfarmmix.net/#/pig/528","https://pigfarmmix.net/png_h/1c5d9221285b8aeea83a0014d5bff91ea33fc290907ca5f9686bfeff03fae18b20251013.png","https://pigfarmmix.net/png_h/8fac40b2fe24e09293d7a4d46b4a2fcea0ce220bba89d34e97d8ad9322a442fb20251013.png","不挑食","1","0 小時","58 分鐘","36 小時","https://pigfarmmix.net/png_h/a68119aa8a6ceba07cf7cd15c2c4ea3a6f2a3313e58a78a2ec1216d15999fb8f20251013.png","白色 [活動圖鑑]","≤ 390.0 kg","≥ 420.0 kg","10000 pt","","5.30%","https://pigfarmmix.net/png_h/8fac40b2fe24e09293d7a4d46b4a2fcea0ce220bba89d34e97d8ad9322a442fb20251013.png","https://pigfarmmix.net/png_h/8fac40b2fe24e09293d7a4d46b4a2fcea0ce220bba89d34e97d8ad9322a442fb20251013.png","https://pigfarmmix.net/png_h/8fac40b2fe24e09293d7a4d46b4a2fcea0ce220bba89d34e97d8ad9322a442fb20251013.png","https://pigfarmmix.net/png_h/8fac40b2fe24e09293d7a4d46b4a2fcea0ce220bba89d34e97d8ad9322a442fb20251013.png"
"529","藝術豬","https://pigfarmmix.net/#/pig/529","https://pigfarmmix.net/png_h/6206e64fd68ed1d3d96b66ab88606bf4c80bfb389fe62029d20b289dc9bec0a320251013.png","https://pigfarmmix.net/png_h/8fac40b2fe24e09293d7a4d46b4a2fcea0ce220bba89d34e97d8ad9322a442fb20251013.png","","3","60 分鐘","1 小時","24 小時","https://pigfarmmix.net/png_h/9fc1edfa8a25ba821f32de73ee24d6907de827874d33d8400a273fbe122ac58920251013.png","米色 [活動圖鑑]","≤ 131.1 kg","≥ 191.1 kg","5500 pt","https://pigfarmmix.net/png_h/1083a39a293067c36e6e25b013d3a87904536ffef5349212d9a97fae8ca2b74420251013.png","","https://pigfarmmix.net/png_h/8fac40b2fe24e09293d7a4d46b4a2fcea0ce220bba89d34e97d8ad9322a442fb20251013.png","https://pigfarmmix.net/png_h/8fac40b2fe24e09293d7a4d46b4a2fcea0ce220bba89d34e97d8ad9322a442fb20251013.png","https://pigfarmmix.net/png_h/8fac40b2fe24e09293d7a4d46b4a2fcea0ce220bba89d34e97d8ad9322a442fb20251013.png",""
"530","菇菇豬","https://pigfarmmix.net/#/pig/530","https://pigfarmmix.net/png_h/c8c937c32479bce72e4f55a32e49c6b9c2d2aa6f1e8ef3c4023b780b668d520120251013.png","https://pigfarmmix.net/png_h/8fac40b2fe24e09293d7a4d46b4a2fcea0ce220bba89d34e97d8ad9322a442fb20251013.png","不挑食","1","0 小時","58 分鐘","10 小時","https://pigfarmmix.net/png_h/a6752c7f9968b9961d0e91ae2083fce3f62ee7ac7f4c8d0a45c0a32bae70c8f620251013.png","肉色 [活動圖鑑]","≤ 126.9 kg","≥ 163.1 kg","3000 pt","","","https://pigfarmmix.net/png_h/8fac40b2fe24e09293d7a4d46b4a2fcea0ce220bba89d34e97d8ad9322a442fb20251013.png","https://pigfarmmix.net/png_h/8fac40b2fe24e09293d7a4d46b4a2fcea0ce220bba89d34e97d8ad9322a442fb20251013.png","",""
"531","野獸豬","https://pigfarmmix.net/#/pig/531","https://pigfarmmix.net/png_h/a7850d8f066294c62f92cf52a1b19b101cab18ebd3aa860a7db29c6faa5fd2b320251013.png","https://pigfarmmix.net/png_h/8fac40b2fe24e09293d7a4d46b4a2fcea0ce220bba89d34e97d8ad9322a442fb20251013.png","","4","60 分鐘","1 小時","24 小時","https://pigfarmmix.net/png_h/811992418c93eac5c6722e48989ba638bc739f8c763e8aa6fccb0cdb69e091ae20251013.png","野豬 [活動圖鑑]","≤ 134.3 kg","≥ 212.0 kg","6000 pt","https://pigfarmmix.net/png_h/1083a39a293067c36e6e25b013d3a87904536ffef5349212d9a97fae8ca2b74420251013.png","","https://pigfarmmix.net/png_h/8fac40b2fe24e09293d7a4d46b4a2fcea0ce220bba89d34e97d8ad9322a442fb20251013.png","https://pigfarmmix.net/png_h/8fac40b2fe24e09293d7a4d46b4a2fcea0ce220bba89d34e97d8ad9322a442fb20251013.png","https://pigfarmmix.net/png_h/8fac40b2fe24e09293d7a4d46b4a2fcea0ce220bba89d34e97d8ad9322a442fb20251013.png","https://pigfarmmix.net/png_h/8fac40b2fe24e09293d7a4d46b4a2fcea0ce220bba89d34e97d8ad9322a442fb20251013.png"
"532","美女豬","https://pigfarmmix.net/#/pig/532","https://pigfarmmix.net/png_h/615557500e1fdc25b2913a6069f54790b1e613de1e9b6cc2551c4e243a110c3720251013.png","https://pigfarmmix.net/png_h/8fac40b2fe24e09293d7a4d46b4a2fcea0ce220bba89d34e97d8ad9322a442fb20251013.png","","3","0 小時","58 分鐘","18 小時","https://pigfarmmix.net/png_h/a6752c7f9968b9961d0e91ae2083fce3f62ee7ac7f4c8d0a45c0a32bae70c8f620251013.png","肉色 [活動圖鑑]","≤ 127.1 kg","≥ 182.0 kg","3500 pt","https://pigfarmmix.net/png_h/a8c431ef04e348d579dbea87991cab0dadc22df86edf1920a8c8e76335bd820c20251013.png","","https://pigfarmmix.net/png_h/8fac40b2fe24e09293d7a4d46b4a2fcea0ce220bba89d34e97d8ad9322a442fb20251013.png","https://pigfarmmix.net/png_h/8fac40b2fe24e09293d7a4d46b4a2fcea0ce220bba89d34e97d8ad9322a442fb20251013.png","",""
"533","傑克南瓜豬","https://pigfarmmix.net/#/pig/533","https://pigfarmmix.net/png_h/30d99a82adcbdb741ad14404246400e7f9657141ffc7a59e942e467d8b19daa520251013.png","https://pigfarmmix.net/png_h/8fac40b2fe24e09293d7a4d46b4a2fcea0ce220bba89d34e97d8ad9322a442fb20251013.png","不挑食","4","60 分鐘","1 小時","20 小時","https://pigfarmmix.net/png_h/97cbaccfa405480612d3bf7e152c0f7f8d8507099b5839dfa19df61f5181feec20251013.png","灰色 [活動圖鑑]","≤ 130.6 kg","≥ 188.1 kg","3500 pt","","","https://pigfarmmix.net/png_h/8fac40b2fe24e09293d7a4d46b4a2fcea0ce220bba89d34e97d8ad9322a442fb20251013.png","https://pigfarmmix.net/png_h/8fac40b2fe24e09293d7a4d46b4a2fcea0ce220bba89d34e97d8ad9322a442fb20251013.png","https://pigfarmmix.net/png_h/8fac40b2fe24e09293d7a4d46b4a2fcea0ce220bba89d34e97d8ad9322a442fb20251013.png",""
"534","運動豬","https://pigfarmmix.net/#/pig/534","https://pigfarmmix.net/png_h/9e158595aaaa5384399782ab8c766ae6d178c58d6b1fd0111b15fd1b4ea90c2e20251013.png","https://pigfarmmix.net/png_h/8fac40b2fe24e09293d7a4d46b4a2fcea0ce220bba89d34e97d8ad9322a442fb20251013.png","","4","0 小時","58 分鐘","16 小時","https://pigfarmmix.net/png_h/9fc1edfa8a25ba821f32de73ee24d6907de827874d33d8400a273fbe122ac58920251013.png","米色 [活動圖鑑]","≤ 129.6 kg","≥ 180.7 kg","3000 pt","https://pigfarmmix.net/png_h/8634aa677090b5bfca798d786e8ef2e14d04de87c2335c7e4a7052c45d83ddd120251013.png","","https://pigfarmmix.net/png_h/8fac40b2fe24e09293d7a4d46b4a2fcea0ce220bba89d34e97d8ad9322a442fb20251013.png","https://pigfarmmix.net/png_h/8fac40b2fe24e09293d7a4d46b4a2fcea0ce220bba89d34e97d8ad9322a442fb20251013.png","",""
"535","赫尼文豬","https://pigfarmmix.net/#/pig/535","https://pigfarmmix.net/png_h/7db951a0fd2eff4a0d417eebc42c3c82a9f629a36f21da545ff11249b8f8cf5820251013.png","https://pigfarmmix.net/png_h/8fac40b2fe24e09293d7a4d46b4a2fcea0ce220bba89d34e97d8ad9322a442fb20251013.png","不挑食","1","0 小時","58 分鐘","24 小時","https://pigfarmmix.net/png_h/46827eaf3344f3d5d59295ae2c237b7ef05252fa01f7f38bb1e57ac062d9c15520251013.png","粉紅 [活動圖鑑]","≤ 131.0 kg","≥ 150.0 kg","10000 pt","https://pigfarmmix.net/png_h/d48df30397ce33593ddd99a7039b689c0ca8147be77810da82091e7db2ac5ba720251013.png","8.99%","https://pigfarmmix.net/png_h/8fac40b2fe24e09293d7a4d46b4a2fcea0ce220bba89d34e97d8ad9322a442fb20251013.png","https://pigfarmmix.net/png_h/8fac40b2fe24e09293d7a4d46b4a2fcea0ce220bba89d34e97d8ad9322a442fb20251013.png","https://pigfarmmix.net/png_h/8fac40b2fe24e09293d7a4d46b4a2fcea0ce220bba89d34e97d8ad9322a442fb20251013.png","https://pigfarmmix.net/png_h/8fac40b2fe24e09293d7a4d46b4a2fcea0ce220bba89d34e97d8ad9322a442fb20251013.png"
"536","烤地瓜豬","https://pigfarmmix.net/#/pig/536","https://pigfarmmix.net/png_h/da57d48827bdabe81804e000dac43c4f16f3eb62e334ae1e5d0bf6230384034920251013.png","https://pigfarmmix.net/png_h/8fac40b2fe24e09293d7a4d46b4a2fcea0ce220bba89d34e97d8ad9322a442fb20251013.png","","5","0 小時","58 分鐘","14 小時","https://pigfarmmix.net/png_h/9fc1edfa8a25ba821f32de73ee24d6907de827874d33d8400a273fbe122ac58920251013.png","米色 [活動圖鑑]","≤ 130.5 kg","≥ 164.9 kg","3000 pt","https://pigfarmmix.net/png_h/8634aa677090b5bfca798d786e8ef2e14d04de87c2335c7e4a7052c45d83ddd120251013.png","","https://pigfarmmix.net/png_h/8fac40b2fe24e09293d7a4d46b4a2fcea0ce220bba89d34e97d8ad9322a442fb20251013.png","https://pigfarmmix.net/png_h/8fac40b2fe24e09293d7a4d46b4a2fcea0ce220bba89d34e97d8ad9322a442fb20251013.png","",""
"537","農夫豬","https://pigfarmmix.net/#/pig/537","https://pigfarmmix.net/png_h/98ef3cc49d800290e796f9057daa8e03ded73262f8b9065398434e33b40418b620251013.png","https://pigfarmmix.net/png_h/8fac40b2fe24e09293d7a4d46b4a2fcea0ce220bba89d34e97d8ad9322a442fb20251013.png","不挑食","4","0 小時","58 分鐘","16 小時","https://pigfarmmix.net/png_h/46827eaf3344f3d5d59295ae2c237b7ef05252fa01f7f38bb1e57ac062d9c15520251013.png","粉紅 [活動圖鑑]","≤ 129.6 kg","≥ 180.7 kg","3000 pt","","","https://pigfarmmix.net/png_h/8fac40b2fe24e09293d7a4d46b4a2fcea0ce220bba89d34e97d8ad9322a442fb20251013.png","https://pigfarmmix.net/png_h/8fac40b2fe24e09293d7a4d46b4a2fcea0ce220bba89d34e97d8ad9322a442fb20251013.png","",""
"538","雪豬","https://pigfarmmix.net/#/pig/538","https://pigfarmmix.net/png_h/e36c76ed9d6f17d7a960ffb3fa5a8d57e7c0ecb0299583b16f0bbe7edb847bbb20251013.png","https://pigfarmmix.net/png_h/8fac40b2fe24e09293d7a4d46b4a2fcea0ce220bba89d34e97d8ad9322a442fb20251013.png","不挑食","4","0 小時","58 分鐘","14 小時","https://pigfarmmix.net/png_h/a68119aa8a6ceba07cf7cd15c2c4ea3a6f2a3313e58a78a2ec1216d15999fb8f20251013.png","白色 [活動圖鑑]","≤ 126.6 kg","≥ 179.3 kg","3000 pt","","","https://pigfarmmix.net/png_h/8fac40b2fe24e09293d7a4d46b4a2fcea0ce220bba89d34e97d8ad9322a442fb20251013.png","https://pigfarmmix.net/png_h/8fac40b2fe24e09293d7a4d46b4a2fcea0ce220bba89d34e97d8ad9322a442fb20251013.png","",""
"539","溜冰豬","https://pigfarmmix.net/#/pig/539","https://pigfarmmix.net/png_h/6f54c7dcf5810b98be3a577182867719817734e646738284053787bef75fd04a20251013.png","https://pigfarmmix.net/png_h/8fac40b2fe24e09293d7a4d46b4a2fcea0ce220bba89d34e97d8ad9322a442fb20251013.png","","4","60 分鐘","1 小時","24 小時","https://pigfarmmix.net/png_h/a68119aa8a6ceba07cf7cd15c2c4ea3a6f2a3313e58a78a2ec1216d15999fb8f20251013.png","白色 [活動圖鑑]","≤ 130.6 kg","≥ 191.1 kg","5500 pt","https://pigfarmmix.net/png_h/a7c17665173739b203d7fab5046bd82964e973f62b1c34834f032ecb6c99fff520251013.png","","https://pigfarmmix.net/png_h/8fac40b2fe24e09293d7a4d46b4a2fcea0ce220bba89d34e97d8ad9322a442fb20251013.png","https://pigfarmmix.net/png_h/8fac40b2fe24e09293d7a4d46b4a2fcea0ce220bba89d34e97d8ad9322a442fb20251013.png","https://pigfarmmix.net/png_h/8fac40b2fe24e09293d7a4d46b4a2fcea0ce220bba89d34e97d8ad9322a442fb20251013.png",""
"540","阿拉丁豬","https://pigfarmmix.net/#/pig/540","https://pigfarmmix.net/png_h/01440106b80515d4f0a41478c950de410b6055ce71b4d8492ad9515a1480c7d620251013.png","https://pigfarmmix.net/png_h/8fac40b2fe24e09293d7a4d46b4a2fcea0ce220bba89d34e97d8ad9322a442fb20251013.png","不挑食","4","0 小時","58 分鐘","12 小時","https://pigfarmmix.net/png_h/9fc1edfa8a25ba821f32de73ee24d6907de827874d33d8400a273fbe122ac58920251013.png","米色 [活動圖鑑]","≤ 126.6 kg","≥ 178.0 kg","3000 pt","","","https://pigfarmmix.net/png_h/8fac40b2fe24e09293d7a4d46b4a2fcea0ce220bba89d34e97d8ad9322a442fb20251013.png","https://pigfarmmix.net/png_h/8fac40b2fe24e09293d7a4d46b4a2fcea0ce220bba89d34e97d8ad9322a442fb20251013.png","",""
"541","阿拉伯豬公主","https://pigfarmmix.net/#/pig/541","https://pigfarmmix.net/png_h/00a72dc0df8bd632ffe8f2ada33c01ff8100cddcda49c28896d85d41ac00b91e20251013.png","https://pigfarmmix.net/png_h/8fac40b2fe24e09293d7a4d46b4a2fcea0ce220bba89d34e97d8ad9322a442fb20251013.png","","4","60 分鐘","1 小時","18 小時","https://pigfarmmix.net/png_h/9fc1edfa8a25ba821f32de73ee24d6907de827874d33d8400a273fbe122ac58920251013.png","米色 [活動圖鑑]","≤ 132.5 kg","≥ 194.0 kg","5500 pt","https://pigfarmmix.net/png_h/ae37f6e04cdc1a9c13b5d505e598173fcce41b6af8074c98d775c0f1c6b04d6c20251013.png","","https://pigfarmmix.net/png_h/8fac40b2fe24e09293d7a4d46b4a2fcea0ce220bba89d34e97d8ad9322a442fb20251013.png","https://pigfarmmix.net/png_h/8fac40b2fe24e09293d7a4d46b4a2fcea0ce220bba89d34e97d8ad9322a442fb20251013.png","https://pigfarmmix.net/png_h/8fac40b2fe24e09293d7a4d46b4a2fcea0ce220bba89d34e97d8ad9322a442fb20251013.png",""
"542","神燈豬","https://pigfarmmix.net/#/pig/542","https://pigfarmmix.net/png_h/fceef9cb40454c88994a102cf9e8fd824a7d0c15ed13a4f5e3eaf540495e881620251013.png","https://pigfarmmix.net/png_h/8fac40b2fe24e09293d7a4d46b4a2fcea0ce220bba89d34e97d8ad9322a442fb20251013.png","","7","60 分鐘","1 小時","24 小時","https://pigfarmmix.net/png_h/97cbaccfa405480612d3bf7e152c0f7f8d8507099b5839dfa19df61f5181feec20251013.png","灰色 [活動圖鑑]","≤ 137.6 kg","≥ 196.0 kg","9500 pt","https://pigfarmmix.net/png_h/ae37f6e04cdc1a9c13b5d505e598173fcce41b6af8074c98d775c0f1c6b04d6c20251013.png","","https://pigfarmmix.net/png_h/8fac40b2fe24e09293d7a4d46b4a2fcea0ce220bba89d34e97d8ad9322a442fb20251013.png","https://pigfarmmix.net/png_h/8fac40b2fe24e09293d7a4d46b4a2fcea0ce220bba89d34e97d8ad9322a442fb20251013.png","https://pigfarmmix.net/png_h/8fac40b2fe24e09293d7a4d46b4a2fcea0ce220bba89d34e97d8ad9322a442fb20251013.png","https://pigfarmmix.net/png_h/8fac40b2fe24e09293d7a4d46b4a2fcea0ce220bba89d34e97d8ad9322a442fb20251013.png"
"543","庫雷馬拉豬","https://pigfarmmix.net/#/pig/543","https://pigfarmmix.net/png_h/27e644292e308026b10c8ed7ab2a6e4f7f7060dc09ee65451f5daead3fd4797220251013.png","https://pigfarmmix.net/png_h/8fac40b2fe24e09293d7a4d46b4a2fcea0ce220bba89d34e97d8ad9322a442fb20251013.png","不挑食","8","0 小時","58 分鐘","30 小時","https://pigfarmmix.net/png_h/a6752c7f9968b9961d0e91ae2083fce3f62ee7ac7f4c8d0a45c0a32bae70c8f620251013.png","肉色 [活動圖鑑]","≤ 133.4 kg","≥ 210.5 kg","10000 pt","https://pigfarmmix.net/png_h/d48df30397ce33593ddd99a7039b689c0ca8147be77810da82091e7db2ac5ba720251013.png","4.12%","https://pigfarmmix.net/png_h/8fac40b2fe24e09293d7a4d46b4a2fcea0ce220bba89d34e97d8ad9322a442fb20251013.png","https://pigfarmmix.net/png_h/8fac40b2fe24e09293d7a4d46b4a2fcea0ce220bba89d34e97d8ad9322a442fb20251013.png","https://pigfarmmix.net/png_h/8fac40b2fe24e09293d7a4d46b4a2fcea0ce220bba89d34e97d8ad9322a442fb20251013.png","https://pigfarmmix.net/png_h/8fac40b2fe24e09293d7a4d46b4a2fcea0ce220bba89d34e97d8ad9322a442fb20251013.png"
"544","舞龍舞豬","https://pigfarmmix.net/#/pig/544","https://pigfarmmix.net/png_h/1e58d44d875b2c1a6abbea625e8d52f97619ec50d3f2d1680256fc932b6c387a20251013.png","https://pigfarmmix.net/png_h/8fac40b2fe24e09293d7a4d46b4a2fcea0ce220bba89d34e97d8ad9322a442fb20251013.png","不挑食","5","60 分鐘","1 小時","24 小時","https://pigfarmmix.net/png_h/46827eaf3344f3d5d59295ae2c237b7ef05252fa01f7f38bb1e57ac062d9c15520251013.png","粉紅 [活動圖鑑]","≤ 131.5 kg","≥ 191.1 kg","5000 pt","","","https://pigfarmmix.net/png_h/8fac40b2fe24e09293d7a4d46b4a2fcea0ce220bba89d34e97d8ad9322a442fb20251013.png","https://pigfarmmix.net/png_h/8fac40b2fe24e09293d7a4d46b4a2fcea0ce220bba89d34e97d8ad9322a442fb20251013.png","https://pigfarmmix.net/png_h/8fac40b2fe24e09293d7a4d46b4a2fcea0ce220bba89d34e97d8ad9322a442fb20251013.png",""
"545","暖桌豬","https://pigfarmmix.net/#/pig/545","https://pigfarmmix.net/png_h/8060342e15ce9922f38d229ff5c2292a0ff32bb9b794542434946bb1756a33b720251013.png","https://pigfarmmix.net/png_h/8fac40b2fe24e09293d7a4d46b4a2fcea0ce220bba89d34e97d8ad9322a442fb20251013.png","","5","0 小時","58 分鐘","18 小時","https://pigfarmmix.net/png_h/a6752c7f9968b9961d0e91ae2083fce3f62ee7ac7f4c8d0a45c0a32bae70c8f620251013.png","肉色 [活動圖鑑]","≤ 127.5 kg","≥ 182.0 kg","3000 pt","https://pigfarmmix.net/png_h/8634aa677090b5bfca798d786e8ef2e14d04de87c2335c7e4a7052c45d83ddd120251013.png","","https://pigfarmmix.net/png_h/8fac40b2fe24e09293d7a4d46b4a2fcea0ce220bba89d34e97d8ad9322a442fb20251013.png","https://pigfarmmix.net/png_h/8fac40b2fe24e09293d7a4d46b4a2fcea0ce220bba89d34e97d8ad9322a442fb20251013.png","",""
"546","豬豬小丑","https://pigfarmmix.net/#/pig/546","https://pigfarmmix.net/png_h/86a3f3c72b17cd1ca299155f91f7ba8a5c53092d55417eaaf35c47dc04f315e220251013.png","https://pigfarmmix.net/png_h/8fac40b2fe24e09293d7a4d46b4a2fcea0ce220bba89d34e97d8ad9322a442fb20251013.png","不挑食","5","0 小時","58 分鐘","20 小時","https://pigfarmmix.net/png_h/6585446bb2af50be3aaaf28d138c7bd5f2737b0e067ed0f28fa97b1f6b396d8020251013.png","肉色 [活動圖鑑]","≤ 132.5 kg","≥ 201.1 kg","6000 pt","","0.20%","https://pigfarmmix.net/png_h/8fac40b2fe24e09293d7a4d46b4a2fcea0ce220bba89d34e97d8ad9322a442fb20251013.png","https://pigfarmmix.net/png_h/8fac40b2fe24e09293d7a4d46b4a2fcea0ce220bba89d34e97d8ad9322a442fb20251013.png","https://pigfarmmix.net/png_h/8fac40b2fe24e09293d7a4d46b4a2fcea0ce220bba89d34e97d8ad9322a442fb20251013.png","https://pigfarmmix.net/png_h/8fac40b2fe24e09293d7a4d46b4a2fcea0ce220bba89d34e97d8ad9322a442fb20251013.png"
"547","奇妙仙豬","https://pigfarmmix.net/#/pig/547","https://pigfarmmix.net/png_h/ccf4003ae6429aae99c5c6520bfe76707d8aff5898493082ae9ad6dfe3c5717320251013.png","https://pigfarmmix.net/png_h/8fac40b2fe24e09293d7a4d46b4a2fcea0ce220bba89d34e97d8ad9322a442fb20251013.png","","3","60 分鐘","1 小時","18 小時","https://pigfarmmix.net/png_h/ecafd712febe701b1d890dcfbb244aa8351e2078819d27c2c899c49d55528f6e20251013.png","粉紅 [活動圖鑑]","≤ 131.1 kg","≥ 186.5 kg","5000 pt","https://pigfarmmix.net/png_h/ae37f6e04cdc1a9c13b5d505e598173fcce41b6af8074c98d775c0f1c6b04d6c20251013.png","","https://pigfarmmix.net/png_h/8fac40b2fe24e09293d7a4d46b4a2fcea0ce220bba89d34e97d8ad9322a442fb20251013.png","https://pigfarmmix.net/png_h/8fac40b2fe24e09293d7a4d46b4a2fcea0ce220bba89d34e97d8ad9322a442fb20251013.png","https://pigfarmmix.net/png_h/8fac40b2fe24e09293d7a4d46b4a2fcea0ce220bba89d34e97d8ad9322a442fb20251013.png",""
"548","鱷魚豬","https://pigfarmmix.net/#/pig/548","https://pigfarmmix.net/png_h/efaa3050bcdcf5ab0a1f2085410d222f568988ec3ac7b1e52062b411eced64f620251013.png","https://pigfarmmix.net/png_h/8fac40b2fe24e09293d7a4d46b4a2fcea0ce220bba89d34e97d8ad9322a442fb20251013.png","不挑食","4","60 分鐘","1 小時","16 小時","https://pigfarmmix.net/png_h/97cbaccfa405480612d3bf7e152c0f7f8d8507099b5839dfa19df61f5181feec20251013.png","灰色 [活動圖鑑]","≤ 126.6 kg","≥ 180.7 kg","3500 pt","","","https://pigfarmmix.net/png_h/8fac40b2fe24e09293d7a4d46b4a2fcea0ce220bba89d34e97d8ad9322a442fb20251013.png","https://pigfarmmix.net/png_h/8fac40b2fe24e09293d7a4d46b4a2fcea0ce220bba89d34e97d8ad9322a442fb20251013.png","",""
"549","畢業豬","https://pigfarmmix.net/#/pig/549","https://pigfarmmix.net/png_h/dda26118561df02cb21255d2632c0ffaef2997bf41a8c41fd41d6a2725c5dfc720251013.png","https://pigfarmmix.net/png_h/8fac40b2fe24e09293d7a4d46b4a2fcea0ce220bba89d34e97d8ad9322a442fb20251013.png","不挑食","4","0 小時","58 分鐘","24 小時","https://pigfarmmix.net/png_h/97cbaccfa405480612d3bf7e152c0f7f8d8507099b5839dfa19df61f5181feec20251013.png","灰色 [活動圖鑑]","≤ 126.6 kg","≥ 186.1 kg","3500 pt","","","https://pigfarmmix.net/png_h/8fac40b2fe24e09293d7a4d46b4a2fcea0ce220bba89d34e97d8ad9322a442fb20251013.png","https://pigfarmmix.net/png_h/8fac40b2fe24e09293d7a4d46b4a2fcea0ce220bba89d34e97d8ad9322a442fb20251013.png","",""
"550","白色情人豬","https://pigfarmmix.net/#/pig/550","https://pigfarmmix.net/png_h/7ee45e434fdc37c6496f63ccf705aa7b2e1b871cb14e7b560b26c1e2d0a3809420251013.png","https://pigfarmmix.net/png_h/8fac40b2fe24e09293d7a4d46b4a2fcea0ce220bba89d34e97d8ad9322a442fb20251013.png","不挑食","3","0 小時","58 分鐘","24 小時","https://pigfarmmix.net/png_h/a68119aa8a6ceba07cf7cd15c2c4ea3a6f2a3313e58a78a2ec1216d15999fb8f20251013.png","白色 [活動圖鑑]","≤ 129.7 kg","≥ 191.1 kg","4000 pt","","","https://pigfarmmix.net/png_h/8fac40b2fe24e09293d7a4d46b4a2fcea0ce220bba89d34e97d8ad9322a442fb20251013.png","https://pigfarmmix.net/png_h/8fac40b2fe24e09293d7a4d46b4a2fcea0ce220bba89d34e97d8ad9322a442fb20251013.png","https://pigfarmmix.net/png_h/8fac40b2fe24e09293d7a4d46b4a2fcea0ce220bba89d34e97d8ad9322a442fb20251013.png",""
"551","噗公英","https://pigfarmmix.net/#/pig/551","https://pigfarmmix.net/png_h/6990b60f0d35af31ecc8096b0cc9dbaed3d62bdfa60c45d299c6dfb1863e052120251013.png","https://pigfarmmix.net/png_h/8fac40b2fe24e09293d7a4d46b4a2fcea0ce220bba89d34e97d8ad9322a442fb20251013.png","不挑食","4","0 小時","58 分鐘","20 小時","https://pigfarmmix.net/png_h/a68119aa8a6ceba07cf7cd15c2c4ea3a6f2a3313e58a78a2ec1216d15999fb8f20251013.png","白色 [活動圖鑑]","≤ 129.6 kg","≥ 183.4 kg","3500 pt","","","https://pigfarmmix.net/png_h/8fac40b2fe24e09293d7a4d46b4a2fcea0ce220bba89d34e97d8ad9322a442fb20251013.png","https://pigfarmmix.net/png_h/8fac40b2fe24e09293d7a4d46b4a2fcea0ce220bba89d34e97d8ad9322a442fb20251013.png","",""
"552","愚人豬","https://pigfarmmix.net/#/pig/552","https://pigfarmmix.net/png_h/87cea32048c1c3aa8fda3852556af07fab722c1a2d7172e1dd645047f59fcf7920251013.png","https://pigfarmmix.net/png_h/8fac40b2fe24e09293d7a4d46b4a2fcea0ce220bba89d34e97d8ad9322a442fb20251013.png","不挑食","1","0 小時","58 分鐘","12 小時","https://pigfarmmix.net/png_h/a6752c7f9968b9961d0e91ae2083fce3f62ee7ac7f4c8d0a45c0a32bae70c8f620251013.png","肉色 [活動圖鑑]","≤ 126.9 kg","≥ 164.0 kg","3000 pt","https://pigfarmmix.net/png_h/8634aa677090b5bfca798d786e8ef2e14d04de87c2335c7e4a7052c45d83ddd120251013.png","","https://pigfarmmix.net/png_h/8fac40b2fe24e09293d7a4d46b4a2fcea0ce220bba89d34e97d8ad9322a442fb20251013.png","https://pigfarmmix.net/png_h/8fac40b2fe24e09293d7a4d46b4a2fcea0ce220bba89d34e97d8ad9322a442fb20251013.png","",""
"553","曹操豬","https://pigfarmmix.net/#/pig/553","https://pigfarmmix.net/png_h/e10bbc319ccd819d34d8a96fea96ff2d8249400850c4f652b804cca0c035497b20251013.png","https://pigfarmmix.net/png_h/8fac40b2fe24e09293d7a4d46b4a2fcea0ce220bba89d34e97d8ad9322a442fb20251013.png","","3","60 分鐘","1 小時","20 小時","https://pigfarmmix.net/png_h/9fc1edfa8a25ba821f32de73ee24d6907de827874d33d8400a273fbe122ac58920251013.png","米色 [活動圖鑑]","≤ 131.1 kg","≥ 188.1 kg","5000 pt","https://pigfarmmix.net/png_h/1083a39a293067c36e6e25b013d3a87904536ffef5349212d9a97fae8ca2b74420251013.png","","https://pigfarmmix.net/png_h/8fac40b2fe24e09293d7a4d46b4a2fcea0ce220bba89d34e97d8ad9322a442fb20251013.png","https://pigfarmmix.net/png_h/8fac40b2fe24e09293d7a4d46b4a2fcea0ce220bba89d34e97d8ad9322a442fb20251013.png","https://pigfarmmix.net/png_h/8fac40b2fe24e09293d7a4d46b4a2fcea0ce220bba89d34e97d8ad9322a442fb20251013.png",""
"554","劉備豬","https://pigfarmmix.net/#/pig/554","https://pigfarmmix.net/png_h/5f84ac8410e7ce9c3c73ee91d6f7b69811acc8a3ea38bf6f8a9f19fb125e645720251013.png","https://pigfarmmix.net/png_h/8fac40b2fe24e09293d7a4d46b4a2fcea0ce220bba89d34e97d8ad9322a442fb20251013.png","","3","60 分鐘","1 小時","20 小時","https://pigfarmmix.net/png_h/a6752c7f9968b9961d0e91ae2083fce3f62ee7ac7f4c8d0a45c0a32bae70c8f620251013.png","肉色 [活動圖鑑]","≤ 131.1 kg","≥ 188.1 kg","5000 pt","https://pigfarmmix.net/png_h/1083a39a293067c36e6e25b013d3a87904536ffef5349212d9a97fae8ca2b74420251013.png","","https://pigfarmmix.net/png_h/8fac40b2fe24e09293d7a4d46b4a2fcea0ce220bba89d34e97d8ad9322a442fb20251013.png","https://pigfarmmix.net/png_h/8fac40b2fe24e09293d7a4d46b4a2fcea0ce220bba89d34e97d8ad9322a442fb20251013.png","https://pigfarmmix.net/png_h/8fac40b2fe24e09293d7a4d46b4a2fcea0ce220bba89d34e97d8ad9322a442fb20251013.png",""
"555","孫權豬","https://pigfarmmix.net/#/pig/555","https://pigfarmmix.net/png_h/1ac0e2b7ea2fb1bdfb3dc6c5bed27e7268778a9143eb13fe097fef62adc6bfa220251013.png","https://pigfarmmix.net/png_h/8fac40b2fe24e09293d7a4d46b4a2fcea0ce220bba89d34e97d8ad9322a442fb20251013.png","","3","60 分鐘","1 小時","20 小時","https://pigfarmmix.net/png_h/a68119aa8a6ceba07cf7cd15c2c4ea3a6f2a3313e58a78a2ec1216d15999fb8f20251013.png","白色 [活動圖鑑]","≤ 131.1 kg","≥ 188.1 kg","5000 pt","https://pigfarmmix.net/png_h/1083a39a293067c36e6e25b013d3a87904536ffef5349212d9a97fae8ca2b74420251013.png","","https://pigfarmmix.net/png_h/8fac40b2fe24e09293d7a4d46b4a2fcea0ce220bba89d34e97d8ad9322a442fb20251013.png","https://pigfarmmix.net/png_h/8fac40b2fe24e09293d7a4d46b4a2fcea0ce220bba89d34e97d8ad9322a442fb20251013.png","https://pigfarmmix.net/png_h/8fac40b2fe24e09293d7a4d46b4a2fcea0ce220bba89d34e97d8ad9322a442fb20251013.png",""
"556","豬乃馨","https://pigfarmmix.net/#/pig/556","https://pigfarmmix.net/png_h/60cd89729e4cfa964a1bb3efe6ab0e894111e6da722602650382ad8f9a2dc0a820251013.png","https://pigfarmmix.net/png_h/8fac40b2fe24e09293d7a4d46b4a2fcea0ce220bba89d34e97d8ad9322a442fb20251013.png","不挑食","4","60 分鐘","1 小時","20 小時","https://pigfarmmix.net/png_h/a68119aa8a6ceba07cf7cd15c2c4ea3a6f2a3313e58a78a2ec1216d15999fb8f20251013.png","白色 [活動圖鑑]","≤ 126.6 kg","≥ 183.4 kg","3500 pt","","","https://pigfarmmix.net/png_h/8fac40b2fe24e09293d7a4d46b4a2fcea0ce220bba89d34e97d8ad9322a442fb20251013.png","https://pigfarmmix.net/png_h/8fac40b2fe24e09293d7a4d46b4a2fcea0ce220bba89d34e97d8ad9322a442fb20251013.png","",""
"557","豬筍","https://pigfarmmix.net/#/pig/557","https://pigfarmmix.net/png_h/ea0a39a233d65fffe381c09a934f122868c0382ba564ec5790e816c73ca9047820251013.png","https://pigfarmmix.net/png_h/8fac40b2fe24e09293d7a4d46b4a2fcea0ce220bba89d34e97d8ad9322a442fb20251013.png","","2","0 小時","58 分鐘","3 小時","https://pigfarmmix.net/png_h/9fc1edfa8a25ba821f32de73ee24d6907de827874d33d8400a273fbe122ac58920251013.png","米色 [活動圖鑑]","≤ 125.7 kg","≥ 162.2 kg","3000 pt","https://pigfarmmix.net/png_h/a7c17665173739b203d7fab5046bd82964e973f62b1c34834f032ecb6c99fff520251013.png","","https://pigfarmmix.net/png_h/8fac40b2fe24e09293d7a4d46b4a2fcea0ce220bba89d34e97d8ad9322a442fb20251013.png","https://pigfarmmix.net/png_h/8fac40b2fe24e09293d7a4d46b4a2fcea0ce220bba89d34e97d8ad9322a442fb20251013.png","",""
"558","繡球花豬","https://pigfarmmix.net/#/pig/558","https://pigfarmmix.net/png_h/d3f16ebebcb739e87a0bf596aa027c762a713756b9d4f3677fa6153ef0944ada20251013.png","https://pigfarmmix.net/png_h/8fac40b2fe24e09293d7a4d46b4a2fcea0ce220bba89d34e97d8ad9322a442fb20251013.png","不挑食","1","0 小時","58 分鐘","16 小時","https://pigfarmmix.net/png_h/46827eaf3344f3d5d59295ae2c237b7ef05252fa01f7f38bb1e57ac062d9c15520251013.png","粉紅 [活動圖鑑]","≤ 123.9 kg","≥ 180.7 kg","3000 pt","","","https://pigfarmmix.net/png_h/8fac40b2fe24e09293d7a4d46b4a2fcea0ce220bba89d34e97d8ad9322a442fb20251013.png","https://pigfarmmix.net/png_h/8fac40b2fe24e09293d7a4d46b4a2fcea0ce220bba89d34e97d8ad9322a442fb20251013.png","",""
"559","櫻桃豬","https://pigfarmmix.net/#/pig/559","https://pigfarmmix.net/png_h/f821cd101690f84d67aca8c71977b8fef134cc96672cb12635bf2bea3600f71020251013.png","https://pigfarmmix.net/png_h/8fac40b2fe24e09293d7a4d46b4a2fcea0ce220bba89d34e97d8ad9322a442fb20251013.png","不挑食","1","0 小時","58 分鐘","18 小時","https://pigfarmmix.net/png_h/6585446bb2af50be3aaaf28d138c7bd5f2737b0e067ed0f28fa97b1f6b396d8020251013.png","肉色 [活動圖鑑]","≤ 123.9 kg","≥ 182.0 kg","3500 pt","","","https://pigfarmmix.net/png_h/8fac40b2fe24e09293d7a4d46b4a2fcea0ce220bba89d34e97d8ad9322a442fb20251013.png","https://pigfarmmix.net/png_h/8fac40b2fe24e09293d7a4d46b4a2fcea0ce220bba89d34e97d8ad9322a442fb20251013.png","",""
"560","雷豬","https://pigfarmmix.net/#/pig/560","https://pigfarmmix.net/png_h/1aec96a42086259cb2d36ff8382771de36f7fe7e4f374517dd6cac5423c133ba20251013.png","https://pigfarmmix.net/png_h/8fac40b2fe24e09293d7a4d46b4a2fcea0ce220bba89d34e97d8ad9322a442fb20251013.png","不挑食","4","0 小時","58 分鐘","20 小時","https://pigfarmmix.net/png_h/a68119aa8a6ceba07cf7cd15c2c4ea3a6f2a3313e58a78a2ec1216d15999fb8f20251013.png","白色 [活動圖鑑]","≤ 130.6 kg","≥ 188.1 kg","5000 pt","","","https://pigfarmmix.net/png_h/8fac40b2fe24e09293d7a4d46b4a2fcea0ce220bba89d34e97d8ad9322a442fb20251013.png","https://pigfarmmix.net/png_h/8fac40b2fe24e09293d7a4d46b4a2fcea0ce220bba89d34e97d8ad9322a442fb20251013.png","https://pigfarmmix.net/png_h/8fac40b2fe24e09293d7a4d46b4a2fcea0ce220bba89d34e97d8ad9322a442fb20251013.png",""
"561","風豬","https://pigfarmmix.net/#/pig/561","https://pigfarmmix.net/png_h/f468bf32f4de6565f88950c22d27c62613f554f8adfd5c09d5278746c660076720251013.png","https://pigfarmmix.net/png_h/8fac40b2fe24e09293d7a4d46b4a2fcea0ce220bba89d34e97d8ad9322a442fb20251013.png","不挑食","4","0 小時","58 分鐘","20 小時","https://pigfarmmix.net/png_h/97cbaccfa405480612d3bf7e152c0f7f8d8507099b5839dfa19df61f5181feec20251013.png","灰色 [活動圖鑑]","≤ 130.6 kg","≥ 188.1 kg","5000 pt","","","https://pigfarmmix.net/png_h/8fac40b2fe24e09293d7a4d46b4a2fcea0ce220bba89d34e97d8ad9322a442fb20251013.png","https://pigfarmmix.net/png_h/8fac40b2fe24e09293d7a4d46b4a2fcea0ce220bba89d34e97d8ad9322a442fb20251013.png","https://pigfarmmix.net/png_h/8fac40b2fe24e09293d7a4d46b4a2fcea0ce220bba89d34e97d8ad9322a442fb20251013.png",""
"562","豬葛孔明","https://pigfarmmix.net/#/pig/562","https://pigfarmmix.net/png_h/424e7cf37ed5b2b98ccac5d0846722dd0d7584a55f91015a82580e8f2c7c8a7a20251013.png","https://pigfarmmix.net/png_h/8fac40b2fe24e09293d7a4d46b4a2fcea0ce220bba89d34e97d8ad9322a442fb20251013.png","不挑食","3","0 小時","58 分鐘","20 小時","https://pigfarmmix.net/png_h/a6752c7f9968b9961d0e91ae2083fce3f62ee7ac7f4c8d0a45c0a32bae70c8f620251013.png","肉色 [活動圖鑑]","≤ 129.7 kg","≥ 188.1 kg","4500 pt","","0.20%","https://pigfarmmix.net/png_h/8fac40b2fe24e09293d7a4d46b4a2fcea0ce220bba89d34e97d8ad9322a442fb20251013.png","https://pigfarmmix.net/png_h/8fac40b2fe24e09293d7a4d46b4a2fcea0ce220bba89d34e97d8ad9322a442fb20251013.png","https://pigfarmmix.net/png_h/8fac40b2fe24e09293d7a4d46b4a2fcea0ce220bba89d34e97d8ad9322a442fb20251013.png",""
"563","捕蟲豬","https://pigfarmmix.net/#/pig/563","https://pigfarmmix.net/png_h/8a7e84e55d15a9f8d6d67e98cd2a47ad5f471fbb66fe92968c5ff84b283cf74120251013.png","https://pigfarmmix.net/png_h/8fac40b2fe24e09293d7a4d46b4a2fcea0ce220bba89d34e97d8ad9322a442fb20251013.png","","4","0 小時","58 分鐘","18 小時","https://pigfarmmix.net/png_h/9fc1edfa8a25ba821f32de73ee24d6907de827874d33d8400a273fbe122ac58920251013.png","米色 [活動圖鑑]","≤ 128.5 kg","≥ 182.0 kg","3500 pt","https://pigfarmmix.net/png_h/a8c431ef04e348d579dbea87991cab0dadc22df86edf1920a8c8e76335bd820c20251013.png","","https://pigfarmmix.net/png_h/8fac40b2fe24e09293d7a4d46b4a2fcea0ce220bba89d34e97d8ad9322a442fb20251013.png","https://pigfarmmix.net/png_h/8fac40b2fe24e09293d7a4d46b4a2fcea0ce220bba89d34e97d8ad9322a442fb20251013.png","",""
"564","刨冰豬","https://pigfarmmix.net/#/pig/564","https://pigfarmmix.net/png_h/3d98d58488b108a9338dd72c9b051a9bdd6e17e4880e75ccdfabc517fa618e5e20251013.png","https://pigfarmmix.net/png_h/8fac40b2fe24e09293d7a4d46b4a2fcea0ce220bba89d34e97d8ad9322a442fb20251013.png","不挑食","5","0 小時","58 分鐘","10 小時","https://pigfarmmix.net/png_h/a68119aa8a6ceba07cf7cd15c2c4ea3a6f2a3313e58a78a2ec1216d15999fb8f20251013.png","白色 [活動圖鑑]","≤ 127.5 kg","≥ 176.6 kg","3500 pt","","","https://pigfarmmix.net/png_h/8fac40b2fe24e09293d7a4d46b4a2fcea0ce220bba89d34e97d8ad9322a442fb20251013.png","https://pigfarmmix.net/png_h/8fac40b2fe24e09293d7a4d46b4a2fcea0ce220bba89d34e97d8ad9322a442fb20251013.png","",""
"565","豬若丸","https://pigfarmmix.net/#/pig/565","https://pigfarmmix.net/png_h/4cb8929f829034eb302e527ebcb9df83b542d9af336aaa1e1506cfe2f3bb927520251013.png","https://pigfarmmix.net/png_h/8fac40b2fe24e09293d7a4d46b4a2fcea0ce220bba89d34e97d8ad9322a442fb20251013.png","不挑食","3","0 小時","58 分鐘","20 小時","https://pigfarmmix.net/png_h/6585446bb2af50be3aaaf28d138c7bd5f2737b0e067ed0f28fa97b1f6b396d8020251013.png","肉色 [活動圖鑑]","≤ 130.7 kg","≥ 201.1 kg","5000 pt","","","https://pigfarmmix.net/png_h/8fac40b2fe24e09293d7a4d46b4a2fcea0ce220bba89d34e97d8ad9322a442fb20251013.png","https://pigfarmmix.net/png_h/8fac40b2fe24e09293d7a4d46b4a2fcea0ce220bba89d34e97d8ad9322a442fb20251013.png","https://pigfarmmix.net/png_h/8fac40b2fe24e09293d7a4d46b4a2fcea0ce220bba89d34e97d8ad9322a442fb20251013.png","https://pigfarmmix.net/png_h/8fac40b2fe24e09293d7a4d46b4a2fcea0ce220bba89d34e97d8ad9322a442fb20251013.png"
"566","豬弁慶","https://pigfarmmix.net/#/pig/566","https://pigfarmmix.net/png_h/cc18672c32083c1d2d41866512ca77643e326c67034f5fb5ad265cf209d6104f20251013.png","https://pigfarmmix.net/png_h/8fac40b2fe24e09293d7a4d46b4a2fcea0ce220bba89d34e97d8ad9322a442fb20251013.png","不挑食","6","0 小時","58 分鐘","18 小時","https://pigfarmmix.net/png_h/9fc1edfa8a25ba821f32de73ee24d6907de827874d33d8400a273fbe122ac58920251013.png","米色 [活動圖鑑]","≤ 132.4 kg","≥ 186.5 kg","4500 pt","","","https://pigfarmmix.net/png_h/8fac40b2fe24e09293d7a4d46b4a2fcea0ce220bba89d34e97d8ad9322a442fb20251013.png","https://pigfarmmix.net/png_h/8fac40b2fe24e09293d7a4d46b4a2fcea0ce220bba89d34e97d8ad9322a442fb20251013.png","https://pigfarmmix.net/png_h/8fac40b2fe24e09293d7a4d46b4a2fcea0ce220bba89d34e97d8ad9322a442fb20251013.png",""
"567","浮潛豬","https://pigfarmmix.net/#/pig/567","https://pigfarmmix.net/png_h/7eeeaa6e0adde89ecfdb8e85d65f1f5f3fcb1a077a5d20a0be0cca6201c3cb1020251013.png","https://pigfarmmix.net/png_h/8fac40b2fe24e09293d7a4d46b4a2fcea0ce220bba89d34e97d8ad9322a442fb20251013.png","不挑食","4","0 小時","58 分鐘","12 小時","https://pigfarmmix.net/png_h/9fc1edfa8a25ba821f32de73ee24d6907de827874d33d8400a273fbe122ac58920251013.png","米色 [活動圖鑑]","≤ 126.6 kg","≥ 178.0 kg","3000 pt","","","https://pigfarmmix.net/png_h/8fac40b2fe24e09293d7a4d46b4a2fcea0ce220bba89d34e97d8ad9322a442fb20251013.png","https://pigfarmmix.net/png_h/8fac40b2fe24e09293d7a4d46b4a2fcea0ce220bba89d34e97d8ad9322a442fb20251013.png","",""
"568","海軍豬","https://pigfarmmix.net/#/pig/568","https://pigfarmmix.net/png_h/b7258c68264bb5a6d47f907a540e94fdabbd54ca957625a0dd01278ea435b75520251013.png","https://pigfarmmix.net/png_h/8fac40b2fe24e09293d7a4d46b4a2fcea0ce220bba89d34e97d8ad9322a442fb20251013.png","不挑食","4","0 小時","58 分鐘","16 小時","https://pigfarmmix.net/png_h/46827eaf3344f3d5d59295ae2c237b7ef05252fa01f7f38bb1e57ac062d9c15520251013.png","粉紅 [活動圖鑑]","≤ 126.6 kg","≥ 180.7 kg","3000 pt","","","https://pigfarmmix.net/png_h/8fac40b2fe24e09293d7a4d46b4a2fcea0ce220bba89d34e97d8ad9322a442fb20251013.png","https://pigfarmmix.net/png_h/8fac40b2fe24e09293d7a4d46b4a2fcea0ce220bba89d34e97d8ad9322a442fb20251013.png","",""
"569","波斯菊豬","https://pigfarmmix.net/#/pig/569","https://pigfarmmix.net/png_h/1fd615fb8d55c8f2d159f955e35d9e00e781463ae566901940894474561f24b520251013.png","https://pigfarmmix.net/png_h/8fac40b2fe24e09293d7a4d46b4a2fcea0ce220bba89d34e97d8ad9322a442fb20251013.png","","3","0 小時","58 分鐘","14 小時","https://pigfarmmix.net/png_h/46827eaf3344f3d5d59295ae2c237b7ef05252fa01f7f38bb1e57ac062d9c15520251013.png","粉紅 [活動圖鑑]","≤ 125.7 kg","≥ 164.9 kg","3000 pt","https://pigfarmmix.net/png_h/a7c17665173739b203d7fab5046bd82964e973f62b1c34834f032ecb6c99fff520251013.png","","https://pigfarmmix.net/png_h/8fac40b2fe24e09293d7a4d46b4a2fcea0ce220bba89d34e97d8ad9322a442fb20251013.png","https://pigfarmmix.net/png_h/8fac40b2fe24e09293d7a4d46b4a2fcea0ce220bba89d34e97d8ad9322a442fb20251013.png","",""
"570","豬烤秋刀魚","https://pigfarmmix.net/#/pig/570","https://pigfarmmix.net/png_h/8c174b9999c7ebba9e16396a1362fe05549b92dbd4dbb649f276feec39644e5720251013.png","https://pigfarmmix.net/png_h/8fac40b2fe24e09293d7a4d46b4a2fcea0ce220bba89d34e97d8ad9322a442fb20251013.png","不挑食","3","0 小時","58 分鐘","12 小時","https://pigfarmmix.net/png_h/a6752c7f9968b9961d0e91ae2083fce3f62ee7ac7f4c8d0a45c0a32bae70c8f620251013.png","肉色 [活動圖鑑]","≤ 125.7 kg","≥ 178.0 kg","3000 pt","","","https://pigfarmmix.net/png_h/8fac40b2fe24e09293d7a4d46b4a2fcea0ce220bba89d34e97d8ad9322a442fb20251013.png","https://pigfarmmix.net/png_h/8fac40b2fe24e09293d7a4d46b4a2fcea0ce220bba89d34e97d8ad9322a442fb20251013.png","",""
"571","幽靈豬","https://pigfarmmix.net/#/pig/571","https://pigfarmmix.net/png_h/ff8db36779c93f56701f502bcc58e7c22207a19ee61873edaef75cf51ce4207820251013.png","https://pigfarmmix.net/png_h/8fac40b2fe24e09293d7a4d46b4a2fcea0ce220bba89d34e97d8ad9322a442fb20251013.png","不挑食","4","0 小時","58 分鐘","9 小時","https://pigfarmmix.net/png_h/97cbaccfa405480612d3bf7e152c0f7f8d8507099b5839dfa19df61f5181feec20251013.png","灰色 [活動圖鑑]","≤ 128.6 kg","≥ 163.3 kg","3000 pt","","","https://pigfarmmix.net/png_h/8fac40b2fe24e09293d7a4d46b4a2fcea0ce220bba89d34e97d8ad9322a442fb20251013.png","https://pigfarmmix.net/png_h/8fac40b2fe24e09293d7a4d46b4a2fcea0ce220bba89d34e97d8ad9322a442fb20251013.png","",""
"572","橡子豬","https://pigfarmmix.net/#/pig/572","https://pigfarmmix.net/png_h/432a74a59af2191114f78123a64919af0eaef6d69a65d48c662b3200b3c5865f20251013.png","https://pigfarmmix.net/png_h/8fac40b2fe24e09293d7a4d46b4a2fcea0ce220bba89d34e97d8ad9322a442fb20251013.png","","3","0 小時","58 分鐘","10 小時","https://pigfarmmix.net/png_h/9fc1edfa8a25ba821f32de73ee24d6907de827874d33d8400a273fbe122ac58920251013.png","米色 [活動圖鑑]","≤ 128.7 kg","≥ 169.0 kg","3000 pt","https://pigfarmmix.net/png_h/0aeaee22846aee8ef0429da1face05360c1fdfd8de57e07bebb2741e67f15e6220251013.png","","https://pigfarmmix.net/png_h/8fac40b2fe24e09293d7a4d46b4a2fcea0ce220bba89d34e97d8ad9322a442fb20251013.png","https://pigfarmmix.net/png_h/8fac40b2fe24e09293d7a4d46b4a2fcea0ce220bba89d34e97d8ad9322a442fb20251013.png","",""
"573","白天鵝豬","https://pigfarmmix.net/#/pig/573","https://pigfarmmix.net/png_h/44923905cbb9b6c95d8a6bff9ab7d3eada68834eea088a5f4d44978284c33de920251013.png","https://pigfarmmix.net/png_h/8fac40b2fe24e09293d7a4d46b4a2fcea0ce220bba89d34e97d8ad9322a442fb20251013.png","不挑食","3","60 分鐘","1 小時","12 小時","https://pigfarmmix.net/png_h/a68119aa8a6ceba07cf7cd15c2c4ea3a6f2a3313e58a78a2ec1216d15999fb8f20251013.png","白色 [活動圖鑑]","≤ 129.7 kg","≥ 176.0 kg","4500 pt","","","https://pigfarmmix.net/png_h/8fac40b2fe24e09293d7a4d46b4a2fcea0ce220bba89d34e97d8ad9322a442fb20251013.png","https://pigfarmmix.net/png_h/8fac40b2fe24e09293d7a4d46b4a2fcea0ce220bba89d34e97d8ad9322a442fb20251013.png","https://pigfarmmix.net/png_h/8fac40b2fe24e09293d7a4d46b4a2fcea0ce220bba89d34e97d8ad9322a442fb20251013.png",""
"574","黑天鵝豬","https://pigfarmmix.net/#/pig/574","https://pigfarmmix.net/png_h/70552e93ecb797d914dba3773b74d0d260a5d179bcb10782997f2b7cda32c4c320251013.png","https://pigfarmmix.net/png_h/8fac40b2fe24e09293d7a4d46b4a2fcea0ce220bba89d34e97d8ad9322a442fb20251013.png","","2","60 分鐘","1 小時","10 小時","https://pigfarmmix.net/png_h/97cbaccfa405480612d3bf7e152c0f7f8d8507099b5839dfa19df61f5181feec20251013.png","灰色 [活動圖鑑]","≤ 130.9 kg","≥ 196.9 kg","4500 pt","https://pigfarmmix.net/png_h/1a4d96e5f723848dfbd2bbb08fd82f6579c3850dcc352a2b9ee260764acd522320251013.png","","https://pigfarmmix.net/png_h/8fac40b2fe24e09293d7a4d46b4a2fcea0ce220bba89d34e97d8ad9322a442fb20251013.png","https://pigfarmmix.net/png_h/8fac40b2fe24e09293d7a4d46b4a2fcea0ce220bba89d34e97d8ad9322a442fb20251013.png","https://pigfarmmix.net/png_h/8fac40b2fe24e09293d7a4d46b4a2fcea0ce220bba89d34e97d8ad9322a442fb20251013.png",""
"575","蒙布朗豬","https://pigfarmmix.net/#/pig/575","https://pigfarmmix.net/png_h/3b4259c73a623114b582f6f2fd895b8697a10c9d8e1893242e0e869d07fe9cf620251013.png","https://pigfarmmix.net/png_h/8fac40b2fe24e09293d7a4d46b4a2fcea0ce220bba89d34e97d8ad9322a442fb20251013.png","","5","0 小時","58 分鐘","20 小時","https://pigfarmmix.net/png_h/9fc1edfa8a25ba821f32de73ee24d6907de827874d33d8400a273fbe122ac58920251013.png","米色 [活動圖鑑]","≤ 131.9 kg","≥ 181.4 kg","4500 pt","https://pigfarmmix.net/png_h/8634aa677090b5bfca798d786e8ef2e14d04de87c2335c7e4a7052c45d83ddd120251013.png","","https://pigfarmmix.net/png_h/8fac40b2fe24e09293d7a4d46b4a2fcea0ce220bba89d34e97d8ad9322a442fb20251013.png","https://pigfarmmix.net/png_h/8fac40b2fe24e09293d7a4d46b4a2fcea0ce220bba89d34e97d8ad9322a442fb20251013.png","https://pigfarmmix.net/png_h/8fac40b2fe24e09293d7a4d46b4a2fcea0ce220bba89d34e97d8ad9322a442fb20251013.png",""
"576","松毬豬","https://pigfarmmix.net/#/pig/576","https://pigfarmmix.net/png_h/85d89bfe71c31d53c46ba90cc15ca34cbadf6f809554680492bdcbc43929f4e420251013.png","https://pigfarmmix.net/png_h/8fac40b2fe24e09293d7a4d46b4a2fcea0ce220bba89d34e97d8ad9322a442fb20251013.png","不挑食","1","0 小時","58 分鐘","8 小時","https://pigfarmmix.net/png_h/9fc1edfa8a25ba821f32de73ee24d6907de827874d33d8400a273fbe122ac58920251013.png","米色 [活動圖鑑]","≤ 125.9 kg","≥ 177.5 kg","3000 pt","","","https://pigfarmmix.net/png_h/8fac40b2fe24e09293d7a4d46b4a2fcea0ce220bba89d34e97d8ad9322a442fb20251013.png","https://pigfarmmix.net/png_h/8fac40b2fe24e09293d7a4d46b4a2fcea0ce220bba89d34e97d8ad9322a442fb20251013.png","",""
"577","豬杜莎","https://pigfarmmix.net/#/pig/577","https://pigfarmmix.net/png_h/9748b153ff57980c8987cf9ea3dc35c050fafc618b21cd562dea3b76752cad5520251013.png","https://pigfarmmix.net/png_h/8fac40b2fe24e09293d7a4d46b4a2fcea0ce220bba89d34e97d8ad9322a442fb20251013.png","不挑食","4","60 分鐘","1 小時","24 小時","https://pigfarmmix.net/png_h/97cbaccfa405480612d3bf7e152c0f7f8d8507099b5839dfa19df61f5181feec20251013.png","灰色 [活動圖鑑]","≤ 130.6 kg","≥ 184.1 kg","4500 pt","","","https://pigfarmmix.net/png_h/8fac40b2fe24e09293d7a4d46b4a2fcea0ce220bba89d34e97d8ad9322a442fb20251013.png","https://pigfarmmix.net/png_h/8fac40b2fe24e09293d7a4d46b4a2fcea0ce220bba89d34e97d8ad9322a442fb20251013.png","https://pigfarmmix.net/png_h/8fac40b2fe24e09293d7a4d46b4a2fcea0ce220bba89d34e97d8ad9322a442fb20251013.png",""
"578","蝴蝶豬","https://pigfarmmix.net/#/pig/578","https://pigfarmmix.net/png_h/bd5b307ebe0b9a3d4bc1561f5d24383d16a490e2c33dea90eb820feff43b96a220251013.png","https://pigfarmmix.net/png_h/8fac40b2fe24e09293d7a4d46b4a2fcea0ce220bba89d34e97d8ad9322a442fb20251013.png","不挑食","3","60 分鐘","1 小時","18 小時","https://pigfarmmix.net/png_h/a6752c7f9968b9961d0e91ae2083fce3f62ee7ac7f4c8d0a45c0a32bae70c8f620251013.png","肉色 [活動圖鑑]","≤ 127.7 kg","≥ 173.9 kg","3500 pt","","","https://pigfarmmix.net/png_h/8fac40b2fe24e09293d7a4d46b4a2fcea0ce220bba89d34e97d8ad9322a442fb20251013.png","https://pigfarmmix.net/png_h/8fac40b2fe24e09293d7a4d46b4a2fcea0ce220bba89d34e97d8ad9322a442fb20251013.png","",""
"579","毛衣豬","https://pigfarmmix.net/#/pig/579","https://pigfarmmix.net/png_h/e5b6371dd5190ce21f3f69dbc72a0cb64e34172e0c28e6cd4e1609547319d0ed20251013.png","https://pigfarmmix.net/png_h/8fac40b2fe24e09293d7a4d46b4a2fcea0ce220bba89d34e97d8ad9322a442fb20251013.png","不挑食","1","0 小時","58 分鐘","8 小時","https://pigfarmmix.net/png_h/46827eaf3344f3d5d59295ae2c237b7ef05252fa01f7f38bb1e57ac062d9c15520251013.png","粉紅 [活動圖鑑]","≤ 125.9 kg","≥ 167.7 kg","3000 pt","","","https://pigfarmmix.net/png_h/8fac40b2fe24e09293d7a4d46b4a2fcea0ce220bba89d34e97d8ad9322a442fb20251013.png","https://pigfarmmix.net/png_h/8fac40b2fe24e09293d7a4d46b4a2fcea0ce220bba89d34e97d8ad9322a442fb20251013.png","",""
"580","花圈豬","https://pigfarmmix.net/#/pig/580","https://pigfarmmix.net/png_h/30de10c98c4316dadd042f8d7f108ba61966c8a99644368b08b2297fb8f7fa4020251013.png","https://pigfarmmix.net/png_h/8fac40b2fe24e09293d7a4d46b4a2fcea0ce220bba89d34e97d8ad9322a442fb20251013.png","","1","0 小時","58 分鐘","10 小時","https://pigfarmmix.net/png_h/a6752c7f9968b9961d0e91ae2083fce3f62ee7ac7f4c8d0a45c0a32bae70c8f620251013.png","肉色 [活動圖鑑]","≤ 126.2 kg","≥ 169.0 kg","3000 pt","https://pigfarmmix.net/png_h/ae37f6e04cdc1a9c13b5d505e598173fcce41b6af8074c98d775c0f1c6b04d6c20251013.png","","https://pigfarmmix.net/png_h/8fac40b2fe24e09293d7a4d46b4a2fcea0ce220bba89d34e97d8ad9322a442fb20251013.png","https://pigfarmmix.net/png_h/8fac40b2fe24e09293d7a4d46b4a2fcea0ce220bba89d34e97d8ad9322a442fb20251013.png","",""
"581","雪女豬","https://pigfarmmix.net/#/pig/581","https://pigfarmmix.net/png_h/a5f9ac077d2f0a920c1b0a3d9949dde70eb88d8f5ea08cee458b5b1289c4e94a20251013.png","https://pigfarmmix.net/png_h/8fac40b2fe24e09293d7a4d46b4a2fcea0ce220bba89d34e97d8ad9322a442fb20251013.png","不挑食","3","0 小時","58 分鐘","15 小時","https://pigfarmmix.net/png_h/a68119aa8a6ceba07cf7cd15c2c4ea3a6f2a3313e58a78a2ec1216d15999fb8f20251013.png","白色 [活動圖鑑]","≤ 129.7 kg","≥ 178.0 kg","4000 pt","","","https://pigfarmmix.net/png_h/8fac40b2fe24e09293d7a4d46b4a2fcea0ce220bba89d34e97d8ad9322a442fb20251013.png","https://pigfarmmix.net/png_h/8fac40b2fe24e09293d7a4d46b4a2fcea0ce220bba89d34e97d8ad9322a442fb20251013.png","https://pigfarmmix.net/png_h/8fac40b2fe24e09293d7a4d46b4a2fcea0ce220bba89d34e97d8ad9322a442fb20251013.png",""
"582","雪子豬","https://pigfarmmix.net/#/pig/582","https://pigfarmmix.net/png_h/4359e80547e91201f4e6aeaefcfb5b9ec6fb6f862a5d79b6211cf120b827a3c220251013.png","https://pigfarmmix.net/png_h/8fac40b2fe24e09293d7a4d46b4a2fcea0ce220bba89d34e97d8ad9322a442fb20251013.png","","3","60 分鐘","1 小時","24 小時","https://pigfarmmix.net/png_h/a6752c7f9968b9961d0e91ae2083fce3f62ee7ac7f4c8d0a45c0a32bae70c8f620251013.png","肉色 [活動圖鑑]","≤ 129.7 kg","≥ 170.6 kg","4000 pt","https://pigfarmmix.net/png_h/8634aa677090b5bfca798d786e8ef2e14d04de87c2335c7e4a7052c45d83ddd120251013.png","","https://pigfarmmix.net/png_h/8fac40b2fe24e09293d7a4d46b4a2fcea0ce220bba89d34e97d8ad9322a442fb20251013.png","https://pigfarmmix.net/png_h/8fac40b2fe24e09293d7a4d46b4a2fcea0ce220bba89d34e97d8ad9322a442fb20251013.png","https://pigfarmmix.net/png_h/8fac40b2fe24e09293d7a4d46b4a2fcea0ce220bba89d34e97d8ad9322a442fb20251013.png",""
"583","新成豬","https://pigfarmmix.net/#/pig/583","https://pigfarmmix.net/png_h/fe7fcb4530b1311b3fe0a9a6ba02405176b0fc7f51946b33f2d81457ce8f3fca20251013.png","https://pigfarmmix.net/png_h/8fac40b2fe24e09293d7a4d46b4a2fcea0ce220bba89d34e97d8ad9322a442fb20251013.png","","4","0 小時","58 分鐘","20 小時","https://pigfarmmix.net/png_h/46827eaf3344f3d5d59295ae2c237b7ef05252fa01f7f38bb1e57ac062d9c15520251013.png","粉紅 [活動圖鑑]","≤ 132.0 kg","≥ 181.4 kg","4500 pt","https://pigfarmmix.net/png_h/ae37f6e04cdc1a9c13b5d505e598173fcce41b6af8074c98d775c0f1c6b04d6c20251013.png","","https://pigfarmmix.net/png_h/8fac40b2fe24e09293d7a4d46b4a2fcea0ce220bba89d34e97d8ad9322a442fb20251013.png","https://pigfarmmix.net/png_h/8fac40b2fe24e09293d7a4d46b4a2fcea0ce220bba89d34e97d8ad9322a442fb20251013.png","https://pigfarmmix.net/png_h/8fac40b2fe24e09293d7a4d46b4a2fcea0ce220bba89d34e97d8ad9322a442fb20251013.png",""
"584","連帽大衣豬","https://pigfarmmix.net/#/pig/584","https://pigfarmmix.net/png_h/128106b12a523515fa78b2efbdd0eb3148792aa95993bcdfe834fc0dc0bc99e020251013.png","https://pigfarmmix.net/png_h/8fac40b2fe24e09293d7a4d46b4a2fcea0ce220bba89d34e97d8ad9322a442fb20251013.png","不挑食","3","0 小時","58 分鐘","10 小時","https://pigfarmmix.net/png_h/9fc1edfa8a25ba821f32de73ee24d6907de827874d33d8400a273fbe122ac58920251013.png","米色 [活動圖鑑]","≤ 127.7 kg","≥ 169.0 kg","3000 pt","","","https://pigfarmmix.net/png_h/8fac40b2fe24e09293d7a4d46b4a2fcea0ce220bba89d34e97d8ad9322a442fb20251013.png","https://pigfarmmix.net/png_h/8fac40b2fe24e09293d7a4d46b4a2fcea0ce220bba89d34e97d8ad9322a442fb20251013.png","",""
"585","滑雪豬","https://pigfarmmix.net/#/pig/585","https://pigfarmmix.net/png_h/0edaba1c94c36f0ad724548e39390bfc9fc6b8eb3fbefbb898c66f3e1512613220251013.png","https://pigfarmmix.net/png_h/8fac40b2fe24e09293d7a4d46b4a2fcea0ce220bba89d34e97d8ad9322a442fb20251013.png","","3","0 小時","58 分鐘","12 小時","https://pigfarmmix.net/png_h/a68119aa8a6ceba07cf7cd15c2c4ea3a6f2a3313e58a78a2ec1216d15999fb8f20251013.png","白色 [活動圖鑑]","≤ 127.7 kg","≥ 160.0 kg","3000 pt","https://pigfarmmix.net/png_h/a7c17665173739b203d7fab5046bd82964e973f62b1c34834f032ecb6c99fff520251013.png","","https://pigfarmmix.net/png_h/8fac40b2fe24e09293d7a4d46b4a2fcea0ce220bba89d34e97d8ad9322a442fb20251013.png","https://pigfarmmix.net/png_h/8fac40b2fe24e09293d7a4d46b4a2fcea0ce220bba89d34e97d8ad9322a442fb20251013.png","",""
"586","豬豬不倒翁","https://pigfarmmix.net/#/pig/586","https://pigfarmmix.net/png_h/4e504c3241271da123140291d599e21c956c996184b7cba5911565d668ea857520251013.png","https://pigfarmmix.net/png_h/8fac40b2fe24e09293d7a4d46b4a2fcea0ce220bba89d34e97d8ad9322a442fb20251013.png","不挑食","1","0 小時","58 分鐘","10 小時","https://pigfarmmix.net/png_h/46827eaf3344f3d5d59295ae2c237b7ef05252fa01f7f38bb1e57ac062d9c15520251013.png","粉紅 [活動圖鑑]","≤ 125.9 kg","≥ 169.0 kg","3939 pt","","","https://pigfarmmix.net/png_h/8fac40b2fe24e09293d7a4d46b4a2fcea0ce220bba89d34e97d8ad9322a442fb20251013.png","https://pigfarmmix.net/png_h/8fac40b2fe24e09293d7a4d46b4a2fcea0ce220bba89d34e97d8ad9322a442fb20251013.png","",""
"587","戴珍珠耳環的豬","https://pigfarmmix.net/#/pig/587","https://pigfarmmix.net/png_h/bb02f791917af38035c8736a3a28d1fa6f8c09a4e7fc45a1220455f559b33c4c20251013.png","https://pigfarmmix.net/png_h/8fac40b2fe24e09293d7a4d46b4a2fcea0ce220bba89d34e97d8ad9322a442fb20251013.png","","2","0 小時","58 分鐘","20 小時","https://pigfarmmix.net/png_h/46827eaf3344f3d5d59295ae2c237b7ef05252fa01f7f38bb1e57ac062d9c15520251013.png","粉紅 [活動圖鑑]","≤ 128.8 kg","≥ 181.4 kg","4000 pt","https://pigfarmmix.net/png_h/a7c17665173739b203d7fab5046bd82964e973f62b1c34834f032ecb6c99fff520251013.png","","https://pigfarmmix.net/png_h/8fac40b2fe24e09293d7a4d46b4a2fcea0ce220bba89d34e97d8ad9322a442fb20251013.png","https://pigfarmmix.net/png_h/8fac40b2fe24e09293d7a4d46b4a2fcea0ce220bba89d34e97d8ad9322a442fb20251013.png","https://pigfarmmix.net/png_h/8fac40b2fe24e09293d7a4d46b4a2fcea0ce220bba89d34e97d8ad9322a442fb20251013.png",""
"588","蒙豬麗莎","https://pigfarmmix.net/#/pig/588","https://pigfarmmix.net/png_h/1e9faa4b0afc5336deed4d17cd40650fb848f8f7a7aae201cd207aba9f39087320251013.png","https://pigfarmmix.net/png_h/8fac40b2fe24e09293d7a4d46b4a2fcea0ce220bba89d34e97d8ad9322a442fb20251013.png","","2","0 小時","58 分鐘","24 小時","https://pigfarmmix.net/png_h/9fc1edfa8a25ba821f32de73ee24d6907de827874d33d8400a273fbe122ac58920251013.png","米色 [活動圖鑑]","≤ 130.9 kg","≥ 211.8 kg","4500 pt","https://pigfarmmix.net/png_h/1a4d96e5f723848dfbd2bbb08fd82f6579c3850dcc352a2b9ee260764acd522320251013.png","","https://pigfarmmix.net/png_h/8fac40b2fe24e09293d7a4d46b4a2fcea0ce220bba89d34e97d8ad9322a442fb20251013.png","https://pigfarmmix.net/png_h/8fac40b2fe24e09293d7a4d46b4a2fcea0ce220bba89d34e97d8ad9322a442fb20251013.png","https://pigfarmmix.net/png_h/8fac40b2fe24e09293d7a4d46b4a2fcea0ce220bba89d34e97d8ad9322a442fb20251013.png",""
"589","寫樂的浮世繪豬","https://pigfarmmix.net/#/pig/589","https://pigfarmmix.net/png_h/9311b67c2acda956978585f96a321a1626d72c9e96a8b5cdf3cd7713671ddccc20251013.png","https://pigfarmmix.net/png_h/8fac40b2fe24e09293d7a4d46b4a2fcea0ce220bba89d34e97d8ad9322a442fb20251013.png","不挑食","1","0 小時","58 分鐘","18 小時","https://pigfarmmix.net/png_h/a68119aa8a6ceba07cf7cd15c2c4ea3a6f2a3313e58a78a2ec1216d15999fb8f20251013.png","白色 [活動圖鑑]","≤ 127.9 kg","≥ 172.0 kg","4000 pt","","","https://pigfarmmix.net/png_h/8fac40b2fe24e09293d7a4d46b4a2fcea0ce220bba89d34e97d8ad9322a442fb20251013.png","https://pigfarmmix.net/png_h/8fac40b2fe24e09293d7a4d46b4a2fcea0ce220bba89d34e97d8ad9322a442fb20251013.png","https://pigfarmmix.net/png_h/8fac40b2fe24e09293d7a4d46b4a2fcea0ce220bba89d34e97d8ad9322a442fb20251013.png",""
"590","斯芬克斯豬","https://pigfarmmix.net/#/pig/590","https://pigfarmmix.net/png_h/ab8035a51e37621ba803f43818118d7ae8266b540fef0b388f270d711126a5dd20251013.png","https://pigfarmmix.net/png_h/8fac40b2fe24e09293d7a4d46b4a2fcea0ce220bba89d34e97d8ad9322a442fb20251013.png","不挑食","9","0 小時","58 分鐘","24 小時","https://pigfarmmix.net/png_h/9fc1edfa8a25ba821f32de73ee24d6907de827874d33d8400a273fbe122ac58920251013.png","米色 [活動圖鑑]","≤ 134.2 kg","≥ 197.8 kg","10000 pt","https://pigfarmmix.net/png_h/d48df30397ce33593ddd99a7039b689c0ca8147be77810da82091e7db2ac5ba720251013.png","7.29%","https://pigfarmmix.net/png_h/8fac40b2fe24e09293d7a4d46b4a2fcea0ce220bba89d34e97d8ad9322a442fb20251013.png","https://pigfarmmix.net/png_h/8fac40b2fe24e09293d7a4d46b4a2fcea0ce220bba89d34e97d8ad9322a442fb20251013.png","https://pigfarmmix.net/png_h/8fac40b2fe24e09293d7a4d46b4a2fcea0ce220bba89d34e97d8ad9322a442fb20251013.png","https://pigfarmmix.net/png_h/8fac40b2fe24e09293d7a4d46b4a2fcea0ce220bba89d34e97d8ad9322a442fb20251013.png"
"591","噴嚏豬","https://pigfarmmix.net/#/pig/591","https://pigfarmmix.net/png_h/d62b0e5eba10a21f00e5cf63d0097855cec52bc278a8cdbe83d150bedd4911c520251013.png","https://pigfarmmix.net/png_h/8fac40b2fe24e09293d7a4d46b4a2fcea0ce220bba89d34e97d8ad9322a442fb20251013.png","","2","0 小時","58 分鐘","18 小時","https://pigfarmmix.net/png_h/a6752c7f9968b9961d0e91ae2083fce3f62ee7ac7f4c8d0a45c0a32bae70c8f620251013.png","肉色 [活動圖鑑]","≤ 127.5 kg","≥ 173.9 kg","3000 pt","https://pigfarmmix.net/png_h/ae37f6e04cdc1a9c13b5d505e598173fcce41b6af8074c98d775c0f1c6b04d6c20251013.png","","https://pigfarmmix.net/png_h/8fac40b2fe24e09293d7a4d46b4a2fcea0ce220bba89d34e97d8ad9322a442fb20251013.png","https://pigfarmmix.net/png_h/8fac40b2fe24e09293d7a4d46b4a2fcea0ce220bba89d34e97d8ad9322a442fb20251013.png","",""
"592","蜜蜂豬","https://pigfarmmix.net/#/pig/592","https://pigfarmmix.net/png_h/86462386f90fc902cce98e58114cf370cabeb2c000d5e0a27b93f8262b38d6c120251013.png","https://pigfarmmix.net/png_h/8fac40b2fe24e09293d7a4d46b4a2fcea0ce220bba89d34e97d8ad9322a442fb20251013.png","不挑食","2","0 小時","58 分鐘","8 小時","https://pigfarmmix.net/png_h/a68119aa8a6ceba07cf7cd15c2c4ea3a6f2a3313e58a78a2ec1216d15999fb8f20251013.png","白色 [活動圖鑑]","≤ 126.8 kg","≥ 167.7 kg","3000 pt","","","https://pigfarmmix.net/png_h/8fac40b2fe24e09293d7a4d46b4a2fcea0ce220bba89d34e97d8ad9322a442fb20251013.png","https://pigfarmmix.net/png_h/8fac40b2fe24e09293d7a4d46b4a2fcea0ce220bba89d34e97d8ad9322a442fb20251013.png","",""
"593","櫻餅豬","https://pigfarmmix.net/#/pig/593","https://pigfarmmix.net/png_h/c6186bab0e1c5b96490ab177b20d025008ac1f8c224e9b3f622accf5fb2d124820251013.png","https://pigfarmmix.net/png_h/8fac40b2fe24e09293d7a4d46b4a2fcea0ce220bba89d34e97d8ad9322a442fb20251013.png","不挑食","1","0 小時","58 分鐘","8 小時","https://pigfarmmix.net/png_h/46827eaf3344f3d5d59295ae2c237b7ef05252fa01f7f38bb1e57ac062d9c15520251013.png","粉紅 [活動圖鑑]","≤ 125.9 kg","≥ 167.7 kg","3000 pt","","","https://pigfarmmix.net/png_h/8fac40b2fe24e09293d7a4d46b4a2fcea0ce220bba89d34e97d8ad9322a442fb20251013.png","https://pigfarmmix.net/png_h/8fac40b2fe24e09293d7a4d46b4a2fcea0ce220bba89d34e97d8ad9322a442fb20251013.png","",""
"594","採茶豬","https://pigfarmmix.net/#/pig/594","https://pigfarmmix.net/png_h/8eac1fdd2ff8021f59fa9b7f9a242bf3e03285099fa42b96cdd0386b62a6c31620251013.png","https://pigfarmmix.net/png_h/8fac40b2fe24e09293d7a4d46b4a2fcea0ce220bba89d34e97d8ad9322a442fb20251013.png","不挑食","1","0 小時","58 分鐘","16 小時","https://pigfarmmix.net/png_h/a6752c7f9968b9961d0e91ae2083fce3f62ee7ac7f4c8d0a45c0a32bae70c8f620251013.png","肉色 [活動圖鑑]","≤ 125.9 kg","≥ 172.7 kg","3000 pt","","","https://pigfarmmix.net/png_h/8fac40b2fe24e09293d7a4d46b4a2fcea0ce220bba89d34e97d8ad9322a442fb20251013.png","https://pigfarmmix.net/png_h/8fac40b2fe24e09293d7a4d46b4a2fcea0ce220bba89d34e97d8ad9322a442fb20251013.png","",""
"595","精靈豬","https://pigfarmmix.net/#/pig/595","https://pigfarmmix.net/png_h/75d299f8e4e73c0ecadd295b632641cc0d972d56d6dc6cf766ed176a2400c80d20251013.png","https://pigfarmmix.net/png_h/8fac40b2fe24e09293d7a4d46b4a2fcea0ce220bba89d34e97d8ad9322a442fb20251013.png","","3","60 分鐘","1 小時","20 小時","https://pigfarmmix.net/png_h/a68119aa8a6ceba07cf7cd15c2c4ea3a6f2a3313e58a78a2ec1216d15999fb8f20251013.png","白色 [活動圖鑑]","≤ 129.7 kg","≥ 181.4 kg","4000 pt","https://pigfarmmix.net/png_h/ae37f6e04cdc1a9c13b5d505e598173fcce41b6af8074c98d775c0f1c6b04d6c20251013.png","","https://pigfarmmix.net/png_h/8fac40b2fe24e09293d7a4d46b4a2fcea0ce220bba89d34e97d8ad9322a442fb20251013.png","https://pigfarmmix.net/png_h/8fac40b2fe24e09293d7a4d46b4a2fcea0ce220bba89d34e97d8ad9322a442fb20251013.png","https://pigfarmmix.net/png_h/8fac40b2fe24e09293d7a4d46b4a2fcea0ce220bba89d34e97d8ad9322a442fb20251013.png",""
"596","半獸豬","https://pigfarmmix.net/#/pig/596","https://pigfarmmix.net/png_h/5ad4c41f1e38a54895c5b406e9dd48c38f08da01bbe637ca55f5602197d276e720251013.png","https://pigfarmmix.net/png_h/8fac40b2fe24e09293d7a4d46b4a2fcea0ce220bba89d34e97d8ad9322a442fb20251013.png","不挑食","4","0 小時","58 分鐘","18 小時","https://pigfarmmix.net/png_h/811992418c93eac5c6722e48989ba638bc739f8c763e8aa6fccb0cdb69e091ae20251013.png","野豬 [活動圖鑑]","≤ 130.6 kg","≥ 180.0 kg","4500 pt","","","https://pigfarmmix.net/png_h/8fac40b2fe24e09293d7a4d46b4a2fcea0ce220bba89d34e97d8ad9322a442fb20251013.png","https://pigfarmmix.net/png_h/8fac40b2fe24e09293d7a4d46b4a2fcea0ce220bba89d34e97d8ad9322a442fb20251013.png","https://pigfarmmix.net/png_h/8fac40b2fe24e09293d7a4d46b4a2fcea0ce220bba89d34e97d8ad9322a442fb20251013.png",""
"597","矮豬","https://pigfarmmix.net/#/pig/597","https://pigfarmmix.net/png_h/38e373b43961def6491e530ae56d30e9511a201a2aaaf355a1fa163cb41dadde20251013.png","https://pigfarmmix.net/png_h/8fac40b2fe24e09293d7a4d46b4a2fcea0ce220bba89d34e97d8ad9322a442fb20251013.png","不挑食","1","0 小時","58 分鐘","16 小時","https://pigfarmmix.net/png_h/dbbbf7cb3bd5685b5d1c7a4d07b85b29a28dc7db2d75f6c14a08bee2f1248ede20251013.png","野豬 [活動圖鑑]","≤ 127.9 kg","≥ 178.6 kg","4000 pt","","","https://pigfarmmix.net/png_h/8fac40b2fe24e09293d7a4d46b4a2fcea0ce220bba89d34e97d8ad9322a442fb20251013.png","https://pigfarmmix.net/png_h/8fac40b2fe24e09293d7a4d46b4a2fcea0ce220bba89d34e97d8ad9322a442fb20251013.png","https://pigfarmmix.net/png_h/8fac40b2fe24e09293d7a4d46b4a2fcea0ce220bba89d34e97d8ad9322a442fb20251013.png",""
"598","奇異果豬","https://pigfarmmix.net/#/pig/598","https://pigfarmmix.net/png_h/9572ac4ebcedf85622e9cbaf493aaa988a0c9d26f34d65735fc0f20746fd4a0a20251013.png","https://pigfarmmix.net/png_h/8fac40b2fe24e09293d7a4d46b4a2fcea0ce220bba89d34e97d8ad9322a442fb20251013.png","不挑食","1","0 小時","58 分鐘","12 小時","https://pigfarmmix.net/png_h/9fc1edfa8a25ba821f32de73ee24d6907de827874d33d8400a273fbe122ac58920251013.png","米色 [活動圖鑑]","≤ 125.9 kg","≥ 170.2 kg","3000 pt","","","https://pigfarmmix.net/png_h/8fac40b2fe24e09293d7a4d46b4a2fcea0ce220bba89d34e97d8ad9322a442fb20251013.png","https://pigfarmmix.net/png_h/8fac40b2fe24e09293d7a4d46b4a2fcea0ce220bba89d34e97d8ad9322a442fb20251013.png","",""
"599","端午小豬","https://pigfarmmix.net/#/pig/599","https://pigfarmmix.net/png_h/6f2bf8ea95de7bff96631cabdf691fd5edd60fdb6376ffd74fcb05000aaf4cc920251013.png","https://pigfarmmix.net/png_h/8fac40b2fe24e09293d7a4d46b4a2fcea0ce220bba89d34e97d8ad9322a442fb20251013.png","不挑食","5","0 小時","58 分鐘","25 小時","https://pigfarmmix.net/png_h/6585446bb2af50be3aaaf28d138c7bd5f2737b0e067ed0f28fa97b1f6b396d8020251013.png","肉色 [活動圖鑑]","≤ 130.0 kg","≥ 178.3 kg","3000 pt","","","https://pigfarmmix.net/png_h/8fac40b2fe24e09293d7a4d46b4a2fcea0ce220bba89d34e97d8ad9322a442fb20251013.png","https://pigfarmmix.net/png_h/8fac40b2fe24e09293d7a4d46b4a2fcea0ce220bba89d34e97d8ad9322a442fb20251013.png","",""
"600","獨角豬","https://pigfarmmix.net/#/pig/600","https://pigfarmmix.net/png_h/caa099ada6c33889c60a4bb8682b943074b502ceaaa43b7b99de1a5367237d2320251013.png","https://pigfarmmix.net/png_h/8fac40b2fe24e09293d7a4d46b4a2fcea0ce220bba89d34e97d8ad9322a442fb20251013.png","不挑食","1","0 小時","58 分鐘","24 小時","https://pigfarmmix.net/png_h/a68119aa8a6ceba07cf7cd15c2c4ea3a6f2a3313e58a78a2ec1216d15999fb8f20251013.png","白色 [活動圖鑑]","≤ 123.9 kg","≥ 211.4 kg","10000 pt","","5.30%","https://pigfarmmix.net/png_h/8fac40b2fe24e09293d7a4d46b4a2fcea0ce220bba89d34e97d8ad9322a442fb20251013.png","https://pigfarmmix.net/png_h/8fac40b2fe24e09293d7a4d46b4a2fcea0ce220bba89d34e97d8ad9322a442fb20251013.png","https://pigfarmmix.net/png_h/8fac40b2fe24e09293d7a4d46b4a2fcea0ce220bba89d34e97d8ad9322a442fb20251013.png","https://pigfarmmix.net/png_h/8fac40b2fe24e09293d7a4d46b4a2fcea0ce220bba89d34e97d8ad9322a442fb20251013.png"
"601","雙角豬","https://pigfarmmix.net/#/pig/601","https://pigfarmmix.net/png_h/485241b058561b8331c828c887b47ab4e956750eeeebaecf9062b6155e8948e920251013.png","https://pigfarmmix.net/png_h/8fac40b2fe24e09293d7a4d46b4a2fcea0ce220bba89d34e97d8ad9322a442fb20251013.png","不挑食","1","0 小時","58 分鐘","24 小時","https://pigfarmmix.net/png_h/a68119aa8a6ceba07cf7cd15c2c4ea3a6f2a3313e58a78a2ec1216d15999fb8f20251013.png","白色 [活動圖鑑]","≤ 125.9 kg","≥ 195.0 kg","4500 pt","","","https://pigfarmmix.net/png_h/8fac40b2fe24e09293d7a4d46b4a2fcea0ce220bba89d34e97d8ad9322a442fb20251013.png","https://pigfarmmix.net/png_h/8fac40b2fe24e09293d7a4d46b4a2fcea0ce220bba89d34e97d8ad9322a442fb20251013.png","https://pigfarmmix.net/png_h/8fac40b2fe24e09293d7a4d46b4a2fcea0ce220bba89d34e97d8ad9322a442fb20251013.png",""
"602","晴天豬豬","https://pigfarmmix.net/#/pig/602","https://pigfarmmix.net/png_h/6fcf7df0b32d80d3e8a77907d069d74903dab06f00940125e8710bcd37fd208b20251013.png","https://pigfarmmix.net/png_h/8fac40b2fe24e09293d7a4d46b4a2fcea0ce220bba89d34e97d8ad9322a442fb20251013.png","不挑食","1","0 小時","58 分鐘","10 小時","https://pigfarmmix.net/png_h/46827eaf3344f3d5d59295ae2c237b7ef05252fa01f7f38bb1e57ac062d9c15520251013.png","粉紅 [活動圖鑑]","≤ 125.9 kg","≥ 169.0 kg","3000 pt","","","https://pigfarmmix.net/png_h/8fac40b2fe24e09293d7a4d46b4a2fcea0ce220bba89d34e97d8ad9322a442fb20251013.png","https://pigfarmmix.net/png_h/8fac40b2fe24e09293d7a4d46b4a2fcea0ce220bba89d34e97d8ad9322a442fb20251013.png","",""
"603","青蛙豬","https://pigfarmmix.net/#/pig/603","https://pigfarmmix.net/png_h/2412cece5bc30df830426327f0c3ff79994833c74f332b4a0918b5f307d1d78920251013.png","https://pigfarmmix.net/png_h/8fac40b2fe24e09293d7a4d46b4a2fcea0ce220bba89d34e97d8ad9322a442fb20251013.png","不挑食","1","0 小時","58 分鐘","12 小時","https://pigfarmmix.net/png_h/a68119aa8a6ceba07cf7cd15c2c4ea3a6f2a3313e58a78a2ec1216d15999fb8f20251013.png","白色 [活動圖鑑]","≤ 125.9 kg","≥ 170.2 kg","3000 pt","","","https://pigfarmmix.net/png_h/8fac40b2fe24e09293d7a4d46b4a2fcea0ce220bba89d34e97d8ad9322a442fb20251013.png","https://pigfarmmix.net/png_h/8fac40b2fe24e09293d7a4d46b4a2fcea0ce220bba89d34e97d8ad9322a442fb20251013.png","",""
"604","金太郎豬","https://pigfarmmix.net/#/pig/604","https://pigfarmmix.net/png_h/a0196eed2fb168289bca966a3bbbd73492e46e6689843d6968d1335e1cb952dc20251013.png","https://pigfarmmix.net/png_h/8fac40b2fe24e09293d7a4d46b4a2fcea0ce220bba89d34e97d8ad9322a442fb20251013.png","","4","60 分鐘","1 小時","24 小時","https://pigfarmmix.net/png_h/a6752c7f9968b9961d0e91ae2083fce3f62ee7ac7f4c8d0a45c0a32bae70c8f620251013.png","肉色 [活動圖鑑]","≤ 130.6 kg","≥ 198.0 kg","4000 pt","https://pigfarmmix.net/png_h/a7c17665173739b203d7fab5046bd82964e973f62b1c34834f032ecb6c99fff520251013.png","","https://pigfarmmix.net/png_h/8fac40b2fe24e09293d7a4d46b4a2fcea0ce220bba89d34e97d8ad9322a442fb20251013.png","https://pigfarmmix.net/png_h/8fac40b2fe24e09293d7a4d46b4a2fcea0ce220bba89d34e97d8ad9322a442fb20251013.png","https://pigfarmmix.net/png_h/8fac40b2fe24e09293d7a4d46b4a2fcea0ce220bba89d34e97d8ad9322a442fb20251013.png",""
"605","桃太郎豬","https://pigfarmmix.net/#/pig/605","https://pigfarmmix.net/png_h/c001742198ad1d9ebc5eea763a2d52837238180e6d75a057216fabe45a55b15920251013.png","https://pigfarmmix.net/png_h/8fac40b2fe24e09293d7a4d46b4a2fcea0ce220bba89d34e97d8ad9322a442fb20251013.png","","3","0 小時","58 分鐘","24 小時","https://pigfarmmix.net/png_h/46827eaf3344f3d5d59295ae2c237b7ef05252fa01f7f38bb1e57ac062d9c15520251013.png","粉紅 [活動圖鑑]","≤ 129.7 kg","≥ 170.6 kg","4000 pt","https://pigfarmmix.net/png_h/8634aa677090b5bfca798d786e8ef2e14d04de87c2335c7e4a7052c45d83ddd120251013.png","","https://pigfarmmix.net/png_h/8fac40b2fe24e09293d7a4d46b4a2fcea0ce220bba89d34e97d8ad9322a442fb20251013.png","https://pigfarmmix.net/png_h/8fac40b2fe24e09293d7a4d46b4a2fcea0ce220bba89d34e97d8ad9322a442fb20251013.png","https://pigfarmmix.net/png_h/8fac40b2fe24e09293d7a4d46b4a2fcea0ce220bba89d34e97d8ad9322a442fb20251013.png",""
"606","豬島太郎","https://pigfarmmix.net/#/pig/606","https://pigfarmmix.net/png_h/ea752699d3f56896b0fd4068b51349396df53c4542bad1a821b9a365c10e3bf620251013.png","https://pigfarmmix.net/png_h/8fac40b2fe24e09293d7a4d46b4a2fcea0ce220bba89d34e97d8ad9322a442fb20251013.png","","3","0 小時","58 分鐘","24 小時","https://pigfarmmix.net/png_h/9fc1edfa8a25ba821f32de73ee24d6907de827874d33d8400a273fbe122ac58920251013.png","米色 [活動圖鑑]","≤ 132.8 kg","≥ 211.8 kg","4000 pt","https://pigfarmmix.net/png_h/1a4d96e5f723848dfbd2bbb08fd82f6579c3850dcc352a2b9ee260764acd522320251013.png","","https://pigfarmmix.net/png_h/8fac40b2fe24e09293d7a4d46b4a2fcea0ce220bba89d34e97d8ad9322a442fb20251013.png","https://pigfarmmix.net/png_h/8fac40b2fe24e09293d7a4d46b4a2fcea0ce220bba89d34e97d8ad9322a442fb20251013.png","https://pigfarmmix.net/png_h/8fac40b2fe24e09293d7a4d46b4a2fcea0ce220bba89d34e97d8ad9322a442fb20251013.png",""
"607","哈密瓜豬","https://pigfarmmix.net/#/pig/607","https://pigfarmmix.net/png_h/f2a3943a6d39cad0096bc1b5ccaeaf638a184716c3ce75baa2f5de31aad461e520251013.png","https://pigfarmmix.net/png_h/8fac40b2fe24e09293d7a4d46b4a2fcea0ce220bba89d34e97d8ad9322a442fb20251013.png","","4","60 分鐘","1 小時","26 小時","https://pigfarmmix.net/png_h/a68119aa8a6ceba07cf7cd15c2c4ea3a6f2a3313e58a78a2ec1216d15999fb8f20251013.png","白色 [活動圖鑑]","≤ 133.4 kg","≥ 199.7 kg","4500 pt","https://pigfarmmix.net/png_h/1083a39a293067c36e6e25b013d3a87904536ffef5349212d9a97fae8ca2b74420251013.png","","https://pigfarmmix.net/png_h/8fac40b2fe24e09293d7a4d46b4a2fcea0ce220bba89d34e97d8ad9322a442fb20251013.png","https://pigfarmmix.net/png_h/8fac40b2fe24e09293d7a4d46b4a2fcea0ce220bba89d34e97d8ad9322a442fb20251013.png","https://pigfarmmix.net/png_h/8fac40b2fe24e09293d7a4d46b4a2fcea0ce220bba89d34e97d8ad9322a442fb20251013.png",""
"608","豬豬水母","https://pigfarmmix.net/#/pig/608","https://pigfarmmix.net/png_h/a05209064d177459ad479b3f7ca2cba1c616d3558fdf465fa9c21a1875f1ef2f20251013.png","https://pigfarmmix.net/png_h/8fac40b2fe24e09293d7a4d46b4a2fcea0ce220bba89d34e97d8ad9322a442fb20251013.png","不挑食","2","0 小時","58 分鐘","20 小時","https://pigfarmmix.net/png_h/46827eaf3344f3d5d59295ae2c237b7ef05252fa01f7f38bb1e57ac062d9c15520251013.png","粉紅 [活動圖鑑]","≤ 126.8 kg","≥ 175.2 kg","3000 pt","","","https://pigfarmmix.net/png_h/8fac40b2fe24e09293d7a4d46b4a2fcea0ce220bba89d34e97d8ad9322a442fb20251013.png","https://pigfarmmix.net/png_h/8fac40b2fe24e09293d7a4d46b4a2fcea0ce220bba89d34e97d8ad9322a442fb20251013.png","",""
"609","美豬魚","https://pigfarmmix.net/#/pig/609","https://pigfarmmix.net/png_h/5efc9a67aef9539b9ffcb65af203ab6759b8675fb9fdce72c957b94b13c0690b20251013.png","https://pigfarmmix.net/png_h/8fac40b2fe24e09293d7a4d46b4a2fcea0ce220bba89d34e97d8ad9322a442fb20251013.png","不挑食","12","0 小時","58 分鐘","24 小時","https://pigfarmmix.net/png_h/a6752c7f9968b9961d0e91ae2083fce3f62ee7ac7f4c8d0a45c0a32bae70c8f620251013.png","肉色 [活動圖鑑]","≤ 133.8 kg","≥ 179.6 kg","10000 pt","","4.12%","https://pigfarmmix.net/png_h/8fac40b2fe24e09293d7a4d46b4a2fcea0ce220bba89d34e97d8ad9322a442fb20251013.png","https://pigfarmmix.net/png_h/8fac40b2fe24e09293d7a4d46b4a2fcea0ce220bba89d34e97d8ad9322a442fb20251013.png","https://pigfarmmix.net/png_h/8fac40b2fe24e09293d7a4d46b4a2fcea0ce220bba89d34e97d8ad9322a442fb20251013.png","https://pigfarmmix.net/png_h/8fac40b2fe24e09293d7a4d46b4a2fcea0ce220bba89d34e97d8ad9322a442fb20251013.png"
"610","浴衣美豬","https://pigfarmmix.net/#/pig/610","https://pigfarmmix.net/png_h/c3deefd225558dd496baee2dc61a944bea4392efee18f559ead57673d56031d220251013.png","https://pigfarmmix.net/png_h/8fac40b2fe24e09293d7a4d46b4a2fcea0ce220bba89d34e97d8ad9322a442fb20251013.png","不挑食","1","0 小時","58 分鐘","16 小時","https://pigfarmmix.net/png_h/a6752c7f9968b9961d0e91ae2083fce3f62ee7ac7f4c8d0a45c0a32bae70c8f620251013.png","肉色 [活動圖鑑]","≤ 125.9 kg","≥ 172.7 kg","3000 pt","","","https://pigfarmmix.net/png_h/8fac40b2fe24e09293d7a4d46b4a2fcea0ce220bba89d34e97d8ad9322a442fb20251013.png","https://pigfarmmix.net/png_h/8fac40b2fe24e09293d7a4d46b4a2fcea0ce220bba89d34e97d8ad9322a442fb20251013.png","",""
"611","向日葵豬","https://pigfarmmix.net/#/pig/611","https://pigfarmmix.net/png_h/e83feb303853433d704b9885b4a257d145f139f4c1d2c22dd8378fd88ad1be8620251013.png","https://pigfarmmix.net/png_h/8fac40b2fe24e09293d7a4d46b4a2fcea0ce220bba89d34e97d8ad9322a442fb20251013.png","","1","0 小時","58 分鐘","18 小時","https://pigfarmmix.net/png_h/9fc1edfa8a25ba821f32de73ee24d6907de827874d33d8400a273fbe122ac58920251013.png","米色 [活動圖鑑]","≤ 126.2 kg","≥ 173.9 kg","3000 pt","https://pigfarmmix.net/png_h/a8c431ef04e348d579dbea87991cab0dadc22df86edf1920a8c8e76335bd820c20251013.png","","https://pigfarmmix.net/png_h/8fac40b2fe24e09293d7a4d46b4a2fcea0ce220bba89d34e97d8ad9322a442fb20251013.png","https://pigfarmmix.net/png_h/8fac40b2fe24e09293d7a4d46b4a2fcea0ce220bba89d34e97d8ad9322a442fb20251013.png","",""
"612","豬納斯","https://pigfarmmix.net/#/pig/612","https://pigfarmmix.net/png_h/0194d69134c72c5dea7de3bbe9d4f31847567b4a983109b3c09024be7f14f3a920251013.png","https://pigfarmmix.net/png_h/8fac40b2fe24e09293d7a4d46b4a2fcea0ce220bba89d34e97d8ad9322a442fb20251013.png","","1","0 小時","58 分鐘","24 小時","https://pigfarmmix.net/png_h/a6752c7f9968b9961d0e91ae2083fce3f62ee7ac7f4c8d0a45c0a32bae70c8f620251013.png","肉色 [活動圖鑑]","≤ 128.2 kg","≥ 184.1 kg","6500 pt","https://pigfarmmix.net/png_h/ae37f6e04cdc1a9c13b5d505e598173fcce41b6af8074c98d775c0f1c6b04d6c20251013.png","0.20%","https://pigfarmmix.net/png_h/8fac40b2fe24e09293d7a4d46b4a2fcea0ce220bba89d34e97d8ad9322a442fb20251013.png","https://pigfarmmix.net/png_h/8fac40b2fe24e09293d7a4d46b4a2fcea0ce220bba89d34e97d8ad9322a442fb20251013.png","https://pigfarmmix.net/png_h/8fac40b2fe24e09293d7a4d46b4a2fcea0ce220bba89d34e97d8ad9322a442fb20251013.png",""
"613","火男豬","https://pigfarmmix.net/#/pig/613","https://pigfarmmix.net/png_h/0ccb73cce02542274827ea64adcf698832ba3f3d39c0bc3f883546cf8ea1cb7b20251013.png","https://pigfarmmix.net/png_h/8fac40b2fe24e09293d7a4d46b4a2fcea0ce220bba89d34e97d8ad9322a442fb20251013.png","不挑食","3","0 小時","58 分鐘","18 小時","https://pigfarmmix.net/png_h/46827eaf3344f3d5d59295ae2c237b7ef05252fa01f7f38bb1e57ac062d9c15520251013.png","粉紅 [活動圖鑑]","≤ 127.7 kg","≥ 173.9 kg","3500 pt","","","https://pigfarmmix.net/png_h/8fac40b2fe24e09293d7a4d46b4a2fcea0ce220bba89d34e97d8ad9322a442fb20251013.png","https://pigfarmmix.net/png_h/8fac40b2fe24e09293d7a4d46b4a2fcea0ce220bba89d34e97d8ad9322a442fb20251013.png","",""
"614","阿龜豬","https://pigfarmmix.net/#/pig/614","https://pigfarmmix.net/png_h/ff37e4ae0999e83121043035458d02682b8ffd93deb87e6b0c06f40b7bed293720251013.png","https://pigfarmmix.net/png_h/8fac40b2fe24e09293d7a4d46b4a2fcea0ce220bba89d34e97d8ad9322a442fb20251013.png","","3","0 小時","58 分鐘","18 小時","https://pigfarmmix.net/png_h/a68119aa8a6ceba07cf7cd15c2c4ea3a6f2a3313e58a78a2ec1216d15999fb8f20251013.png","白色 [活動圖鑑]","≤ 127.7 kg","≥ 162.7 kg","3500 pt","https://pigfarmmix.net/png_h/d48df30397ce33593ddd99a7039b689c0ca8147be77810da82091e7db2ac5ba720251013.png","","https://pigfarmmix.net/png_h/8fac40b2fe24e09293d7a4d46b4a2fcea0ce220bba89d34e97d8ad9322a442fb20251013.png","https://pigfarmmix.net/png_h/8fac40b2fe24e09293d7a4d46b4a2fcea0ce220bba89d34e97d8ad9322a442fb20251013.png","",""
"615","吸血豬","https://pigfarmmix.net/#/pig/615","https://pigfarmmix.net/png_h/b91131b7b9f1e067fe985a1a879182d757e6821d3a99b8b5b77ee9d7ddd7d4c820251013.png","https://pigfarmmix.net/png_h/8fac40b2fe24e09293d7a4d46b4a2fcea0ce220bba89d34e97d8ad9322a442fb20251013.png","不挑食","3","0 小時","58 分鐘","8 小時","https://pigfarmmix.net/png_h/97cbaccfa405480612d3bf7e152c0f7f8d8507099b5839dfa19df61f5181feec20251013.png","灰色 [活動圖鑑]","≤ 126.4 kg","≥ 194.9 kg","10000 pt","https://pigfarmmix.net/png_h/d48df30397ce33593ddd99a7039b689c0ca8147be77810da82091e7db2ac5ba720251013.png","7.29%","https://pigfarmmix.net/png_h/8fac40b2fe24e09293d7a4d46b4a2fcea0ce220bba89d34e97d8ad9322a442fb20251013.png","https://pigfarmmix.net/png_h/8fac40b2fe24e09293d7a4d46b4a2fcea0ce220bba89d34e97d8ad9322a442fb20251013.png","https://pigfarmmix.net/png_h/8fac40b2fe24e09293d7a4d46b4a2fcea0ce220bba89d34e97d8ad9322a442fb20251013.png","https://pigfarmmix.net/png_h/8fac40b2fe24e09293d7a4d46b4a2fcea0ce220bba89d34e97d8ad9322a442fb20251013.png"
"616","葡萄豬","https://pigfarmmix.net/#/pig/616","https://pigfarmmix.net/png_h/8f78fb27c3a0ab3a5c239fa43a82c9b3ebcd373acf69f3a940ed42b694c8e9fb20251013.png","https://pigfarmmix.net/png_h/8fac40b2fe24e09293d7a4d46b4a2fcea0ce220bba89d34e97d8ad9322a442fb20251013.png","不挑食","1","0 小時","58 分鐘","24 小時","https://pigfarmmix.net/png_h/46827eaf3344f3d5d59295ae2c237b7ef05252fa01f7f38bb1e57ac062d9c15520251013.png","粉紅 [活動圖鑑]","≤ 125.9 kg","≥ 177.6 kg","3000 pt","","","https://pigfarmmix.net/png_h/8fac40b2fe24e09293d7a4d46b4a2fcea0ce220bba89d34e97d8ad9322a442fb20251013.png","https://pigfarmmix.net/png_h/8fac40b2fe24e09293d7a4d46b4a2fcea0ce220bba89d34e97d8ad9322a442fb20251013.png","",""
"617","稻草豬","https://pigfarmmix.net/#/pig/617","https://pigfarmmix.net/png_h/d881de49fffaa48f88959fa03e07430e08f29b744dd1e2d2714a3bec3db7b07520251013.png","https://pigfarmmix.net/png_h/8fac40b2fe24e09293d7a4d46b4a2fcea0ce220bba89d34e97d8ad9322a442fb20251013.png","","1","0 小時","58 分鐘","18 小時","https://pigfarmmix.net/png_h/97cbaccfa405480612d3bf7e152c0f7f8d8507099b5839dfa19df61f5181feec20251013.png","灰色 [活動圖鑑]","≤ 125.9 kg","≥ 162.7 kg","3000 pt","https://pigfarmmix.net/png_h/d48df30397ce33593ddd99a7039b689c0ca8147be77810da82091e7db2ac5ba720251013.png","","https://pigfarmmix.net/png_h/8fac40b2fe24e09293d7a4d46b4a2fcea0ce220bba89d34e97d8ad9322a442fb20251013.png","https://pigfarmmix.net/png_h/8fac40b2fe24e09293d7a4d46b4a2fcea0ce220bba89d34e97d8ad9322a442fb20251013.png","",""
"618","慕尼黑啤酒豬","https://pigfarmmix.net/#/pig/618","https://pigfarmmix.net/png_h/1aebb51e73cc4bef1037a485c6cf04e26f3d33ae8ddad82350dee278d6e9323420251013.png","https://pigfarmmix.net/png_h/8fac40b2fe24e09293d7a4d46b4a2fcea0ce220bba89d34e97d8ad9322a442fb20251013.png","","2","0 小時","58 分鐘","20 小時","https://pigfarmmix.net/png_h/46827eaf3344f3d5d59295ae2c237b7ef05252fa01f7f38bb1e57ac062d9c15520251013.png","粉紅 [活動圖鑑]","≤ 126.8 kg","≥ 175.2 kg","3000 pt","https://pigfarmmix.net/png_h/d48df30397ce33593ddd99a7039b689c0ca8147be77810da82091e7db2ac5ba720251013.png","","https://pigfarmmix.net/png_h/8fac40b2fe24e09293d7a4d46b4a2fcea0ce220bba89d34e97d8ad9322a442fb20251013.png","https://pigfarmmix.net/png_h/8fac40b2fe24e09293d7a4d46b4a2fcea0ce220bba89d34e97d8ad9322a442fb20251013.png","",""
"619","彼岸花豬","https://pigfarmmix.net/#/pig/619","https://pigfarmmix.net/png_h/52a44020a14da50f62e14012193e0ff8061aefe65e73c3140e4096b18e5f350420251013.png","https://pigfarmmix.net/png_h/8fac40b2fe24e09293d7a4d46b4a2fcea0ce220bba89d34e97d8ad9322a442fb20251013.png","不挑食","1","0 小時","58 分鐘","24 小時","https://pigfarmmix.net/png_h/a68119aa8a6ceba07cf7cd15c2c4ea3a6f2a3313e58a78a2ec1216d15999fb8f20251013.png","白色 [活動圖鑑]","≤ 125.9 kg","≥ 177.6 kg","3000 pt","","","https://pigfarmmix.net/png_h/8fac40b2fe24e09293d7a4d46b4a2fcea0ce220bba89d34e97d8ad9322a442fb20251013.png","https://pigfarmmix.net/png_h/8fac40b2fe24e09293d7a4d46b4a2fcea0ce220bba89d34e97d8ad9322a442fb20251013.png","",""
"620","羅密豬","https://pigfarmmix.net/#/pig/620","https://pigfarmmix.net/png_h/50e71705905c24677bbe590a882aedb6917f9de270eb9796d3e00f97255c10fd20251013.png","https://pigfarmmix.net/png_h/8fac40b2fe24e09293d7a4d46b4a2fcea0ce220bba89d34e97d8ad9322a442fb20251013.png","不挑食","5","0 小時","58 分鐘","24 小時","https://pigfarmmix.net/png_h/a6752c7f9968b9961d0e91ae2083fce3f62ee7ac7f4c8d0a45c0a32bae70c8f620251013.png","肉色 [活動圖鑑]","≤ 131.5 kg","≥ 184.1 kg","4500 pt","","","https://pigfarmmix.net/png_h/8fac40b2fe24e09293d7a4d46b4a2fcea0ce220bba89d34e97d8ad9322a442fb20251013.png","https://pigfarmmix.net/png_h/8fac40b2fe24e09293d7a4d46b4a2fcea0ce220bba89d34e97d8ad9322a442fb20251013.png","https://pigfarmmix.net/png_h/8fac40b2fe24e09293d7a4d46b4a2fcea0ce220bba89d34e97d8ad9322a442fb20251013.png",""
"621","豬麗葉","https://pigfarmmix.net/#/pig/621","https://pigfarmmix.net/png_h/e44875305044d16fb9b81c5bcbbfddeba72ab4a265294fc27ffdbad4868d34af20251013.png","https://pigfarmmix.net/png_h/8fac40b2fe24e09293d7a4d46b4a2fcea0ce220bba89d34e97d8ad9322a442fb20251013.png","不挑食","5","0 小時","58 分鐘","24 小時","https://pigfarmmix.net/png_h/46827eaf3344f3d5d59295ae2c237b7ef05252fa01f7f38bb1e57ac062d9c15520251013.png","粉紅 [活動圖鑑]","≤ 131.5 kg","≥ 184.1 kg","4500 pt","","","https://pigfarmmix.net/png_h/8fac40b2fe24e09293d7a4d46b4a2fcea0ce220bba89d34e97d8ad9322a442fb20251013.png","https://pigfarmmix.net/png_h/8fac40b2fe24e09293d7a4d46b4a2fcea0ce220bba89d34e97d8ad9322a442fb20251013.png","https://pigfarmmix.net/png_h/8fac40b2fe24e09293d7a4d46b4a2fcea0ce220bba89d34e97d8ad9322a442fb20251013.png",""
"622","柿子豬","https://pigfarmmix.net/#/pig/622","https://pigfarmmix.net/png_h/b43ddcba95799efe38a72587e67f6882a453283470398b065f275450cabc014f20251013.png","https://pigfarmmix.net/png_h/8fac40b2fe24e09293d7a4d46b4a2fcea0ce220bba89d34e97d8ad9322a442fb20251013.png","不挑食","2","0 小時","58 分鐘","8 小時","https://pigfarmmix.net/png_h/a68119aa8a6ceba07cf7cd15c2c4ea3a6f2a3313e58a78a2ec1216d15999fb8f20251013.png","白色 [活動圖鑑]","≤ 126.8 kg","≥ 167.7 kg","3000 pt","","","https://pigfarmmix.net/png_h/8fac40b2fe24e09293d7a4d46b4a2fcea0ce220bba89d34e97d8ad9322a442fb20251013.png","https://pigfarmmix.net/png_h/8fac40b2fe24e09293d7a4d46b4a2fcea0ce220bba89d34e97d8ad9322a442fb20251013.png","",""
"623","亡靈節豬","https://pigfarmmix.net/#/pig/623","https://pigfarmmix.net/png_h/166c2be34b471e9ede558e5448bd7b8954eed1a3a2303036bcf29c11c01b77c320251013.png","https://pigfarmmix.net/png_h/8fac40b2fe24e09293d7a4d46b4a2fcea0ce220bba89d34e97d8ad9322a442fb20251013.png","","2","0 小時","58 分鐘","14 小時","https://pigfarmmix.net/png_h/97cbaccfa405480612d3bf7e152c0f7f8d8507099b5839dfa19df61f5181feec20251013.png","灰色 [活動圖鑑]","≤ 126.8 kg","≥ 171.4 kg","3000 pt","https://pigfarmmix.net/png_h/d48df30397ce33593ddd99a7039b689c0ca8147be77810da82091e7db2ac5ba720251013.png","","https://pigfarmmix.net/png_h/8fac40b2fe24e09293d7a4d46b4a2fcea0ce220bba89d34e97d8ad9322a442fb20251013.png","https://pigfarmmix.net/png_h/8fac40b2fe24e09293d7a4d46b4a2fcea0ce220bba89d34e97d8ad9322a442fb20251013.png","",""
"624","九尾豬","https://pigfarmmix.net/#/pig/624","https://pigfarmmix.net/png_h/9c9c7dab16b5aa5a36fc6c13a0808f6000d7f7d2b6adb71f9cf58bb14419b8b820251013.png","https://pigfarmmix.net/png_h/8fac40b2fe24e09293d7a4d46b4a2fcea0ce220bba89d34e97d8ad9322a442fb20251013.png","不挑食","9","0 小時","58 分鐘","24 小時","https://pigfarmmix.net/png_h/46827eaf3344f3d5d59295ae2c237b7ef05252fa01f7f38bb1e57ac062d9c15520251013.png","粉紅 [活動圖鑑]","≤ 137.3 kg","≥ 204.1 kg","10000 pt","https://pigfarmmix.net/png_h/1083a39a293067c36e6e25b013d3a87904536ffef5349212d9a97fae8ca2b74420251013.png","8.99%","https://pigfarmmix.net/png_h/8fac40b2fe24e09293d7a4d46b4a2fcea0ce220bba89d34e97d8ad9322a442fb20251013.png","https://pigfarmmix.net/png_h/8fac40b2fe24e09293d7a4d46b4a2fcea0ce220bba89d34e97d8ad9322a442fb20251013.png","https://pigfarmmix.net/png_h/8fac40b2fe24e09293d7a4d46b4a2fcea0ce220bba89d34e97d8ad9322a442fb20251013.png","https://pigfarmmix.net/png_h/8fac40b2fe24e09293d7a4d46b4a2fcea0ce220bba89d34e97d8ad9322a442fb20251013.png"
"625","妲己豬","https://pigfarmmix.net/#/pig/625","https://pigfarmmix.net/png_h/f57827534b4c7011ae2dd31869606aa2d7aa1d2e50603c29ea01db8dbac8507920251013.png","https://pigfarmmix.net/png_h/8fac40b2fe24e09293d7a4d46b4a2fcea0ce220bba89d34e97d8ad9322a442fb20251013.png","不挑食","0","0 小時","58 分鐘","24 小時","https://pigfarmmix.net/png_h/46827eaf3344f3d5d59295ae2c237b7ef05252fa01f7f38bb1e57ac062d9c15520251013.png","粉紅 [活動圖鑑]","≤ 137.3 kg","≥ 227.8 kg","7000 pt","","","https://pigfarmmix.net/png_h/8fac40b2fe24e09293d7a4d46b4a2fcea0ce220bba89d34e97d8ad9322a442fb20251013.png","https://pigfarmmix.net/png_h/8fac40b2fe24e09293d7a4d46b4a2fcea0ce220bba89d34e97d8ad9322a442fb20251013.png","https://pigfarmmix.net/png_h/8fac40b2fe24e09293d7a4d46b4a2fcea0ce220bba89d34e97d8ad9322a442fb20251013.png",""
"626","夜鳴豚骨豬","https://pigfarmmix.net/#/pig/626","https://pigfarmmix.net/png_h/40d3ec18e1821e93dcbb9931c469e068a6bc8ae28fa564d0bbecde1fbfb635d020251013.png","https://pigfarmmix.net/png_h/8fac40b2fe24e09293d7a4d46b4a2fcea0ce220bba89d34e97d8ad9322a442fb20251013.png","不挑食","1","0 小時","58 分鐘","12 小時","https://pigfarmmix.net/png_h/a68119aa8a6ceba07cf7cd15c2c4ea3a6f2a3313e58a78a2ec1216d15999fb8f20251013.png","白色 [活動圖鑑]","≤ 125.9 kg","≥ 170.2 kg","3000 pt","","","https://pigfarmmix.net/png_h/8fac40b2fe24e09293d7a4d46b4a2fcea0ce220bba89d34e97d8ad9322a442fb20251013.png","https://pigfarmmix.net/png_h/8fac40b2fe24e09293d7a4d46b4a2fcea0ce220bba89d34e97d8ad9322a442fb20251013.png","",""
"627","極光天使豬","https://pigfarmmix.net/#/pig/627","https://pigfarmmix.net/png_h/887ceb68ea7f09f45a0eae09962059bec5fddfaf86c28afa332bfa60b19bf5a920251013.png","https://pigfarmmix.net/png_h/8fac40b2fe24e09293d7a4d46b4a2fcea0ce220bba89d34e97d8ad9322a442fb20251013.png","不挑食","1","0 小時","58 分鐘","12 小時","https://pigfarmmix.net/png_h/97cbaccfa405480612d3bf7e152c0f7f8d8507099b5839dfa19df61f5181feec20251013.png","灰色 [活動圖鑑]","≤ 125.9 kg","≥ 170.2 kg","3000 pt","","","https://pigfarmmix.net/png_h/8fac40b2fe24e09293d7a4d46b4a2fcea0ce220bba89d34e97d8ad9322a442fb20251013.png","https://pigfarmmix.net/png_h/8fac40b2fe24e09293d7a4d46b4a2fcea0ce220bba89d34e97d8ad9322a442fb20251013.png","",""
"628","豬天狗","https://pigfarmmix.net/#/pig/628","https://pigfarmmix.net/png_h/95e8bd4307726e4cc9b7896ea3e972867f22eb9851c22c1365630a085cae941f20251013.png","https://pigfarmmix.net/png_h/8fac40b2fe24e09293d7a4d46b4a2fcea0ce220bba89d34e97d8ad9322a442fb20251013.png","","2","60 分鐘","1 小時","20 小時","https://pigfarmmix.net/png_h/46827eaf3344f3d5d59295ae2c237b7ef05252fa01f7f38bb1e57ac062d9c15520251013.png","粉紅 [活動圖鑑]","≤ 128.8 kg","≥ 168.7 kg","4500 pt","https://pigfarmmix.net/png_h/8634aa677090b5bfca798d786e8ef2e14d04de87c2335c7e4a7052c45d83ddd120251013.png","","https://pigfarmmix.net/png_h/8fac40b2fe24e09293d7a4d46b4a2fcea0ce220bba89d34e97d8ad9322a442fb20251013.png","https://pigfarmmix.net/png_h/8fac40b2fe24e09293d7a4d46b4a2fcea0ce220bba89d34e97d8ad9322a442fb20251013.png","https://pigfarmmix.net/png_h/8fac40b2fe24e09293d7a4d46b4a2fcea0ce220bba89d34e97d8ad9322a442fb20251013.png",""
"629","豬河童","https://pigfarmmix.net/#/pig/629","https://pigfarmmix.net/png_h/cf1ad2e70f41e45bddcab2ade4c65fc1cee13ca0f162c86dd55e395871570d1e20251013.png","https://pigfarmmix.net/png_h/8fac40b2fe24e09293d7a4d46b4a2fcea0ce220bba89d34e97d8ad9322a442fb20251013.png","","3","0 小時","58 分鐘","20 小時","https://pigfarmmix.net/png_h/a68119aa8a6ceba07cf7cd15c2c4ea3a6f2a3313e58a78a2ec1216d15999fb8f20251013.png","白色 [活動圖鑑]","≤ 129.7 kg","≥ 168.7 kg","4500 pt","https://pigfarmmix.net/png_h/a7c17665173739b203d7fab5046bd82964e973f62b1c34834f032ecb6c99fff520251013.png","","https://pigfarmmix.net/png_h/8fac40b2fe24e09293d7a4d46b4a2fcea0ce220bba89d34e97d8ad9322a442fb20251013.png","https://pigfarmmix.net/png_h/8fac40b2fe24e09293d7a4d46b4a2fcea0ce220bba89d34e97d8ad9322a442fb20251013.png","https://pigfarmmix.net/png_h/8fac40b2fe24e09293d7a4d46b4a2fcea0ce220bba89d34e97d8ad9322a442fb20251013.png",""
"630","羽子板豬","https://pigfarmmix.net/#/pig/630","https://pigfarmmix.net/png_h/052d098007202448cbbb70d5e8b16102d2b9bf3676fc16e852fe3b4bba1554c820251013.png","https://pigfarmmix.net/png_h/8fac40b2fe24e09293d7a4d46b4a2fcea0ce220bba89d34e97d8ad9322a442fb20251013.png","不挑食","4","60 分鐘","1 小時","24 小時","https://pigfarmmix.net/png_h/a68119aa8a6ceba07cf7cd15c2c4ea3a6f2a3313e58a78a2ec1216d15999fb8f20251013.png","白色 [活動圖鑑]","≤ 128.6 kg","≥ 177.6 kg","3500 pt","","","https://pigfarmmix.net/png_h/8fac40b2fe24e09293d7a4d46b4a2fcea0ce220bba89d34e97d8ad9322a442fb20251013.png","https://pigfarmmix.net/png_h/8fac40b2fe24e09293d7a4d46b4a2fcea0ce220bba89d34e97d8ad9322a442fb20251013.png","",""
"631","書法豬","https://pigfarmmix.net/#/pig/631","https://pigfarmmix.net/png_h/dd6c8bc7a3d77ca73d379d18c5d0cf7e81484e7cd69b0085d94fa67978d1fc0b20251013.png","https://pigfarmmix.net/png_h/8fac40b2fe24e09293d7a4d46b4a2fcea0ce220bba89d34e97d8ad9322a442fb20251013.png","不挑食","2","0 小時","58 分鐘","8 小時","https://pigfarmmix.net/png_h/9fc1edfa8a25ba821f32de73ee24d6907de827874d33d8400a273fbe122ac58920251013.png","米色 [活動圖鑑]","≤ 127.9 kg","≥ 167.7 kg","4000 pt","","","https://pigfarmmix.net/png_h/8fac40b2fe24e09293d7a4d46b4a2fcea0ce220bba89d34e97d8ad9322a442fb20251013.png","https://pigfarmmix.net/png_h/8fac40b2fe24e09293d7a4d46b4a2fcea0ce220bba89d34e97d8ad9322a442fb20251013.png","",""
"632","雪怪豬","https://pigfarmmix.net/#/pig/632","https://pigfarmmix.net/png_h/82b71b6c35b87fc5a7cfc676163bb9b612ef386b46daab2f3d47e419edb9783420251013.png","https://pigfarmmix.net/png_h/8fac40b2fe24e09293d7a4d46b4a2fcea0ce220bba89d34e97d8ad9322a442fb20251013.png","不挑食","20","0.5 小時","30 分鐘","20 小時","https://pigfarmmix.net/png_h/811992418c93eac5c6722e48989ba638bc739f8c763e8aa6fccb0cdb69e091ae20251013.png","野豬 [活動圖鑑]","≤ 165.0 kg","≥ 277.6 kg","10000 pt","","8.99%","https://pigfarmmix.net/png_h/8fac40b2fe24e09293d7a4d46b4a2fcea0ce220bba89d34e97d8ad9322a442fb20251013.png","https://pigfarmmix.net/png_h/8fac40b2fe24e09293d7a4d46b4a2fcea0ce220bba89d34e97d8ad9322a442fb20251013.png","https://pigfarmmix.net/png_h/8fac40b2fe24e09293d7a4d46b4a2fcea0ce220bba89d34e97d8ad9322a442fb20251013.png","https://pigfarmmix.net/png_h/8fac40b2fe24e09293d7a4d46b4a2fcea0ce220bba89d34e97d8ad9322a442fb20251013.png"
"633","溫泉豬","https://pigfarmmix.net/#/pig/633","https://pigfarmmix.net/png_h/176a1b936c045b322442cff5474d864a4baa0d30aad2d3aca4a3beaf33a990b920251013.png","https://pigfarmmix.net/png_h/8fac40b2fe24e09293d7a4d46b4a2fcea0ce220bba89d34e97d8ad9322a442fb20251013.png","不挑食","1","0 小時","58 分鐘","14 小時","https://pigfarmmix.net/png_h/46827eaf3344f3d5d59295ae2c237b7ef05252fa01f7f38bb1e57ac062d9c15520251013.png","粉紅 [活動圖鑑]","≤ 125.9 kg","≥ 171.4 kg","3000 pt","","","https://pigfarmmix.net/png_h/8fac40b2fe24e09293d7a4d46b4a2fcea0ce220bba89d34e97d8ad9322a442fb20251013.png","https://pigfarmmix.net/png_h/8fac40b2fe24e09293d7a4d46b4a2fcea0ce220bba89d34e97d8ad9322a442fb20251013.png","",""
"634","森巴豬","https://pigfarmmix.net/#/pig/634","https://pigfarmmix.net/png_h/435b81deb21366aacf15490a3d78a57ba60476c33c5b4c102d6910b5a8fa4e5d20251013.png","https://pigfarmmix.net/png_h/8fac40b2fe24e09293d7a4d46b4a2fcea0ce220bba89d34e97d8ad9322a442fb20251013.png","不挑食","3","0 小時","58 分鐘","24 小時","https://pigfarmmix.net/png_h/9fc1edfa8a25ba821f32de73ee24d6907de827874d33d8400a273fbe122ac58920251013.png","米色 [活動圖鑑]","≤ 127.7 kg","≥ 177.6 kg","3000 pt","","","https://pigfarmmix.net/png_h/8fac40b2fe24e09293d7a4d46b4a2fcea0ce220bba89d34e97d8ad9322a442fb20251013.png","https://pigfarmmix.net/png_h/8fac40b2fe24e09293d7a4d46b4a2fcea0ce220bba89d34e97d8ad9322a442fb20251013.png","",""
"635","穿長靴的豬","https://pigfarmmix.net/#/pig/635","https://pigfarmmix.net/png_h/71aea5de39650b3bc78927a4028e45f26ddca7931df311db094c26c5fe3fcb1520251013.png","https://pigfarmmix.net/png_h/8fac40b2fe24e09293d7a4d46b4a2fcea0ce220bba89d34e97d8ad9322a442fb20251013.png","不挑食","5","0 小時","58 分鐘","18 小時","https://pigfarmmix.net/png_h/97cbaccfa405480612d3bf7e152c0f7f8d8507099b5839dfa19df61f5181feec20251013.png","灰色 [活動圖鑑]","≤ 131.5 kg","≥ 180.0 kg","3000 pt","","","https://pigfarmmix.net/png_h/8fac40b2fe24e09293d7a4d46b4a2fcea0ce220bba89d34e97d8ad9322a442fb20251013.png","https://pigfarmmix.net/png_h/8fac40b2fe24e09293d7a4d46b4a2fcea0ce220bba89d34e97d8ad9322a442fb20251013.png","https://pigfarmmix.net/png_h/8fac40b2fe24e09293d7a4d46b4a2fcea0ce220bba89d34e97d8ad9322a442fb20251013.png",""
"636","豬豬的新衣","https://pigfarmmix.net/#/pig/636","https://pigfarmmix.net/png_h/ce881f00f04651f23b337ff28d5d08862d375adedfef50be12b94ac43bd3c7e820251013.png","https://pigfarmmix.net/png_h/8fac40b2fe24e09293d7a4d46b4a2fcea0ce220bba89d34e97d8ad9322a442fb20251013.png","","1","0 小時","58 分鐘","24 小時","https://pigfarmmix.net/png_h/a6752c7f9968b9961d0e91ae2083fce3f62ee7ac7f4c8d0a45c0a32bae70c8f620251013.png","肉色 [活動圖鑑]","≤ 126.6 kg","≥ 190.2 kg","3000 pt","https://pigfarmmix.net/png_h/1083a39a293067c36e6e25b013d3a87904536ffef5349212d9a97fae8ca2b74420251013.png","","https://pigfarmmix.net/png_h/8fac40b2fe24e09293d7a4d46b4a2fcea0ce220bba89d34e97d8ad9322a442fb20251013.png","https://pigfarmmix.net/png_h/8fac40b2fe24e09293d7a4d46b4a2fcea0ce220bba89d34e97d8ad9322a442fb20251013.png","",""
"637","吹笛豬","https://pigfarmmix.net/#/pig/637","https://pigfarmmix.net/png_h/d640712e8a32df2ea61be68703c0fcfe71bc5195613b69aead87c4017c33b47a20251013.png","https://pigfarmmix.net/png_h/8fac40b2fe24e09293d7a4d46b4a2fcea0ce220bba89d34e97d8ad9322a442fb20251013.png","不挑食","2","0 小時","58 分鐘","15 小時","https://pigfarmmix.net/png_h/a6752c7f9968b9961d0e91ae2083fce3f62ee7ac7f4c8d0a45c0a32bae70c8f620251013.png","肉色 [活動圖鑑]","≤ 126.8 kg","≥ 172.1 kg","3000 pt","","","https://pigfarmmix.net/png_h/8fac40b2fe24e09293d7a4d46b4a2fcea0ce220bba89d34e97d8ad9322a442fb20251013.png","https://pigfarmmix.net/png_h/8fac40b2fe24e09293d7a4d46b4a2fcea0ce220bba89d34e97d8ad9322a442fb20251013.png","",""
"638","山茶花豬","https://pigfarmmix.net/#/pig/638","https://pigfarmmix.net/png_h/d59d5c7ba7d3647ef2c17373c34b07f42688587dcd9fb33cd11e973eeca4a65a20251013.png","https://pigfarmmix.net/png_h/8fac40b2fe24e09293d7a4d46b4a2fcea0ce220bba89d34e97d8ad9322a442fb20251013.png","不挑食","3","0 小時","58 分鐘","24 小時","https://pigfarmmix.net/png_h/a6752c7f9968b9961d0e91ae2083fce3f62ee7ac7f4c8d0a45c0a32bae70c8f620251013.png","肉色 [活動圖鑑]","≤ 127.7 kg","≥ 177.6 kg","3000 pt","","","https://pigfarmmix.net/png_h/8fac40b2fe24e09293d7a4d46b4a2fcea0ce220bba89d34e97d8ad9322a442fb20251013.png","https://pigfarmmix.net/png_h/8fac40b2fe24e09293d7a4d46b4a2fcea0ce220bba89d34e97d8ad9322a442fb20251013.png","",""
"639","洋蔥豬","https://pigfarmmix.net/#/pig/639","https://pigfarmmix.net/png_h/694a2935b4eeedc48849d65a12002118a4f1efcbde24ffb4e0609bc76bbd415520251013.png","https://pigfarmmix.net/png_h/8fac40b2fe24e09293d7a4d46b4a2fcea0ce220bba89d34e97d8ad9322a442fb20251013.png","不挑食","1","0 小時","58 分鐘","6 小時","https://pigfarmmix.net/png_h/a68119aa8a6ceba07cf7cd15c2c4ea3a6f2a3313e58a78a2ec1216d15999fb8f20251013.png","白色 [活動圖鑑]","≤ 125.9 kg","≥ 166.5 kg","3000 pt","","","https://pigfarmmix.net/png_h/8fac40b2fe24e09293d7a4d46b4a2fcea0ce220bba89d34e97d8ad9322a442fb20251013.png","https://pigfarmmix.net/png_h/8fac40b2fe24e09293d7a4d46b4a2fcea0ce220bba89d34e97d8ad9322a442fb20251013.png","",""
"640","米迦勒豬","https://pigfarmmix.net/#/pig/640","https://pigfarmmix.net/png_h/7747665c7590e3ae2a415ecbf43c449ceea88c61c33820c879f8c547066b96d620251013.png","https://pigfarmmix.net/png_h/8fac40b2fe24e09293d7a4d46b4a2fcea0ce220bba89d34e97d8ad9322a442fb20251013.png","不挑食","4","0 小時","58 分鐘","12 小時","https://pigfarmmix.net/png_h/a6752c7f9968b9961d0e91ae2083fce3f62ee7ac7f4c8d0a45c0a32bae70c8f620251013.png","肉色 [活動圖鑑]","≤ 128.0 kg","≥ 212.7 kg","10000 pt","","11.32%","https://pigfarmmix.net/png_h/8fac40b2fe24e09293d7a4d46b4a2fcea0ce220bba89d34e97d8ad9322a442fb20251013.png","https://pigfarmmix.net/png_h/8fac40b2fe24e09293d7a4d46b4a2fcea0ce220bba89d34e97d8ad9322a442fb20251013.png","https://pigfarmmix.net/png_h/8fac40b2fe24e09293d7a4d46b4a2fcea0ce220bba89d34e97d8ad9322a442fb20251013.png","https://pigfarmmix.net/png_h/8fac40b2fe24e09293d7a4d46b4a2fcea0ce220bba89d34e97d8ad9322a442fb20251013.png"
"641","路西法豬","https://pigfarmmix.net/#/pig/641","https://pigfarmmix.net/png_h/21b2269a639218fc704b89a6732a4bdab56bda2fd534e97632ee6e64352cfe7820251013.png","https://pigfarmmix.net/png_h/8fac40b2fe24e09293d7a4d46b4a2fcea0ce220bba89d34e97d8ad9322a442fb20251013.png","不挑食","3","0 小時","58 分鐘","12 小時","https://pigfarmmix.net/png_h/a6752c7f9968b9961d0e91ae2083fce3f62ee7ac7f4c8d0a45c0a32bae70c8f620251013.png","肉色 [活動圖鑑]","≤ 126.7 kg","≥ 179.4 kg","10000 pt","https://pigfarmmix.net/png_h/0aeaee22846aee8ef0429da1face05360c1fdfd8de57e07bebb2741e67f15e6220251013.png","","https://pigfarmmix.net/png_h/8fac40b2fe24e09293d7a4d46b4a2fcea0ce220bba89d34e97d8ad9322a442fb20251013.png","https://pigfarmmix.net/png_h/8fac40b2fe24e09293d7a4d46b4a2fcea0ce220bba89d34e97d8ad9322a442fb20251013.png","https://pigfarmmix.net/png_h/8fac40b2fe24e09293d7a4d46b4a2fcea0ce220bba89d34e97d8ad9322a442fb20251013.png","https://pigfarmmix.net/png_h/8fac40b2fe24e09293d7a4d46b4a2fcea0ce220bba89d34e97d8ad9322a442fb20251013.png"
"642","紫藤豬","https://pigfarmmix.net/#/pig/642","https://pigfarmmix.net/png_h/8ad8f9b614eb73e6b282b4de1f8ebd298519d9720473000d7ad8f2a3093a818a20251013.png","https://pigfarmmix.net/png_h/8fac40b2fe24e09293d7a4d46b4a2fcea0ce220bba89d34e97d8ad9322a442fb20251013.png","","1","60 分鐘","1 小時","12 小時","https://pigfarmmix.net/png_h/46827eaf3344f3d5d59295ae2c237b7ef05252fa01f7f38bb1e57ac062d9c15520251013.png","粉紅 [活動圖鑑]","≤ 125.9 kg","≥ 160.0 kg","3000 pt","https://pigfarmmix.net/png_h/d48df30397ce33593ddd99a7039b689c0ca8147be77810da82091e7db2ac5ba720251013.png","","https://pigfarmmix.net/png_h/8fac40b2fe24e09293d7a4d46b4a2fcea0ce220bba89d34e97d8ad9322a442fb20251013.png","https://pigfarmmix.net/png_h/8fac40b2fe24e09293d7a4d46b4a2fcea0ce220bba89d34e97d8ad9322a442fb20251013.png","",""
"643","山葵豬","https://pigfarmmix.net/#/pig/643","https://pigfarmmix.net/png_h/0ee462164221ef7f7193766879fd1bc92e9a0c954bcfc0480fdfca1275f5148a20251013.png","https://pigfarmmix.net/png_h/8fac40b2fe24e09293d7a4d46b4a2fcea0ce220bba89d34e97d8ad9322a442fb20251013.png","不挑食","3","60 分鐘","1 小時","24 小時","https://pigfarmmix.net/png_h/a68119aa8a6ceba07cf7cd15c2c4ea3a6f2a3313e58a78a2ec1216d15999fb8f20251013.png","白色 [活動圖鑑]","≤ 129.7 kg","≥ 184.1 kg","3500 pt","","","https://pigfarmmix.net/png_h/8fac40b2fe24e09293d7a4d46b4a2fcea0ce220bba89d34e97d8ad9322a442fb20251013.png","https://pigfarmmix.net/png_h/8fac40b2fe24e09293d7a4d46b4a2fcea0ce220bba89d34e97d8ad9322a442fb20251013.png","https://pigfarmmix.net/png_h/8fac40b2fe24e09293d7a4d46b4a2fcea0ce220bba89d34e97d8ad9322a442fb20251013.png",""
"644","酒吞豬子","https://pigfarmmix.net/#/pig/644","https://pigfarmmix.net/png_h/c32ed242a95b4edf3e6bfd8c0f4c95675d436ca3a8d6212007564c6c0a9bf63820251013.png","https://pigfarmmix.net/png_h/8fac40b2fe24e09293d7a4d46b4a2fcea0ce220bba89d34e97d8ad9322a442fb20251013.png","","6","0 小時","58 分鐘","20 小時","https://pigfarmmix.net/png_h/811992418c93eac5c6722e48989ba638bc739f8c763e8aa6fccb0cdb69e091ae20251013.png","野豬 [活動圖鑑]","≤ 133.4 kg","≥ 173.7 kg","5500 pt","https://pigfarmmix.net/png_h/d48df30397ce33593ddd99a7039b689c0ca8147be77810da82091e7db2ac5ba720251013.png","","https://pigfarmmix.net/png_h/8fac40b2fe24e09293d7a4d46b4a2fcea0ce220bba89d34e97d8ad9322a442fb20251013.png","https://pigfarmmix.net/png_h/8fac40b2fe24e09293d7a4d46b4a2fcea0ce220bba89d34e97d8ad9322a442fb20251013.png","https://pigfarmmix.net/png_h/8fac40b2fe24e09293d7a4d46b4a2fcea0ce220bba89d34e97d8ad9322a442fb20251013.png","https://pigfarmmix.net/png_h/8fac40b2fe24e09293d7a4d46b4a2fcea0ce220bba89d34e97d8ad9322a442fb20251013.png"
"645","豬姥","https://pigfarmmix.net/#/pig/645","https://pigfarmmix.net/png_h/d094929b062ed9e48b3af4cc1713e8dc745ed106e59a8ff2577e48ffcbca5ce720251013.png","https://pigfarmmix.net/png_h/8fac40b2fe24e09293d7a4d46b4a2fcea0ce220bba89d34e97d8ad9322a442fb20251013.png","不挑食","4","0 小時","58 分鐘","16 小時","https://pigfarmmix.net/png_h/9fc1edfa8a25ba821f32de73ee24d6907de827874d33d8400a273fbe122ac58920251013.png","米色 [活動圖鑑]","≤ 130.6 kg","≥ 178.6 kg","4000 pt","","","https://pigfarmmix.net/png_h/8fac40b2fe24e09293d7a4d46b4a2fcea0ce220bba89d34e97d8ad9322a442fb20251013.png","https://pigfarmmix.net/png_h/8fac40b2fe24e09293d7a4d46b4a2fcea0ce220bba89d34e97d8ad9322a442fb20251013.png","https://pigfarmmix.net/png_h/8fac40b2fe24e09293d7a4d46b4a2fcea0ce220bba89d34e97d8ad9322a442fb20251013.png",""
"646","豬邪鬼","https://pigfarmmix.net/#/pig/646","https://pigfarmmix.net/png_h/9c80b5d17ee4c4d89b17c5cb0eb711f6d1eb1a9148c20e84e0f4a324827743b820251013.png","https://pigfarmmix.net/png_h/8fac40b2fe24e09293d7a4d46b4a2fcea0ce220bba89d34e97d8ad9322a442fb20251013.png","不挑食","3","0 小時","58 分鐘","8 小時","https://pigfarmmix.net/png_h/dbbbf7cb3bd5685b5d1c7a4d07b85b29a28dc7db2d75f6c14a08bee2f1248ede20251013.png","野豬 [活動圖鑑]","≤ 127.7 kg","≥ 158.2 kg","4000 pt","https://pigfarmmix.net/png_h/d48df30397ce33593ddd99a7039b689c0ca8147be77810da82091e7db2ac5ba720251013.png","","https://pigfarmmix.net/png_h/8fac40b2fe24e09293d7a4d46b4a2fcea0ce220bba89d34e97d8ad9322a442fb20251013.png","https://pigfarmmix.net/png_h/8fac40b2fe24e09293d7a4d46b4a2fcea0ce220bba89d34e97d8ad9322a442fb20251013.png","",""
"647","朱雀豬","https://pigfarmmix.net/#/pig/647","https://pigfarmmix.net/png_h/d5405157d3cdbd82a275b2dc0965ebdaea3df250defcc5b55fb92bc86086cadf20251013.png","https://pigfarmmix.net/png_h/8fac40b2fe24e09293d7a4d46b4a2fcea0ce220bba89d34e97d8ad9322a442fb20251013.png","不挑食","1","0 小時","58 分鐘","6 小時","https://pigfarmmix.net/png_h/97cbaccfa405480612d3bf7e152c0f7f8d8507099b5839dfa19df61f5181feec20251013.png","灰色 [活動圖鑑]","≤ 126.9 kg","≥ 179.2 kg","10000 pt","https://pigfarmmix.net/png_h/8634aa677090b5bfca798d786e8ef2e14d04de87c2335c7e4a7052c45d83ddd120251013.png","21.35%","https://pigfarmmix.net/png_h/8fac40b2fe24e09293d7a4d46b4a2fcea0ce220bba89d34e97d8ad9322a442fb20251013.png","https://pigfarmmix.net/png_h/8fac40b2fe24e09293d7a4d46b4a2fcea0ce220bba89d34e97d8ad9322a442fb20251013.png","https://pigfarmmix.net/png_h/8fac40b2fe24e09293d7a4d46b4a2fcea0ce220bba89d34e97d8ad9322a442fb20251013.png","https://pigfarmmix.net/png_h/8fac40b2fe24e09293d7a4d46b4a2fcea0ce220bba89d34e97d8ad9322a442fb20251013.png"
"648","玄武豬","https://pigfarmmix.net/#/pig/648","https://pigfarmmix.net/png_h/2a204765b75955a1d6b0b440a0878ad566ab03034f0de879419af93be53d50c620251013.png","https://pigfarmmix.net/png_h/8fac40b2fe24e09293d7a4d46b4a2fcea0ce220bba89d34e97d8ad9322a442fb20251013.png","不挑食","1","0 小時","58 分鐘","6 小時","https://pigfarmmix.net/png_h/97cbaccfa405480612d3bf7e152c0f7f8d8507099b5839dfa19df61f5181feec20251013.png","灰色 [活動圖鑑]","≤ 127.9 kg","≥ 183.3 kg","10000 pt","https://pigfarmmix.net/png_h/1a4d96e5f723848dfbd2bbb08fd82f6579c3850dcc352a2b9ee260764acd522320251013.png","","https://pigfarmmix.net/png_h/8fac40b2fe24e09293d7a4d46b4a2fcea0ce220bba89d34e97d8ad9322a442fb20251013.png","https://pigfarmmix.net/png_h/8fac40b2fe24e09293d7a4d46b4a2fcea0ce220bba89d34e97d8ad9322a442fb20251013.png","https://pigfarmmix.net/png_h/8fac40b2fe24e09293d7a4d46b4a2fcea0ce220bba89d34e97d8ad9322a442fb20251013.png","https://pigfarmmix.net/png_h/8fac40b2fe24e09293d7a4d46b4a2fcea0ce220bba89d34e97d8ad9322a442fb20251013.png"
"649","白虎豬","https://pigfarmmix.net/#/pig/649","https://pigfarmmix.net/png_h/a51770c9942546f5935df3d966fb6f02ca383998700f0050d269f50224b44a4620251013.png","https://pigfarmmix.net/png_h/8fac40b2fe24e09293d7a4d46b4a2fcea0ce220bba89d34e97d8ad9322a442fb20251013.png","不挑食","1","0 小時","58 分鐘","6 小時","https://pigfarmmix.net/png_h/97cbaccfa405480612d3bf7e152c0f7f8d8507099b5839dfa19df61f5181feec20251013.png","灰色 [活動圖鑑]","≤ 126.9 kg","≥ 179.2 kg","10000 pt","https://pigfarmmix.net/png_h/d48df30397ce33593ddd99a7039b689c0ca8147be77810da82091e7db2ac5ba720251013.png","","https://pigfarmmix.net/png_h/8fac40b2fe24e09293d7a4d46b4a2fcea0ce220bba89d34e97d8ad9322a442fb20251013.png","https://pigfarmmix.net/png_h/8fac40b2fe24e09293d7a4d46b4a2fcea0ce220bba89d34e97d8ad9322a442fb20251013.png","https://pigfarmmix.net/png_h/8fac40b2fe24e09293d7a4d46b4a2fcea0ce220bba89d34e97d8ad9322a442fb20251013.png","https://pigfarmmix.net/png_h/8fac40b2fe24e09293d7a4d46b4a2fcea0ce220bba89d34e97d8ad9322a442fb20251013.png"
"650","青龍豬","https://pigfarmmix.net/#/pig/650","https://pigfarmmix.net/png_h/1a59567d06da77e867d1a9cec0b1393a3daced37ecca6106b6d0e370c7b61d3720251013.png","https://pigfarmmix.net/png_h/8fac40b2fe24e09293d7a4d46b4a2fcea0ce220bba89d34e97d8ad9322a442fb20251013.png","不挑食","1","0 小時","58 分鐘","6 小時","https://pigfarmmix.net/png_h/97cbaccfa405480612d3bf7e152c0f7f8d8507099b5839dfa19df61f5181feec20251013.png","灰色 [活動圖鑑]","≤ 126.9 kg","≥ 179.2 kg","10000 pt","https://pigfarmmix.net/png_h/a7c17665173739b203d7fab5046bd82964e973f62b1c34834f032ecb6c99fff520251013.png","","https://pigfarmmix.net/png_h/8fac40b2fe24e09293d7a4d46b4a2fcea0ce220bba89d34e97d8ad9322a442fb20251013.png","https://pigfarmmix.net/png_h/8fac40b2fe24e09293d7a4d46b4a2fcea0ce220bba89d34e97d8ad9322a442fb20251013.png","https://pigfarmmix.net/png_h/8fac40b2fe24e09293d7a4d46b4a2fcea0ce220bba89d34e97d8ad9322a442fb20251013.png","https://pigfarmmix.net/png_h/8fac40b2fe24e09293d7a4d46b4a2fcea0ce220bba89d34e97d8ad9322a442fb20251013.png"
"651","玫瑰豬","https://pigfarmmix.net/#/pig/651","https://pigfarmmix.net/png_h/0285c8aab20b7aadbde8d8dbdc13ca8edac22738aca34ae1cb043cd914e9d5fa20251013.png","https://pigfarmmix.net/png_h/8fac40b2fe24e09293d7a4d46b4a2fcea0ce220bba89d34e97d8ad9322a442fb20251013.png","","1","0 小時","58 分鐘","18 小時","https://pigfarmmix.net/png_h/46827eaf3344f3d5d59295ae2c237b7ef05252fa01f7f38bb1e57ac062d9c15520251013.png","粉紅 [活動圖鑑]","≤ 128.2 kg","≥ 180.8 kg","3500 pt","https://pigfarmmix.net/png_h/ae37f6e04cdc1a9c13b5d505e598173fcce41b6af8074c98d775c0f1c6b04d6c20251013.png","","https://pigfarmmix.net/png_h/8fac40b2fe24e09293d7a4d46b4a2fcea0ce220bba89d34e97d8ad9322a442fb20251013.png","https://pigfarmmix.net/png_h/8fac40b2fe24e09293d7a4d46b4a2fcea0ce220bba89d34e97d8ad9322a442fb20251013.png","https://pigfarmmix.net/png_h/8fac40b2fe24e09293d7a4d46b4a2fcea0ce220bba89d34e97d8ad9322a442fb20251013.png",""
"652","高麗菜豬","https://pigfarmmix.net/#/pig/652","https://pigfarmmix.net/png_h/627be2ebcbf64ca63b31352f8d744065ee2501b713c97fb62ec78dcadf07fad920251013.png","https://pigfarmmix.net/png_h/8fac40b2fe24e09293d7a4d46b4a2fcea0ce220bba89d34e97d8ad9322a442fb20251013.png","不挑食","3","0 小時","58 分鐘","24 小時","https://pigfarmmix.net/png_h/a68119aa8a6ceba07cf7cd15c2c4ea3a6f2a3313e58a78a2ec1216d15999fb8f20251013.png","白色 [活動圖鑑]","≤ 127.7 kg","≥ 177.6 kg","3000 pt","","","https://pigfarmmix.net/png_h/8fac40b2fe24e09293d7a4d46b4a2fcea0ce220bba89d34e97d8ad9322a442fb20251013.png","https://pigfarmmix.net/png_h/8fac40b2fe24e09293d7a4d46b4a2fcea0ce220bba89d34e97d8ad9322a442fb20251013.png","",""
"653","雨傘豬","https://pigfarmmix.net/#/pig/653","https://pigfarmmix.net/png_h/c72ad27c8bbf063c0065e3fd726a19958f61695190b9af4db0e77c5c37e700b720251013.png","https://pigfarmmix.net/png_h/8fac40b2fe24e09293d7a4d46b4a2fcea0ce220bba89d34e97d8ad9322a442fb20251013.png","不挑食","3","0 小時","58 分鐘","8 小時","https://pigfarmmix.net/png_h/a68119aa8a6ceba07cf7cd15c2c4ea3a6f2a3313e58a78a2ec1216d15999fb8f20251013.png","白色 [活動圖鑑]","≤ 120.0 kg","≥ 120.0 kg","3000 pt","","","https://pigfarmmix.net/png_h/8fac40b2fe24e09293d7a4d46b4a2fcea0ce220bba89d34e97d8ad9322a442fb20251013.png","https://pigfarmmix.net/png_h/8fac40b2fe24e09293d7a4d46b4a2fcea0ce220bba89d34e97d8ad9322a442fb20251013.png","",""
"654","螢火蟲豬","https://pigfarmmix.net/#/pig/654","https://pigfarmmix.net/png_h/016bd6a3bbddd076a853977000117ae66875f3ac9cf9b2b331d22581760e138920251013.png","https://pigfarmmix.net/png_h/8fac40b2fe24e09293d7a4d46b4a2fcea0ce220bba89d34e97d8ad9322a442fb20251013.png","","2","120 分鐘","2 小時","16 小時","https://pigfarmmix.net/png_h/9fc1edfa8a25ba821f32de73ee24d6907de827874d33d8400a273fbe122ac58920251013.png","米色 [活動圖鑑]","≤ 120.0 kg","≥ 120.0 kg","4500 pt","https://pigfarmmix.net/png_h/a8c431ef04e348d579dbea87991cab0dadc22df86edf1920a8c8e76335bd820c20251013.png","","https://pigfarmmix.net/png_h/8fac40b2fe24e09293d7a4d46b4a2fcea0ce220bba89d34e97d8ad9322a442fb20251013.png","https://pigfarmmix.net/png_h/8fac40b2fe24e09293d7a4d46b4a2fcea0ce220bba89d34e97d8ad9322a442fb20251013.png","https://pigfarmmix.net/png_h/8fac40b2fe24e09293d7a4d46b4a2fcea0ce220bba89d34e97d8ad9322a442fb20251013.png",""
"655","茶釜豬","https://pigfarmmix.net/#/pig/655","https://pigfarmmix.net/png_h/e5b89272fbc4a49fc87a7fa54d5120c098569c4fe18d4679ae2d7a9c73f578af20251013.png","https://pigfarmmix.net/png_h/8fac40b2fe24e09293d7a4d46b4a2fcea0ce220bba89d34e97d8ad9322a442fb20251013.png","","3","60 分鐘","1 小時","18 小時","https://pigfarmmix.net/png_h/9fc1edfa8a25ba821f32de73ee24d6907de827874d33d8400a273fbe122ac58920251013.png","米色 [活動圖鑑]","≤ 120.0 kg","≥ 120.0 kg","6500 pt","https://pigfarmmix.net/png_h/a8c431ef04e348d579dbea87991cab0dadc22df86edf1920a8c8e76335bd820c20251013.png","","https://pigfarmmix.net/png_h/8fac40b2fe24e09293d7a4d46b4a2fcea0ce220bba89d34e97d8ad9322a442fb20251013.png","https://pigfarmmix.net/png_h/8fac40b2fe24e09293d7a4d46b4a2fcea0ce220bba89d34e97d8ad9322a442fb20251013.png","https://pigfarmmix.net/png_h/8fac40b2fe24e09293d7a4d46b4a2fcea0ce220bba89d34e97d8ad9322a442fb20251013.png","https://pigfarmmix.net/png_h/8fac40b2fe24e09293d7a4d46b4a2fcea0ce220bba89d34e97d8ad9322a442fb20251013.png"
"656","地藏豬","https://pigfarmmix.net/#/pig/656","https://pigfarmmix.net/png_h/19e274d220cc2f6d0ffe0745c0bd18bab829290492c2a88d50f006916096631820251013.png","https://pigfarmmix.net/png_h/8fac40b2fe24e09293d7a4d46b4a2fcea0ce220bba89d34e97d8ad9322a442fb20251013.png","","5","0 小時","58 分鐘","24 小時","https://pigfarmmix.net/png_h/97cbaccfa405480612d3bf7e152c0f7f8d8507099b5839dfa19df61f5181feec20251013.png","灰色 [活動圖鑑]","≤ 120.0 kg","≥ 120.0 kg","4500 pt","https://pigfarmmix.net/png_h/d48df30397ce33593ddd99a7039b689c0ca8147be77810da82091e7db2ac5ba720251013.png","","https://pigfarmmix.net/png_h/8fac40b2fe24e09293d7a4d46b4a2fcea0ce220bba89d34e97d8ad9322a442fb20251013.png","https://pigfarmmix.net/png_h/8fac40b2fe24e09293d7a4d46b4a2fcea0ce220bba89d34e97d8ad9322a442fb20251013.png","https://pigfarmmix.net/png_h/8fac40b2fe24e09293d7a4d46b4a2fcea0ce220bba89d34e97d8ad9322a442fb20251013.png",""
"657","一寸豬師","https://pigfarmmix.net/#/pig/657","https://pigfarmmix.net/png_h/33a5368c4a28cd9d6a228367763d10ca7202368c69bc1cc866387e7dbfa8186b20251013.png","https://pigfarmmix.net/png_h/8fac40b2fe24e09293d7a4d46b4a2fcea0ce220bba89d34e97d8ad9322a442fb20251013.png","不挑食","3","0 小時","58 分鐘","11 小時","https://pigfarmmix.net/png_h/6585446bb2af50be3aaaf28d138c7bd5f2737b0e067ed0f28fa97b1f6b396d8020251013.png","肉色 [活動圖鑑]","≤ 120.0 kg","≥ 120.0 kg","4000 pt","","0.20%","https://pigfarmmix.net/png_h/8fac40b2fe24e09293d7a4d46b4a2fcea0ce220bba89d34e97d8ad9322a442fb20251013.png","https://pigfarmmix.net/png_h/8fac40b2fe24e09293d7a4d46b4a2fcea0ce220bba89d34e97d8ad9322a442fb20251013.png","https://pigfarmmix.net/png_h/8fac40b2fe24e09293d7a4d46b4a2fcea0ce220bba89d34e97d8ad9322a442fb20251013.png",""
"658","金魚豬","https://pigfarmmix.net/#/pig/658","https://pigfarmmix.net/png_h/1f23ae6e0cd65b02caa2778a3ea2519b834767a9238de527dba98cf7b324bbba20251013.png","https://pigfarmmix.net/png_h/8fac40b2fe24e09293d7a4d46b4a2fcea0ce220bba89d34e97d8ad9322a442fb20251013.png","","4","0 小時","58 分鐘","24 小時","https://pigfarmmix.net/png_h/46827eaf3344f3d5d59295ae2c237b7ef05252fa01f7f38bb1e57ac062d9c15520251013.png","粉紅 [活動圖鑑]","≤ 120.0 kg","≥ 120.0 kg","4000 pt","https://pigfarmmix.net/png_h/a7c17665173739b203d7fab5046bd82964e973f62b1c34834f032ecb6c99fff520251013.png","","https://pigfarmmix.net/png_h/8fac40b2fe24e09293d7a4d46b4a2fcea0ce220bba89d34e97d8ad9322a442fb20251013.png","https://pigfarmmix.net/png_h/8fac40b2fe24e09293d7a4d46b4a2fcea0ce220bba89d34e97d8ad9322a442fb20251013.png","https://pigfarmmix.net/png_h/8fac40b2fe24e09293d7a4d46b4a2fcea0ce220bba89d34e97d8ad9322a442fb20251013.png",""
"659","冰淇淋豬","https://pigfarmmix.net/#/pig/659","https://pigfarmmix.net/png_h/e54926b8951243a26ae957efad74034caa7a359804b65db0de26e71c4768136520251013.png","https://pigfarmmix.net/png_h/8fac40b2fe24e09293d7a4d46b4a2fcea0ce220bba89d34e97d8ad9322a442fb20251013.png","不挑食","1","0 小時","58 分鐘","13 小時","https://pigfarmmix.net/png_h/a68119aa8a6ceba07cf7cd15c2c4ea3a6f2a3313e58a78a2ec1216d15999fb8f20251013.png","白色 [活動圖鑑]","≤ 120.0 kg","≥ 120.0 kg","3000 pt","","","https://pigfarmmix.net/png_h/8fac40b2fe24e09293d7a4d46b4a2fcea0ce220bba89d34e97d8ad9322a442fb20251013.png","https://pigfarmmix.net/png_h/8fac40b2fe24e09293d7a4d46b4a2fcea0ce220bba89d34e97d8ad9322a442fb20251013.png","",""
"660","宙斯豬","https://pigfarmmix.net/#/pig/660","https://pigfarmmix.net/png_h/9eda80cd3f784a0834c1d116ed88948cd978cd39c2dec89bbdbd1c7f5f8acb7a20251013.png","https://pigfarmmix.net/png_h/8fac40b2fe24e09293d7a4d46b4a2fcea0ce220bba89d34e97d8ad9322a442fb20251013.png","不挑食","5","0.5 小時","30 分鐘","12 小時","https://pigfarmmix.net/png_h/9fc1edfa8a25ba821f32de73ee24d6907de827874d33d8400a273fbe122ac58920251013.png","米色 [活動圖鑑]","≤ 120.0 kg","≥ 120.0 kg","10000 pt","","21.35%","https://pigfarmmix.net/png_h/8fac40b2fe24e09293d7a4d46b4a2fcea0ce220bba89d34e97d8ad9322a442fb20251013.png","https://pigfarmmix.net/png_h/8fac40b2fe24e09293d7a4d46b4a2fcea0ce220bba89d34e97d8ad9322a442fb20251013.png","https://pigfarmmix.net/png_h/8fac40b2fe24e09293d7a4d46b4a2fcea0ce220bba89d34e97d8ad9322a442fb20251013.png","https://pigfarmmix.net/png_h/8fac40b2fe24e09293d7a4d46b4a2fcea0ce220bba89d34e97d8ad9322a442fb20251013.png"
"661","波賽頓豬","https://pigfarmmix.net/#/pig/661","https://pigfarmmix.net/png_h/4c08cb04259935f2ce5c1ef0f2c74ef2300f1ee394159fffe2e32ef0e96c6f2920251013.png","https://pigfarmmix.net/png_h/8fac40b2fe24e09293d7a4d46b4a2fcea0ce220bba89d34e97d8ad9322a442fb20251013.png","不挑食","8","0.5 小時","30 分鐘","12 小時","https://pigfarmmix.net/png_h/9fc1edfa8a25ba821f32de73ee24d6907de827874d33d8400a273fbe122ac58920251013.png","米色 [活動圖鑑]","≤ 120.0 kg","≥ 120.0 kg","10000 pt","","","https://pigfarmmix.net/png_h/8fac40b2fe24e09293d7a4d46b4a2fcea0ce220bba89d34e97d8ad9322a442fb20251013.png","https://pigfarmmix.net/png_h/8fac40b2fe24e09293d7a4d46b4a2fcea0ce220bba89d34e97d8ad9322a442fb20251013.png","https://pigfarmmix.net/png_h/8fac40b2fe24e09293d7a4d46b4a2fcea0ce220bba89d34e97d8ad9322a442fb20251013.png","https://pigfarmmix.net/png_h/8fac40b2fe24e09293d7a4d46b4a2fcea0ce220bba89d34e97d8ad9322a442fb20251013.png"
"662","黑帝​斯豬","https://pigfarmmix.net/#/pig/662","https://pigfarmmix.net/png_h/f46e7e2fc28c1990d32dc3b7ef0a9eed871b56b4126bd015c6ffc1231c9991c520251013.png","https://pigfarmmix.net/png_h/8fac40b2fe24e09293d7a4d46b4a2fcea0ce220bba89d34e97d8ad9322a442fb20251013.png","不挑食","9","0.5 小時","30 分鐘","12 小時","https://pigfarmmix.net/png_h/9fc1edfa8a25ba821f32de73ee24d6907de827874d33d8400a273fbe122ac58920251013.png","米色 [活動圖鑑]","≤ 120.0 kg","≥ 120.0 kg","10000 pt","","","https://pigfarmmix.net/png_h/8fac40b2fe24e09293d7a4d46b4a2fcea0ce220bba89d34e97d8ad9322a442fb20251013.png","https://pigfarmmix.net/png_h/8fac40b2fe24e09293d7a4d46b4a2fcea0ce220bba89d34e97d8ad9322a442fb20251013.png","https://pigfarmmix.net/png_h/8fac40b2fe24e09293d7a4d46b4a2fcea0ce220bba89d34e97d8ad9322a442fb20251013.png","https://pigfarmmix.net/png_h/8fac40b2fe24e09293d7a4d46b4a2fcea0ce220bba89d34e97d8ad9322a442fb20251013.png"
"663","鳳梨豬","https://pigfarmmix.net/#/pig/663","https://pigfarmmix.net/png_h/fafa4e6ffa9908f5c67237fe80ccfd7f9d33356b52f95ea4640994dc66e9292b20251013.png","https://pigfarmmix.net/png_h/8fac40b2fe24e09293d7a4d46b4a2fcea0ce220bba89d34e97d8ad9322a442fb20251013.png","不挑食","1","0 小時","58 分鐘","8 小時","https://pigfarmmix.net/png_h/a68119aa8a6ceba07cf7cd15c2c4ea3a6f2a3313e58a78a2ec1216d15999fb8f20251013.png","白色 [活動圖鑑]","≤ 120.0 kg","≥ 120.0 kg","3000 pt","","","https://pigfarmmix.net/png_h/8fac40b2fe24e09293d7a4d46b4a2fcea0ce220bba89d34e97d8ad9322a442fb20251013.png","https://pigfarmmix.net/png_h/8fac40b2fe24e09293d7a4d46b4a2fcea0ce220bba89d34e97d8ad9322a442fb20251013.png","",""
"664","救生豬","https://pigfarmmix.net/#/pig/664","https://pigfarmmix.net/png_h/6573ecd261eb9bba8a4700dd12ae615c94b1f7806d4b7990c233c4c301089f2420251013.png","https://pigfarmmix.net/png_h/8fac40b2fe24e09293d7a4d46b4a2fcea0ce220bba89d34e97d8ad9322a442fb20251013.png","","5","0 小時","58 分鐘","20 小時","https://pigfarmmix.net/png_h/9fc1edfa8a25ba821f32de73ee24d6907de827874d33d8400a273fbe122ac58920251013.png","米色 [活動圖鑑]","≤ 120.0 kg","≥ 120.0 kg","4500 pt","https://pigfarmmix.net/png_h/a7c17665173739b203d7fab5046bd82964e973f62b1c34834f032ecb6c99fff520251013.png","","https://pigfarmmix.net/png_h/8fac40b2fe24e09293d7a4d46b4a2fcea0ce220bba89d34e97d8ad9322a442fb20251013.png","https://pigfarmmix.net/png_h/8fac40b2fe24e09293d7a4d46b4a2fcea0ce220bba89d34e97d8ad9322a442fb20251013.png","https://pigfarmmix.net/png_h/8fac40b2fe24e09293d7a4d46b4a2fcea0ce220bba89d34e97d8ad9322a442fb20251013.png",""
"665","阿爾卑斯山的豬豬","https://pigfarmmix.net/#/pig/665","https://pigfarmmix.net/png_h/e7cb8529e3729b710370d3827adcd11ff4d172c3170a0b2bd8fe2405c6bd464520251013.png","https://pigfarmmix.net/png_h/8fac40b2fe24e09293d7a4d46b4a2fcea0ce220bba89d34e97d8ad9322a442fb20251013.png","","2","0 小時","58 分鐘","16 小時","https://pigfarmmix.net/png_h/a6752c7f9968b9961d0e91ae2083fce3f62ee7ac7f4c8d0a45c0a32bae70c8f620251013.png","肉色 [活動圖鑑]","≤ 120.0 kg","≥ 120.0 kg","4500 pt","https://pigfarmmix.net/png_h/d48df30397ce33593ddd99a7039b689c0ca8147be77810da82091e7db2ac5ba720251013.png","","https://pigfarmmix.net/png_h/8fac40b2fe24e09293d7a4d46b4a2fcea0ce220bba89d34e97d8ad9322a442fb20251013.png","https://pigfarmmix.net/png_h/8fac40b2fe24e09293d7a4d46b4a2fcea0ce220bba89d34e97d8ad9322a442fb20251013.png","https://pigfarmmix.net/png_h/8fac40b2fe24e09293d7a4d46b4a2fcea0ce220bba89d34e97d8ad9322a442fb20251013.png",""
"666","克拉拉小姐豬","https://pigfarmmix.net/#/pig/666","https://pigfarmmix.net/png_h/bced379a385245d5cf5aa014ce5b0967d9e0911cdea3ad44ff444b7210ee2a3e20251013.png","https://pigfarmmix.net/png_h/8fac40b2fe24e09293d7a4d46b4a2fcea0ce220bba89d34e97d8ad9322a442fb20251013.png","","3","60 分鐘","1 小時","12 小時","https://pigfarmmix.net/png_h/a68119aa8a6ceba07cf7cd15c2c4ea3a6f2a3313e58a78a2ec1216d15999fb8f20251013.png","白色 [活動圖鑑]","≤ 120.0 kg","≥ 120.0 kg","5000 pt","https://pigfarmmix.net/png_h/1083a39a293067c36e6e25b013d3a87904536ffef5349212d9a97fae8ca2b74420251013.png","","https://pigfarmmix.net/png_h/8fac40b2fe24e09293d7a4d46b4a2fcea0ce220bba89d34e97d8ad9322a442fb20251013.png","https://pigfarmmix.net/png_h/8fac40b2fe24e09293d7a4d46b4a2fcea0ce220bba89d34e97d8ad9322a442fb20251013.png","https://pigfarmmix.net/png_h/8fac40b2fe24e09293d7a4d46b4a2fcea0ce220bba89d34e97d8ad9322a442fb20251013.png",""
"667","歐西里斯豬","https://pigfarmmix.net/#/pig/667","https://pigfarmmix.net/png_h/ab67daa5a0b1badcfbc4dcf76f64d4eaf287f1f869cda93b914a0e1ea114f1ca20251013.png","https://pigfarmmix.net/png_h/8fac40b2fe24e09293d7a4d46b4a2fcea0ce220bba89d34e97d8ad9322a442fb20251013.png","不挑食","0","0 小時","58 分鐘","9 小時","https://pigfarmmix.net/png_h/46827eaf3344f3d5d59295ae2c237b7ef05252fa01f7f38bb1e57ac062d9c15520251013.png","粉紅 [活動圖鑑]","≤ 120.0 kg","≥ 120.0 kg","10000 pt","","27.34%","https://pigfarmmix.net/png_h/8fac40b2fe24e09293d7a4d46b4a2fcea0ce220bba89d34e97d8ad9322a442fb20251013.png","https://pigfarmmix.net/png_h/8fac40b2fe24e09293d7a4d46b4a2fcea0ce220bba89d34e97d8ad9322a442fb20251013.png","https://pigfarmmix.net/png_h/8fac40b2fe24e09293d7a4d46b4a2fcea0ce220bba89d34e97d8ad9322a442fb20251013.png","https://pigfarmmix.net/png_h/8fac40b2fe24e09293d7a4d46b4a2fcea0ce220bba89d34e97d8ad9322a442fb20251013.png"
"668","伊西斯豬","https://pigfarmmix.net/#/pig/668","https://pigfarmmix.net/png_h/2cdebdd849311bf0a573b14fbd2941461687c8bf428f85cf0bd17d71356d1ad020251013.png","https://pigfarmmix.net/png_h/8fac40b2fe24e09293d7a4d46b4a2fcea0ce220bba89d34e97d8ad9322a442fb20251013.png","不挑食","0","0 小時","58 分鐘","9 小時","https://pigfarmmix.net/png_h/46827eaf3344f3d5d59295ae2c237b7ef05252fa01f7f38bb1e57ac062d9c15520251013.png","粉紅 [活動圖鑑]","≤ 120.0 kg","≥ 120.0 kg","10000 pt","","","https://pigfarmmix.net/png_h/8fac40b2fe24e09293d7a4d46b4a2fcea0ce220bba89d34e97d8ad9322a442fb20251013.png","https://pigfarmmix.net/png_h/8fac40b2fe24e09293d7a4d46b4a2fcea0ce220bba89d34e97d8ad9322a442fb20251013.png","https://pigfarmmix.net/png_h/8fac40b2fe24e09293d7a4d46b4a2fcea0ce220bba89d34e97d8ad9322a442fb20251013.png","https://pigfarmmix.net/png_h/8fac40b2fe24e09293d7a4d46b4a2fcea0ce220bba89d34e97d8ad9322a442fb20251013.png"
"669","賽特豬","https://pigfarmmix.net/#/pig/669","https://pigfarmmix.net/png_h/d3d8a515fdf729ed4aff1f9a1c04813ec4616396a9170385983740d1e3b58f7d20251013.png","https://pigfarmmix.net/png_h/8fac40b2fe24e09293d7a4d46b4a2fcea0ce220bba89d34e97d8ad9322a442fb20251013.png","不挑食","0","0 小時","58 分鐘","9 小時","https://pigfarmmix.net/png_h/46827eaf3344f3d5d59295ae2c237b7ef05252fa01f7f38bb1e57ac062d9c15520251013.png","粉紅 [活動圖鑑]","≤ 120.0 kg","≥ 120.0 kg","10000 pt","","","https://pigfarmmix.net/png_h/8fac40b2fe24e09293d7a4d46b4a2fcea0ce220bba89d34e97d8ad9322a442fb20251013.png","https://pigfarmmix.net/png_h/8fac40b2fe24e09293d7a4d46b4a2fcea0ce220bba89d34e97d8ad9322a442fb20251013.png","https://pigfarmmix.net/png_h/8fac40b2fe24e09293d7a4d46b4a2fcea0ce220bba89d34e97d8ad9322a442fb20251013.png","https://pigfarmmix.net/png_h/8fac40b2fe24e09293d7a4d46b4a2fcea0ce220bba89d34e97d8ad9322a442fb20251013.png"
"670","奈芙蒂斯豬","https://pigfarmmix.net/#/pig/670","https://pigfarmmix.net/png_h/126b772d354c6caea0a82933a52a4cbce90d85da01e00cfdbbb06a734dd5b31820251013.png","https://pigfarmmix.net/png_h/8fac40b2fe24e09293d7a4d46b4a2fcea0ce220bba89d34e97d8ad9322a442fb20251013.png","不挑食","0","0 小時","58 分鐘","9 小時","https://pigfarmmix.net/png_h/46827eaf3344f3d5d59295ae2c237b7ef05252fa01f7f38bb1e57ac062d9c15520251013.png","粉紅 [活動圖鑑]","≤ 120.0 kg","≥ 120.0 kg","10000 pt","","","https://pigfarmmix.net/png_h/8fac40b2fe24e09293d7a4d46b4a2fcea0ce220bba89d34e97d8ad9322a442fb20251013.png","https://pigfarmmix.net/png_h/8fac40b2fe24e09293d7a4d46b4a2fcea0ce220bba89d34e97d8ad9322a442fb20251013.png","https://pigfarmmix.net/png_h/8fac40b2fe24e09293d7a4d46b4a2fcea0ce220bba89d34e97d8ad9322a442fb20251013.png","https://pigfarmmix.net/png_h/8fac40b2fe24e09293d7a4d46b4a2fcea0ce220bba89d34e97d8ad9322a442fb20251013.png"
"671","賞月豬","https://pigfarmmix.net/#/pig/671","https://pigfarmmix.net/png_h/9ce8eed5f90ce7e83f038183e1aa220fb19cb01934d9f028380eec624f05fadb20251013.png","https://pigfarmmix.net/png_h/8fac40b2fe24e09293d7a4d46b4a2fcea0ce220bba89d34e97d8ad9322a442fb20251013.png","","2","0 小時","58 分鐘","15 小時","https://pigfarmmix.net/png_h/a68119aa8a6ceba07cf7cd15c2c4ea3a6f2a3313e58a78a2ec1216d15999fb8f20251013.png","白色 [活動圖鑑]","≤ 120.0 kg","≥ 120.0 kg","4500 pt","https://pigfarmmix.net/png_h/8634aa677090b5bfca798d786e8ef2e14d04de87c2335c7e4a7052c45d83ddd120251013.png","","https://pigfarmmix.net/png_h/8fac40b2fe24e09293d7a4d46b4a2fcea0ce220bba89d34e97d8ad9322a442fb20251013.png","https://pigfarmmix.net/png_h/8fac40b2fe24e09293d7a4d46b4a2fcea0ce220bba89d34e97d8ad9322a442fb20251013.png","https://pigfarmmix.net/png_h/8fac40b2fe24e09293d7a4d46b4a2fcea0ce220bba89d34e97d8ad9322a442fb20251013.png",""
"672","書蟲豬","https://pigfarmmix.net/#/pig/672","https://pigfarmmix.net/png_h/3355b1e8d3daf27e0ff23e40dfccc10ff29011f86f39870fd6d3a23635c3dd9720251013.png","https://pigfarmmix.net/png_h/8fac40b2fe24e09293d7a4d46b4a2fcea0ce220bba89d34e97d8ad9322a442fb20251013.png","不挑食","2","0 小時","58 分鐘","18 小時","https://pigfarmmix.net/png_h/97cbaccfa405480612d3bf7e152c0f7f8d8507099b5839dfa19df61f5181feec20251013.png","灰色 [活動圖鑑]","≤ 120.0 kg","≥ 120.0 kg","3500 pt","","","https://pigfarmmix.net/png_h/8fac40b2fe24e09293d7a4d46b4a2fcea0ce220bba89d34e97d8ad9322a442fb20251013.png","https://pigfarmmix.net/png_h/8fac40b2fe24e09293d7a4d46b4a2fcea0ce220bba89d34e97d8ad9322a442fb20251013.png","",""
"673","茄子豬","https://pigfarmmix.net/#/pig/673","https://pigfarmmix.net/png_h/64c4046144dec7e8f3dae08c652ca0fb964924ea18257fa1da0951221f8704bc20251013.png","https://pigfarmmix.net/png_h/8fac40b2fe24e09293d7a4d46b4a2fcea0ce220bba89d34e97d8ad9322a442fb20251013.png","","1","0 小時","58 分鐘","12 小時","https://pigfarmmix.net/png_h/a68119aa8a6ceba07cf7cd15c2c4ea3a6f2a3313e58a78a2ec1216d15999fb8f20251013.png","白色 [活動圖鑑]","≤ 120.0 kg","≥ 120.0 kg","3500 pt","https://pigfarmmix.net/png_h/a8c431ef04e348d579dbea87991cab0dadc22df86edf1920a8c8e76335bd820c20251013.png","","https://pigfarmmix.net/png_h/8fac40b2fe24e09293d7a4d46b4a2fcea0ce220bba89d34e97d8ad9322a442fb20251013.png","https://pigfarmmix.net/png_h/8fac40b2fe24e09293d7a4d46b4a2fcea0ce220bba89d34e97d8ad9322a442fb20251013.png","",""
"674","楓紅豬","https://pigfarmmix.net/#/pig/674","https://pigfarmmix.net/png_h/e9890ccd691821be334921ae30c528d80d40510e7cf0ac1df9c08b39cf580fcb20251013.png","https://pigfarmmix.net/png_h/8fac40b2fe24e09293d7a4d46b4a2fcea0ce220bba89d34e97d8ad9322a442fb20251013.png","不挑食","4","0 小時","58 分鐘","18 小時","https://pigfarmmix.net/png_h/46827eaf3344f3d5d59295ae2c237b7ef05252fa01f7f38bb1e57ac062d9c15520251013.png","粉紅 [活動圖鑑]","≤ 120.0 kg","≥ 120.0 kg","4000 pt","","","https://pigfarmmix.net/png_h/8fac40b2fe24e09293d7a4d46b4a2fcea0ce220bba89d34e97d8ad9322a442fb20251013.png","https://pigfarmmix.net/png_h/8fac40b2fe24e09293d7a4d46b4a2fcea0ce220bba89d34e97d8ad9322a442fb20251013.png","https://pigfarmmix.net/png_h/8fac40b2fe24e09293d7a4d46b4a2fcea0ce220bba89d34e97d8ad9322a442fb20251013.png",""
"675","Dr.哲基爾豬","https://pigfarmmix.net/#/pig/675","https://pigfarmmix.net/png_h/a5ed3c7ff7294fe479b99789ec28014a73382d577fffbff6a3518d3ff7c0548020251013.png","https://pigfarmmix.net/png_h/8fac40b2fe24e09293d7a4d46b4a2fcea0ce220bba89d34e97d8ad9322a442fb20251013.png","不挑食","1","0 小時","58 分鐘","20 小時","https://pigfarmmix.net/png_h/97cbaccfa405480612d3bf7e152c0f7f8d8507099b5839dfa19df61f5181feec20251013.png","灰色 [活動圖鑑]","≤ 120.0 kg","≥ 120.0 kg","4500 pt","","","https://pigfarmmix.net/png_h/8fac40b2fe24e09293d7a4d46b4a2fcea0ce220bba89d34e97d8ad9322a442fb20251013.png","https://pigfarmmix.net/png_h/8fac40b2fe24e09293d7a4d46b4a2fcea0ce220bba89d34e97d8ad9322a442fb20251013.png","https://pigfarmmix.net/png_h/8fac40b2fe24e09293d7a4d46b4a2fcea0ce220bba89d34e97d8ad9322a442fb20251013.png",""
"676","Mr.海德豬","https://pigfarmmix.net/#/pig/676","https://pigfarmmix.net/png_h/cf77561112873512b35ac9ba63c32a243a6adea5b278efa1991ebcea6e76d58220251013.png","https://pigfarmmix.net/png_h/8fac40b2fe24e09293d7a4d46b4a2fcea0ce220bba89d34e97d8ad9322a442fb20251013.png","不挑食","1","0 小時","58 分鐘","20 小時","https://pigfarmmix.net/png_h/97cbaccfa405480612d3bf7e152c0f7f8d8507099b5839dfa19df61f5181feec20251013.png","灰色 [活動圖鑑]","≤ 120.0 kg","≥ 120.0 kg","4500 pt","","","https://pigfarmmix.net/png_h/8fac40b2fe24e09293d7a4d46b4a2fcea0ce220bba89d34e97d8ad9322a442fb20251013.png","https://pigfarmmix.net/png_h/8fac40b2fe24e09293d7a4d46b4a2fcea0ce220bba89d34e97d8ad9322a442fb20251013.png","https://pigfarmmix.net/png_h/8fac40b2fe24e09293d7a4d46b4a2fcea0ce220bba89d34e97d8ad9322a442fb20251013.png",""
"677","天照大豬","https://pigfarmmix.net/#/pig/677","https://pigfarmmix.net/png_h/d6a93fbbc38bb40fd553d633d81a260e71d63e4012626a4e643b46b65261f07920251013.png","https://pigfarmmix.net/png_h/8fac40b2fe24e09293d7a4d46b4a2fcea0ce220bba89d34e97d8ad9322a442fb20251013.png","不挑食","1","0 小時","58 分鐘","8 小時","https://pigfarmmix.net/png_h/a68119aa8a6ceba07cf7cd15c2c4ea3a6f2a3313e58a78a2ec1216d15999fb8f20251013.png","白色 [活動圖鑑]","≤ 120.0 kg","≥ 120.0 kg","10000 pt","https://pigfarmmix.net/png_h/d48df30397ce33593ddd99a7039b689c0ca8147be77810da82091e7db2ac5ba720251013.png","14.90%","https://pigfarmmix.net/png_h/8fac40b2fe24e09293d7a4d46b4a2fcea0ce220bba89d34e97d8ad9322a442fb20251013.png","https://pigfarmmix.net/png_h/8fac40b2fe24e09293d7a4d46b4a2fcea0ce220bba89d34e97d8ad9322a442fb20251013.png","https://pigfarmmix.net/png_h/8fac40b2fe24e09293d7a4d46b4a2fcea0ce220bba89d34e97d8ad9322a442fb20251013.png","https://pigfarmmix.net/png_h/8fac40b2fe24e09293d7a4d46b4a2fcea0ce220bba89d34e97d8ad9322a442fb20251013.png"
"678","月讀豬","https://pigfarmmix.net/#/pig/678","https://pigfarmmix.net/png_h/22f3e29cddfe75da4f93fe30d9510268981420f4273cd41dc1aa0767043d61b420251013.png","https://pigfarmmix.net/png_h/8fac40b2fe24e09293d7a4d46b4a2fcea0ce220bba89d34e97d8ad9322a442fb20251013.png","不挑食","1","0 小時","58 分鐘","8 小時","https://pigfarmmix.net/png_h/a68119aa8a6ceba07cf7cd15c2c4ea3a6f2a3313e58a78a2ec1216d15999fb8f20251013.png","白色 [活動圖鑑]","≤ 120.0 kg","≥ 120.0 kg","10000 pt","https://pigfarmmix.net/png_h/d48df30397ce33593ddd99a7039b689c0ca8147be77810da82091e7db2ac5ba720251013.png","","https://pigfarmmix.net/png_h/8fac40b2fe24e09293d7a4d46b4a2fcea0ce220bba89d34e97d8ad9322a442fb20251013.png","https://pigfarmmix.net/png_h/8fac40b2fe24e09293d7a4d46b4a2fcea0ce220bba89d34e97d8ad9322a442fb20251013.png","https://pigfarmmix.net/png_h/8fac40b2fe24e09293d7a4d46b4a2fcea0ce220bba89d34e97d8ad9322a442fb20251013.png","https://pigfarmmix.net/png_h/8fac40b2fe24e09293d7a4d46b4a2fcea0ce220bba89d34e97d8ad9322a442fb20251013.png"
"679","豬佐之男命","https://pigfarmmix.net/#/pig/679","https://pigfarmmix.net/png_h/95e72c0aa2198dc8747d70846317835292a682182a977c5d43c9b63898f66be720251013.png","https://pigfarmmix.net/png_h/8fac40b2fe24e09293d7a4d46b4a2fcea0ce220bba89d34e97d8ad9322a442fb20251013.png","不挑食","1","0 小時","58 分鐘","8 小時","https://pigfarmmix.net/png_h/a68119aa8a6ceba07cf7cd15c2c4ea3a6f2a3313e58a78a2ec1216d15999fb8f20251013.png","白色 [活動圖鑑]","≤ 120.0 kg","≥ 120.0 kg","10000 pt","https://pigfarmmix.net/png_h/d48df30397ce33593ddd99a7039b689c0ca8147be77810da82091e7db2ac5ba720251013.png","","https://pigfarmmix.net/png_h/8fac40b2fe24e09293d7a4d46b4a2fcea0ce220bba89d34e97d8ad9322a442fb20251013.png","https://pigfarmmix.net/png_h/8fac40b2fe24e09293d7a4d46b4a2fcea0ce220bba89d34e97d8ad9322a442fb20251013.png","https://pigfarmmix.net/png_h/8fac40b2fe24e09293d7a4d46b4a2fcea0ce220bba89d34e97d8ad9322a442fb20251013.png","https://pigfarmmix.net/png_h/8fac40b2fe24e09293d7a4d46b4a2fcea0ce220bba89d34e97d8ad9322a442fb20251013.png"
"680","肉包豬","https://pigfarmmix.net/#/pig/680","https://pigfarmmix.net/png_h/a163501e90cecba5454743692b32862a3ad9ca1784e019231e779038e949e9ba20251013.png","https://pigfarmmix.net/png_h/8fac40b2fe24e09293d7a4d46b4a2fcea0ce220bba89d34e97d8ad9322a442fb20251013.png","不挑食","4","0 小時","58 分鐘","11 小時","https://pigfarmmix.net/png_h/a68119aa8a6ceba07cf7cd15c2c4ea3a6f2a3313e58a78a2ec1216d15999fb8f20251013.png","白色 [活動圖鑑]","≤ 120.0 kg","≥ 120.0 kg","3500 pt","","","https://pigfarmmix.net/png_h/8fac40b2fe24e09293d7a4d46b4a2fcea0ce220bba89d34e97d8ad9322a442fb20251013.png","https://pigfarmmix.net/png_h/8fac40b2fe24e09293d7a4d46b4a2fcea0ce220bba89d34e97d8ad9322a442fb20251013.png","",""
"681","火雞豬","https://pigfarmmix.net/#/pig/681","https://pigfarmmix.net/png_h/36c4be63c26f5cee1991bbc086d9d1c32df7241597c3db586ac40df898a694ee20251013.png","https://pigfarmmix.net/png_h/8fac40b2fe24e09293d7a4d46b4a2fcea0ce220bba89d34e97d8ad9322a442fb20251013.png","","2","60 分鐘","1 小時","16 小時","https://pigfarmmix.net/png_h/a6752c7f9968b9961d0e91ae2083fce3f62ee7ac7f4c8d0a45c0a32bae70c8f620251013.png","肉色 [活動圖鑑]","≤ 120.0 kg","≥ 120.0 kg","3500 pt","https://pigfarmmix.net/png_h/d48df30397ce33593ddd99a7039b689c0ca8147be77810da82091e7db2ac5ba720251013.png","","https://pigfarmmix.net/png_h/8fac40b2fe24e09293d7a4d46b4a2fcea0ce220bba89d34e97d8ad9322a442fb20251013.png","https://pigfarmmix.net/png_h/8fac40b2fe24e09293d7a4d46b4a2fcea0ce220bba89d34e97d8ad9322a442fb20251013.png","",""
"682","薑餅豬","https://pigfarmmix.net/#/pig/682","https://pigfarmmix.net/png_h/3e0b4d70c10356680f6eeb8547649ad28847337976c0ade2ddf24321f44a061b20251013.png","https://pigfarmmix.net/png_h/8fac40b2fe24e09293d7a4d46b4a2fcea0ce220bba89d34e97d8ad9322a442fb20251013.png","","2","0 小時","58 分鐘","12 小時","https://pigfarmmix.net/png_h/9fc1edfa8a25ba821f32de73ee24d6907de827874d33d8400a273fbe122ac58920251013.png","米色 [活動圖鑑]","≤ 120.0 kg","≥ 120.0 kg","3000 pt","https://pigfarmmix.net/png_h/ae37f6e04cdc1a9c13b5d505e598173fcce41b6af8074c98d775c0f1c6b04d6c20251013.png","","https://pigfarmmix.net/png_h/8fac40b2fe24e09293d7a4d46b4a2fcea0ce220bba89d34e97d8ad9322a442fb20251013.png","https://pigfarmmix.net/png_h/8fac40b2fe24e09293d7a4d46b4a2fcea0ce220bba89d34e97d8ad9322a442fb20251013.png","",""
"683","鍋鍋豬","https://pigfarmmix.net/#/pig/683","https://pigfarmmix.net/png_h/f017c719da9c9a198b116e632351596ff49f0ec65b2a3deb714c3bc84e19fe4d20251013.png","https://pigfarmmix.net/png_h/8fac40b2fe24e09293d7a4d46b4a2fcea0ce220bba89d34e97d8ad9322a442fb20251013.png","","4","0 小時","58 分鐘","18 小時","https://pigfarmmix.net/png_h/a68119aa8a6ceba07cf7cd15c2c4ea3a6f2a3313e58a78a2ec1216d15999fb8f20251013.png","白色 [活動圖鑑]","≤ 120.0 kg","≥ 120.0 kg","3000 pt","https://pigfarmmix.net/png_h/a7c17665173739b203d7fab5046bd82964e973f62b1c34834f032ecb6c99fff520251013.png","","https://pigfarmmix.net/png_h/8fac40b2fe24e09293d7a4d46b4a2fcea0ce220bba89d34e97d8ad9322a442fb20251013.png","https://pigfarmmix.net/png_h/8fac40b2fe24e09293d7a4d46b4a2fcea0ce220bba89d34e97d8ad9322a442fb20251013.png","",""
"684","科學怪豬","https://pigfarmmix.net/#/pig/684","https://pigfarmmix.net/png_h/9096ee6fdc81b0eeac3b351af9f270d65942fde69c406936d092ec89882f150c20251013.png","https://pigfarmmix.net/png_h/8fac40b2fe24e09293d7a4d46b4a2fcea0ce220bba89d34e97d8ad9322a442fb20251013.png","不挑食","4","0 小時","58 分鐘","20 小時","https://pigfarmmix.net/png_h/46827eaf3344f3d5d59295ae2c237b7ef05252fa01f7f38bb1e57ac062d9c15520251013.png","粉紅 [活動圖鑑]","≤ 120.0 kg","≥ 120.0 kg","4000 pt","","","https://pigfarmmix.net/png_h/8fac40b2fe24e09293d7a4d46b4a2fcea0ce220bba89d34e97d8ad9322a442fb20251013.png","https://pigfarmmix.net/png_h/8fac40b2fe24e09293d7a4d46b4a2fcea0ce220bba89d34e97d8ad9322a442fb20251013.png","https://pigfarmmix.net/png_h/8fac40b2fe24e09293d7a4d46b4a2fcea0ce220bba89d34e97d8ad9322a442fb20251013.png",""
"685","木乃伊豬","https://pigfarmmix.net/#/pig/685","https://pigfarmmix.net/png_h/6f07a91aba905742631cef69c9352cb8c90bc3e88a4a6e7223402bfa69a898a720251013.png","https://pigfarmmix.net/png_h/8fac40b2fe24e09293d7a4d46b4a2fcea0ce220bba89d34e97d8ad9322a442fb20251013.png","不挑食","1","60 分鐘","1 小時","12 小時","https://pigfarmmix.net/png_h/97cbaccfa405480612d3bf7e152c0f7f8d8507099b5839dfa19df61f5181feec20251013.png","灰色 [活動圖鑑]","≤ 120.0 kg","≥ 120.0 kg","3000 pt","","","https://pigfarmmix.net/png_h/8fac40b2fe24e09293d7a4d46b4a2fcea0ce220bba89d34e97d8ad9322a442fb20251013.png","https://pigfarmmix.net/png_h/8fac40b2fe24e09293d7a4d46b4a2fcea0ce220bba89d34e97d8ad9322a442fb20251013.png","",""
"686","奧丁豬","https://pigfarmmix.net/#/pig/686","https://pigfarmmix.net/png_h/3bafec97260f9c18091a1fbc0fcf57751f26e88e2edf278e478ca5154220946220251013.png","https://pigfarmmix.net/png_h/8fac40b2fe24e09293d7a4d46b4a2fcea0ce220bba89d34e97d8ad9322a442fb20251013.png","不挑食","0","0 小時","58 分鐘","9 小時","https://pigfarmmix.net/png_h/811992418c93eac5c6722e48989ba638bc739f8c763e8aa6fccb0cdb69e091ae20251013.png","野豬 [活動圖鑑]","≤ 120.0 kg","≥ 120.0 kg","10000 pt","","27.34%","https://pigfarmmix.net/png_h/8fac40b2fe24e09293d7a4d46b4a2fcea0ce220bba89d34e97d8ad9322a442fb20251013.png","https://pigfarmmix.net/png_h/8fac40b2fe24e09293d7a4d46b4a2fcea0ce220bba89d34e97d8ad9322a442fb20251013.png","https://pigfarmmix.net/png_h/8fac40b2fe24e09293d7a4d46b4a2fcea0ce220bba89d34e97d8ad9322a442fb20251013.png","https://pigfarmmix.net/png_h/8fac40b2fe24e09293d7a4d46b4a2fcea0ce220bba89d34e97d8ad9322a442fb20251013.png"
"687","索爾豬","https://pigfarmmix.net/#/pig/687","https://pigfarmmix.net/png_h/d091bd6a4319dd47b16fbbd2b459725424ea78896bc9fa559c6cd0635f7ee44c20251013.png","https://pigfarmmix.net/png_h/8fac40b2fe24e09293d7a4d46b4a2fcea0ce220bba89d34e97d8ad9322a442fb20251013.png","不挑食","0","0 小時","58 分鐘","9 小時","https://pigfarmmix.net/png_h/811992418c93eac5c6722e48989ba638bc739f8c763e8aa6fccb0cdb69e091ae20251013.png","野豬 [活動圖鑑]","≤ 120.0 kg","≥ 120.0 kg","10000 pt","","","https://pigfarmmix.net/png_h/8fac40b2fe24e09293d7a4d46b4a2fcea0ce220bba89d34e97d8ad9322a442fb20251013.png","https://pigfarmmix.net/png_h/8fac40b2fe24e09293d7a4d46b4a2fcea0ce220bba89d34e97d8ad9322a442fb20251013.png","https://pigfarmmix.net/png_h/8fac40b2fe24e09293d7a4d46b4a2fcea0ce220bba89d34e97d8ad9322a442fb20251013.png","https://pigfarmmix.net/png_h/8fac40b2fe24e09293d7a4d46b4a2fcea0ce220bba89d34e97d8ad9322a442fb20251013.png"
"688","弗雷豬","https://pigfarmmix.net/#/pig/688","https://pigfarmmix.net/png_h/6f79eb1930bf436e9f481c04a8ec561afee1c4a75c6e833510e89b9d4e333d7020251013.png","https://pigfarmmix.net/png_h/8fac40b2fe24e09293d7a4d46b4a2fcea0ce220bba89d34e97d8ad9322a442fb20251013.png","不挑食","0","0 小時","58 分鐘","9 小時","https://pigfarmmix.net/png_h/811992418c93eac5c6722e48989ba638bc739f8c763e8aa6fccb0cdb69e091ae20251013.png","野豬 [活動圖鑑]","≤ 120.0 kg","≥ 120.0 kg","10000 pt","","","https://pigfarmmix.net/png_h/8fac40b2fe24e09293d7a4d46b4a2fcea0ce220bba89d34e97d8ad9322a442fb20251013.png","https://pigfarmmix.net/png_h/8fac40b2fe24e09293d7a4d46b4a2fcea0ce220bba89d34e97d8ad9322a442fb20251013.png","https://pigfarmmix.net/png_h/8fac40b2fe24e09293d7a4d46b4a2fcea0ce220bba89d34e97d8ad9322a442fb20251013.png","https://pigfarmmix.net/png_h/8fac40b2fe24e09293d7a4d46b4a2fcea0ce220bba89d34e97d8ad9322a442fb20251013.png"
"689","風箏豬","https://pigfarmmix.net/#/pig/689","https://pigfarmmix.net/png_h/579e38ae5b44170ea734a01f39a603eaf0d023f1be97b1470869026de4f0f0a220251013.png","https://pigfarmmix.net/png_h/8fac40b2fe24e09293d7a4d46b4a2fcea0ce220bba89d34e97d8ad9322a442fb20251013.png","不挑食","1","0 小時","58 分鐘","12 小時","https://pigfarmmix.net/png_h/a68119aa8a6ceba07cf7cd15c2c4ea3a6f2a3313e58a78a2ec1216d15999fb8f20251013.png","白色 [活動圖鑑]","≤ 120.0 kg","≥ 120.0 kg","3000 pt","","","https://pigfarmmix.net/png_h/8fac40b2fe24e09293d7a4d46b4a2fcea0ce220bba89d34e97d8ad9322a442fb20251013.png","https://pigfarmmix.net/png_h/8fac40b2fe24e09293d7a4d46b4a2fcea0ce220bba89d34e97d8ad9322a442fb20251013.png","",""
"690","初夢豬","https://pigfarmmix.net/#/pig/690","https://pigfarmmix.net/png_h/0193e841f2e86c1e5b2b0da81d319c5b21195f6e5ce272906ee750a763dbaa1220251013.png","https://pigfarmmix.net/png_h/8fac40b2fe24e09293d7a4d46b4a2fcea0ce220bba89d34e97d8ad9322a442fb20251013.png","","3","60 分鐘","1 小時","20 小時","https://pigfarmmix.net/png_h/9fc1edfa8a25ba821f32de73ee24d6907de827874d33d8400a273fbe122ac58920251013.png","米色 [活動圖鑑]","≤ 120.0 kg","≥ 120.0 kg","5500 pt","https://pigfarmmix.net/png_h/d48df30397ce33593ddd99a7039b689c0ca8147be77810da82091e7db2ac5ba720251013.png","","https://pigfarmmix.net/png_h/8fac40b2fe24e09293d7a4d46b4a2fcea0ce220bba89d34e97d8ad9322a442fb20251013.png","https://pigfarmmix.net/png_h/8fac40b2fe24e09293d7a4d46b4a2fcea0ce220bba89d34e97d8ad9322a442fb20251013.png","https://pigfarmmix.net/png_h/8fac40b2fe24e09293d7a4d46b4a2fcea0ce220bba89d34e97d8ad9322a442fb20251013.png","https://pigfarmmix.net/png_h/8fac40b2fe24e09293d7a4d46b4a2fcea0ce220bba89d34e97d8ad9322a442fb20251013.png"
"691","惠方卷豬","https://pigfarmmix.net/#/pig/691","https://pigfarmmix.net/png_h/212a091912af3959669ccfe4a3472a117dee5afe542e988ac367e397ee8628e920251013.png","https://pigfarmmix.net/png_h/8fac40b2fe24e09293d7a4d46b4a2fcea0ce220bba89d34e97d8ad9322a442fb20251013.png","","3","60 分鐘","1 小時","23 小時","https://pigfarmmix.net/png_h/46827eaf3344f3d5d59295ae2c237b7ef05252fa01f7f38bb1e57ac062d9c15520251013.png","粉紅 [活動圖鑑]","≤ 120.0 kg","≥ 120.0 kg","4000 pt","https://pigfarmmix.net/png_h/a7c17665173739b203d7fab5046bd82964e973f62b1c34834f032ecb6c99fff520251013.png","","https://pigfarmmix.net/png_h/8fac40b2fe24e09293d7a4d46b4a2fcea0ce220bba89d34e97d8ad9322a442fb20251013.png","https://pigfarmmix.net/png_h/8fac40b2fe24e09293d7a4d46b4a2fcea0ce220bba89d34e97d8ad9322a442fb20251013.png","https://pigfarmmix.net/png_h/8fac40b2fe24e09293d7a4d46b4a2fcea0ce220bba89d34e97d8ad9322a442fb20251013.png",""
"692","冰柱豬","https://pigfarmmix.net/#/pig/692","https://pigfarmmix.net/png_h/48360c4ae9ff8235fbef787639ad5bae2a23f12cfc5bf2ad0e2e5ded781e709a20251013.png","https://pigfarmmix.net/png_h/8fac40b2fe24e09293d7a4d46b4a2fcea0ce220bba89d34e97d8ad9322a442fb20251013.png","不挑食","1","0 小時","58 分鐘","10 小時","https://pigfarmmix.net/png_h/a68119aa8a6ceba07cf7cd15c2c4ea3a6f2a3313e58a78a2ec1216d15999fb8f20251013.png","白色 [活動圖鑑]","≤ 120.0 kg","≥ 120.0 kg","3000 pt","","","https://pigfarmmix.net/png_h/8fac40b2fe24e09293d7a4d46b4a2fcea0ce220bba89d34e97d8ad9322a442fb20251013.png","https://pigfarmmix.net/png_h/8fac40b2fe24e09293d7a4d46b4a2fcea0ce220bba89d34e97d8ad9322a442fb20251013.png","",""
"693","勇者叉燒","https://pigfarmmix.net/#/pig/693","https://pigfarmmix.net/png_h/3c90e4e304b2c6007332d2c137f4999b5ea78802c19c37318639aa166ce0706d20251013.png","https://pigfarmmix.net/png_h/8fac40b2fe24e09293d7a4d46b4a2fcea0ce220bba89d34e97d8ad9322a442fb20251013.png","","2","60 分鐘","1 小時","16 小時","https://pigfarmmix.net/png_h/a6752c7f9968b9961d0e91ae2083fce3f62ee7ac7f4c8d0a45c0a32bae70c8f620251013.png","肉色 [活動圖鑑]","≤ 120.0 kg","≥ 120.0 kg","5000 pt","https://pigfarmmix.net/png_h/1083a39a293067c36e6e25b013d3a87904536ffef5349212d9a97fae8ca2b74420251013.png","","https://pigfarmmix.net/png_h/8fac40b2fe24e09293d7a4d46b4a2fcea0ce220bba89d34e97d8ad9322a442fb20251013.png","https://pigfarmmix.net/png_h/8fac40b2fe24e09293d7a4d46b4a2fcea0ce220bba89d34e97d8ad9322a442fb20251013.png","https://pigfarmmix.net/png_h/8fac40b2fe24e09293d7a4d46b4a2fcea0ce220bba89d34e97d8ad9322a442fb20251013.png",""
"694","魔導士糖醋肉","https://pigfarmmix.net/#/pig/694","https://pigfarmmix.net/png_h/c7595c289c4b9ef1b1fd6a8f4732e860aabc0e95dca4dcb8c4eb01e633dccd6620251013.png","https://pigfarmmix.net/png_h/8fac40b2fe24e09293d7a4d46b4a2fcea0ce220bba89d34e97d8ad9322a442fb20251013.png","","2","0 小時","58 分鐘","12 小時","https://pigfarmmix.net/png_h/6585446bb2af50be3aaaf28d138c7bd5f2737b0e067ed0f28fa97b1f6b396d8020251013.png","肉色 [活動圖鑑]","≤ 120.0 kg","≥ 120.0 kg","4000 pt","https://pigfarmmix.net/png_h/a7c17665173739b203d7fab5046bd82964e973f62b1c34834f032ecb6c99fff520251013.png","","https://pigfarmmix.net/png_h/8fac40b2fe24e09293d7a4d46b4a2fcea0ce220bba89d34e97d8ad9322a442fb20251013.png","https://pigfarmmix.net/png_h/8fac40b2fe24e09293d7a4d46b4a2fcea0ce220bba89d34e97d8ad9322a442fb20251013.png","",""
"695","戰士豬排","https://pigfarmmix.net/#/pig/695","https://pigfarmmix.net/png_h/0908ef1a8ad13cb82591d58ca7f18e125a6187f8de019d697073f5e32337be2620251013.png","https://pigfarmmix.net/png_h/8fac40b2fe24e09293d7a4d46b4a2fcea0ce220bba89d34e97d8ad9322a442fb20251013.png","不挑食","4","0 小時","58 分鐘","18 小時","https://pigfarmmix.net/png_h/811992418c93eac5c6722e48989ba638bc739f8c763e8aa6fccb0cdb69e091ae20251013.png","野豬 [活動圖鑑]","≤ 120.0 kg","≥ 120.0 kg","4000 pt","","","https://pigfarmmix.net/png_h/8fac40b2fe24e09293d7a4d46b4a2fcea0ce220bba89d34e97d8ad9322a442fb20251013.png","https://pigfarmmix.net/png_h/8fac40b2fe24e09293d7a4d46b4a2fcea0ce220bba89d34e97d8ad9322a442fb20251013.png","",""
"696","侯麗豬","https://pigfarmmix.net/#/pig/696","https://pigfarmmix.net/png_h/2b6772ce30662768a51e07cdec3c543956ae4f21c498a3d62913c0292268d4c420251013.png","https://pigfarmmix.net/png_h/8fac40b2fe24e09293d7a4d46b4a2fcea0ce220bba89d34e97d8ad9322a442fb20251013.png","","3","0 小時","58 分鐘","11 小時","https://pigfarmmix.net/png_h/9fc1edfa8a25ba821f32de73ee24d6907de827874d33d8400a273fbe122ac58920251013.png","米色 [活動圖鑑]","≤ 120.0 kg","≥ 120.0 kg","4000 pt","https://pigfarmmix.net/png_h/a7c17665173739b203d7fab5046bd82964e973f62b1c34834f032ecb6c99fff520251013.png","","https://pigfarmmix.net/png_h/8fac40b2fe24e09293d7a4d46b4a2fcea0ce220bba89d34e97d8ad9322a442fb20251013.png","https://pigfarmmix.net/png_h/8fac40b2fe24e09293d7a4d46b4a2fcea0ce220bba89d34e97d8ad9322a442fb20251013.png","https://pigfarmmix.net/png_h/8fac40b2fe24e09293d7a4d46b4a2fcea0ce220bba89d34e97d8ad9322a442fb20251013.png",""
"697","聖派翠克豬","https://pigfarmmix.net/#/pig/697","https://pigfarmmix.net/png_h/2646beec00608d43e6167c910fa94b21ed312dcdabeb3fe265a85379d060e34a20251013.png","https://pigfarmmix.net/png_h/8fac40b2fe24e09293d7a4d46b4a2fcea0ce220bba89d34e97d8ad9322a442fb20251013.png","","1","60 分鐘","1 小時","17 小時","https://pigfarmmix.net/png_h/46827eaf3344f3d5d59295ae2c237b7ef05252fa01f7f38bb1e57ac062d9c15520251013.png","粉紅 [活動圖鑑]","≤ 120.0 kg","≥ 120.0 kg","3500 pt","https://pigfarmmix.net/png_h/ae37f6e04cdc1a9c13b5d505e598173fcce41b6af8074c98d775c0f1c6b04d6c20251013.png","","https://pigfarmmix.net/png_h/8fac40b2fe24e09293d7a4d46b4a2fcea0ce220bba89d34e97d8ad9322a442fb20251013.png","https://pigfarmmix.net/png_h/8fac40b2fe24e09293d7a4d46b4a2fcea0ce220bba89d34e97d8ad9322a442fb20251013.png","",""
"698","豐臣豬吉","https://pigfarmmix.net/#/pig/698","https://pigfarmmix.net/png_h/6d8a53ae286e5c8531e44c4677d0f80d689e1e1615ddc81f3f29e84f88c3cc9a20251013.png","https://pigfarmmix.net/png_h/8fac40b2fe24e09293d7a4d46b4a2fcea0ce220bba89d34e97d8ad9322a442fb20251013.png","不挑食","1","0 小時","58 分鐘","8 小時","https://pigfarmmix.net/png_h/a6752c7f9968b9961d0e91ae2083fce3f62ee7ac7f4c8d0a45c0a32bae70c8f620251013.png","肉色 [活動圖鑑]","≤ 120.0 kg","≥ 120.0 kg","10000 pt","https://pigfarmmix.net/png_h/d48df30397ce33593ddd99a7039b689c0ca8147be77810da82091e7db2ac5ba720251013.png","11.32%","https://pigfarmmix.net/png_h/8fac40b2fe24e09293d7a4d46b4a2fcea0ce220bba89d34e97d8ad9322a442fb20251013.png","https://pigfarmmix.net/png_h/8fac40b2fe24e09293d7a4d46b4a2fcea0ce220bba89d34e97d8ad9322a442fb20251013.png","https://pigfarmmix.net/png_h/8fac40b2fe24e09293d7a4d46b4a2fcea0ce220bba89d34e97d8ad9322a442fb20251013.png","https://pigfarmmix.net/png_h/8fac40b2fe24e09293d7a4d46b4a2fcea0ce220bba89d34e97d8ad9322a442fb20251013.png"
"699","羽柴豬吉","https://pigfarmmix.net/#/pig/699","https://pigfarmmix.net/png_h/58aff71ac06aedcb0fd9ddb3cb52464a60860868e55f90102c1231d1ed7bd3a920251013.png","https://pigfarmmix.net/png_h/8fac40b2fe24e09293d7a4d46b4a2fcea0ce220bba89d34e97d8ad9322a442fb20251013.png","不挑食","0","0 小時","58 分鐘","8 小時","https://pigfarmmix.net/png_h/a6752c7f9968b9961d0e91ae2083fce3f62ee7ac7f4c8d0a45c0a32bae70c8f620251013.png","肉色 [活動圖鑑]","≤ 120.0 kg","≥ 120.0 kg","5000 pt","","","https://pigfarmmix.net/png_h/8fac40b2fe24e09293d7a4d46b4a2fcea0ce220bba89d34e97d8ad9322a442fb20251013.png","https://pigfarmmix.net/png_h/8fac40b2fe24e09293d7a4d46b4a2fcea0ce220bba89d34e97d8ad9322a442fb20251013.png","https://pigfarmmix.net/png_h/8fac40b2fe24e09293d7a4d46b4a2fcea0ce220bba89d34e97d8ad9322a442fb20251013.png",""
"800","特別的伯克夏豬","https://pigfarmmix.net/#/pig/800","https://pigfarmmix.net/png_h/0d799c15073e9786306cdd0ff1d64379b11f105edc50b363ea537cd57565091f20251013.png","https://pigfarmmix.net/png_h/03e3e13252adb926e796ced8fc43df1331408f8195521c86f8ec25da3105eb6720251013.png","","1","0 小時","58 分鐘","12 小時","https://pigfarmmix.net/png_h/97cbaccfa405480612d3bf7e152c0f7f8d8507099b5839dfa19df61f5181feec20251013.png","灰色","≤ 121.0 kg","≥ 1,119.0 kg","700 pt","https://pigfarmmix.net/png_h/8634aa677090b5bfca798d786e8ef2e14d04de87c2335c7e4a7052c45d83ddd120251013.png","","","","",""
"801","特別的雜種豬(灰色)","https://pigfarmmix.net/#/pig/801","https://pigfarmmix.net/png_h/6545dc63fd08cf646bc09e93105d55b840df5c24a9877cd396261c3d5f8e9fd820251013.png","https://pigfarmmix.net/png_h/03e3e13252adb926e796ced8fc43df1331408f8195521c86f8ec25da3105eb6720251013.png","","1","0 小時","58 分鐘","4 小時","https://pigfarmmix.net/png_h/97cbaccfa405480612d3bf7e152c0f7f8d8507099b5839dfa19df61f5181feec20251013.png","灰色","≤ 121.0 kg","≥ 1,119.0 kg","700 pt","https://pigfarmmix.net/png_h/8634aa677090b5bfca798d786e8ef2e14d04de87c2335c7e4a7052c45d83ddd120251013.png","","","","",""
"802","特別的雜種豬(肉色)","https://pigfarmmix.net/#/pig/802","https://pigfarmmix.net/png_h/e679058d38e547de2ee12d64e27f99dd674d25771a802276240c180e1dd65faf20251013.png","https://pigfarmmix.net/png_h/03e3e13252adb926e796ced8fc43df1331408f8195521c86f8ec25da3105eb6720251013.png","不挑食","1","0 小時","58 分鐘","4 小時","https://pigfarmmix.net/png_h/a6752c7f9968b9961d0e91ae2083fce3f62ee7ac7f4c8d0a45c0a32bae70c8f620251013.png","肉色","≤ 121.0 kg","≥ 1,119.0 kg","700 pt","","","","","",""
"803","特別的雜種豬2(肉色)","https://pigfarmmix.net/#/pig/803","https://pigfarmmix.net/png_h/e679058d38e547de2ee12d64e27f99dd674d25771a802276240c180e1dd65faf20251013.png","https://pigfarmmix.net/png_h/03e3e13252adb926e796ced8fc43df1331408f8195521c86f8ec25da3105eb6720251013.png","不挑食","1","0 小時","58 分鐘","4 小時","https://pigfarmmix.net/png_h/a6752c7f9968b9961d0e91ae2083fce3f62ee7ac7f4c8d0a45c0a32bae70c8f620251013.png","肉色","≤ 121.0 kg","≥ 1,119.0 kg","700 pt","","","","","",""
"804","特別的雜種豬(米色)","https://pigfarmmix.net/#/pig/804","https://pigfarmmix.net/png_h/c026cf71c58bda4b986da61d69affce886b21e2d1d6da414b2d0d0aabbb01aec20251013.png","https://pigfarmmix.net/png_h/03e3e13252adb926e796ced8fc43df1331408f8195521c86f8ec25da3105eb6720251013.png","不挑食","1","0 小時","58 分鐘","6 小時","https://pigfarmmix.net/png_h/9fc1edfa8a25ba821f32de73ee24d6907de827874d33d8400a273fbe122ac58920251013.png","米色","≤ 121.0 kg","≥ 1,119.0 kg","700 pt","","","","","",""
"805","特別的雜種豬2(灰色)","https://pigfarmmix.net/#/pig/805","https://pigfarmmix.net/png_h/6545dc63fd08cf646bc09e93105d55b840df5c24a9877cd396261c3d5f8e9fd820251013.png","https://pigfarmmix.net/png_h/03e3e13252adb926e796ced8fc43df1331408f8195521c86f8ec25da3105eb6720251013.png","","1","0 小時","58 分鐘","4 小時","https://pigfarmmix.net/png_h/97cbaccfa405480612d3bf7e152c0f7f8d8507099b5839dfa19df61f5181feec20251013.png","灰色","≤ 121.0 kg","≥ 1,119.0 kg","700 pt","https://pigfarmmix.net/png_h/1083a39a293067c36e6e25b013d3a87904536ffef5349212d9a97fae8ca2b74420251013.png","","","","",""
"900","老豬","https://pigfarmmix.net/#/pig/900","https://pigfarmmix.net/png_h/4197f1d1b383bd144e82f93a06869ece3613ced69753e93e24558a1d9270c1b620251013.png","","不挑食","0","0 小時","58 分鐘","0 小時","https://pigfarmmix.net/png_h/d3711a48382d864cd3bd7cc35d200ae8fc4813e347d6d9a1d8b400f2c29e311120251013.png","特別 [圖鑑6 頁1#5]","≤ 123.9 kg","≥ 160.0 kg","0 pt","","","","","",""
"901","病豬","https://pigfarmmix.net/#/pig/901","https://pigfarmmix.net/png_h/7f6fdc61bc7afd12e5bed6758fe1451e785c9d236d36d046d7d330b5f47048a320251013.png","","不挑食","0","0 小時","58 分鐘","0 小時","https://pigfarmmix.net/png_h/b7074eae2a1d8f56832bae8006c9ee0b9c6c038b76f37cb2d8fa7c89bdac858720251013.png","特別 [圖鑑6 頁1#6]","≤ 123.9 kg","≥ 160.0 kg","0 pt","","","","","",""
"904","國王豬","https://pigfarmmix.net/#/pig/904","https://pigfarmmix.net/png_h/524c37d20cfd5d2642fc248bb0c054b1c165ebf0fa022addfaa3d6a01d096f1b20251013.png","https://pigfarmmix.net/png_h/03e3e13252adb926e796ced8fc43df1331408f8195521c86f8ec25da3105eb6720251013.png","","15","120 分鐘","2 小時","40 小時","https://pigfarmmix.net/png_h/8ed62a5702bce341c8333797a5b28891210fb9d53f952feedb91d3eb1a22ef8120251013.png","特別 [圖鑑6 頁3#1]","≤ 175.0 kg","≥ 200.0 kg","20000 pt","https://pigfarmmix.net/png_h/0aeaee22846aee8ef0429da1face05360c1fdfd8de57e07bebb2741e67f15e6220251013.png","","https://pigfarmmix.net/png_h/03e3e13252adb926e796ced8fc43df1331408f8195521c86f8ec25da3105eb6720251013.png","https://pigfarmmix.net/png_h/03e3e13252adb926e796ced8fc43df1331408f8195521c86f8ec25da3105eb6720251013.png","https://pigfarmmix.net/png_h/03e3e13252adb926e796ced8fc43df1331408f8195521c86f8ec25da3105eb6720251013.png","https://pigfarmmix.net/png_h/03e3e13252adb926e796ced8fc43df1331408f8195521c86f8ec25da3105eb6720251013.png"
"905","阿爾伯特(假名)","https://pigfarmmix.net/#/pig/905","https://pigfarmmix.net/png_h/bc0859356f857581d47e85cfc412994e807d81a9cefd2b2fbe3490fb7c9b6f7920251013.png","https://pigfarmmix.net/png_h/03e3e13252adb926e796ced8fc43df1331408f8195521c86f8ec25da3105eb6720251013.png","","4","60 分鐘","1 小時","24 小時","https://pigfarmmix.net/png_h/8ed62a5702bce341c8333797a5b28891210fb9d53f952feedb91d3eb1a22ef8120251013.png","特別 [圖鑑6 頁3#2]","≤ 132.5 kg","≥ 191.1 kg","8000 pt","https://pigfarmmix.net/png_h/0aeaee22846aee8ef0429da1face05360c1fdfd8de57e07bebb2741e67f15e6220251013.png","","https://pigfarmmix.net/png_h/03e3e13252adb926e796ced8fc43df1331408f8195521c86f8ec25da3105eb6720251013.png","https://pigfarmmix.net/png_h/03e3e13252adb926e796ced8fc43df1331408f8195521c86f8ec25da3105eb6720251013.png","https://pigfarmmix.net/png_h/03e3e13252adb926e796ced8fc43df1331408f8195521c86f8ec25da3105eb6720251013.png",""
"920","皇后豬","https://pigfarmmix.net/#/pig/920","https://pigfarmmix.net/png_h/f41ac768e7cc6f21f0e73fa80d84d4a0907c5bb81499da762ea46382c16892e020251013.png","https://pigfarmmix.net/png_h/03e3e13252adb926e796ced8fc43df1331408f8195521c86f8ec25da3105eb6720251013.png","不挑食","15","120 分鐘","2 小時","40 小時","https://pigfarmmix.net/png_h/c77884f897ebff16580636c0fd132f05b2bdc441106ec32009556794a38067f320251013.png","特別 [圖鑑6 頁3#4]","≤ 180.0 kg","≥ 205.0 kg","20000 pt","","","https://pigfarmmix.net/png_h/03e3e13252adb926e796ced8fc43df1331408f8195521c86f8ec25da3105eb6720251013.png","https://pigfarmmix.net/png_h/03e3e13252adb926e796ced8fc43df1331408f8195521c86f8ec25da3105eb6720251013.png","https://pigfarmmix.net/png_h/03e3e13252adb926e796ced8fc43df1331408f8195521c86f8ec25da3105eb6720251013.png","https://pigfarmmix.net/png_h/03e3e13252adb926e796ced8fc43df1331408f8195521c86f8ec25da3105eb6720251013.png"
"921","伊麗莎白(假名)","https://pigfarmmix.net/#/pig/921","https://pigfarmmix.net/png_h/9f85a3e46bd658357db41db3ec892078dec434330a339d94a905c4599cee540220251013.png","https://pigfarmmix.net/png_h/03e3e13252adb926e796ced8fc43df1331408f8195521c86f8ec25da3105eb6720251013.png","不挑食","4","60 分鐘","1 小時","24 小時","https://pigfarmmix.net/png_h/c77884f897ebff16580636c0fd132f05b2bdc441106ec32009556794a38067f320251013.png","特別 [圖鑑6 頁3#5]","≤ 132.5 kg","≥ 191.1 kg","8000 pt","","","https://pigfarmmix.net/png_h/03e3e13252adb926e796ced8fc43df1331408f8195521c86f8ec25da3105eb6720251013.png","https://pigfarmmix.net/png_h/03e3e13252adb926e796ced8fc43df1331408f8195521c86f8ec25da3105eb6720251013.png","https://pigfarmmix.net/png_h/03e3e13252adb926e796ced8fc43df1331408f8195521c86f8ec25da3105eb6720251013.png",""
"1000","木下豬吉郎","https://pigfarmmix.net/#/pig/1000","https://pigfarmmix.net/png_h/27a4539ac3baff6474f1924872bd6acbe3857b15fb3280a21bc9fa727e85fc7920251013.png","https://pigfarmmix.net/png_h/8fac40b2fe24e09293d7a4d46b4a2fcea0ce220bba89d34e97d8ad9322a442fb20251013.png","不挑食","1","0 小時","58 分鐘","8 小時","https://pigfarmmix.net/png_h/a6752c7f9968b9961d0e91ae2083fce3f62ee7ac7f4c8d0a45c0a32bae70c8f620251013.png","肉色 [活動圖鑑]","≤ 120.0 kg","≥ 120.0 kg","3000 pt","https://pigfarmmix.net/png_h/d48df30397ce33593ddd99a7039b689c0ca8147be77810da82091e7db2ac5ba720251013.png","","https://pigfarmmix.net/png_h/8fac40b2fe24e09293d7a4d46b4a2fcea0ce220bba89d34e97d8ad9322a442fb20251013.png","https://pigfarmmix.net/png_h/8fac40b2fe24e09293d7a4d46b4a2fcea0ce220bba89d34e97d8ad9322a442fb20251013.png","",""
"1001","鈴蘭豬","https://pigfarmmix.net/#/pig/1001","https://pigfarmmix.net/png_h/66273a88772af3f6d4dd1c3d2ca6942533c3206095e2050e02969f503d92048c20251013.png","https://pigfarmmix.net/png_h/8fac40b2fe24e09293d7a4d46b4a2fcea0ce220bba89d34e97d8ad9322a442fb20251013.png","","2","0 小時","58 分鐘","15 小時","https://pigfarmmix.net/png_h/a68119aa8a6ceba07cf7cd15c2c4ea3a6f2a3313e58a78a2ec1216d15999fb8f20251013.png","白色 [活動圖鑑]","≤ 120.0 kg","≥ 120.0 kg","3000 pt","https://pigfarmmix.net/png_h/d48df30397ce33593ddd99a7039b689c0ca8147be77810da82091e7db2ac5ba720251013.png","","https://pigfarmmix.net/png_h/8fac40b2fe24e09293d7a4d46b4a2fcea0ce220bba89d34e97d8ad9322a442fb20251013.png","https://pigfarmmix.net/png_h/8fac40b2fe24e09293d7a4d46b4a2fcea0ce220bba89d34e97d8ad9322a442fb20251013.png","",""
"1002","潑水豬","https://pigfarmmix.net/#/pig/1002","https://pigfarmmix.net/png_h/6e14ae3ca4a21ea306f216308d7b40c4ec7e9eab0fb78efdc9748d69b819206e20251013.png","https://pigfarmmix.net/png_h/8fac40b2fe24e09293d7a4d46b4a2fcea0ce220bba89d34e97d8ad9322a442fb20251013.png","","2","0 小時","58 分鐘","12 小時","https://pigfarmmix.net/png_h/9fc1edfa8a25ba821f32de73ee24d6907de827874d33d8400a273fbe122ac58920251013.png","米色 [活動圖鑑]","≤ 120.0 kg","≥ 120.0 kg","3000 pt","https://pigfarmmix.net/png_h/d48df30397ce33593ddd99a7039b689c0ca8147be77810da82091e7db2ac5ba720251013.png","","https://pigfarmmix.net/png_h/8fac40b2fe24e09293d7a4d46b4a2fcea0ce220bba89d34e97d8ad9322a442fb20251013.png","https://pigfarmmix.net/png_h/8fac40b2fe24e09293d7a4d46b4a2fcea0ce220bba89d34e97d8ad9322a442fb20251013.png","",""
"1003","豬之子","https://pigfarmmix.net/#/pig/1003","https://pigfarmmix.net/png_h/965decf5929a710344a7e8595f7e6ce9fc6761892b222ea660e60870e24a5c2320251013.png","https://pigfarmmix.net/png_h/8fac40b2fe24e09293d7a4d46b4a2fcea0ce220bba89d34e97d8ad9322a442fb20251013.png","不挑食","2","60 分鐘","1 小時","8 小時","https://pigfarmmix.net/png_h/6585446bb2af50be3aaaf28d138c7bd5f2737b0e067ed0f28fa97b1f6b396d8020251013.png","肉色 [活動圖鑑]","≤ 120.0 kg","≥ 120.0 kg","9000 pt","","0.20%","https://pigfarmmix.net/png_h/8fac40b2fe24e09293d7a4d46b4a2fcea0ce220bba89d34e97d8ad9322a442fb20251013.png","https://pigfarmmix.net/png_h/8fac40b2fe24e09293d7a4d46b4a2fcea0ce220bba89d34e97d8ad9322a442fb20251013.png","https://pigfarmmix.net/png_h/8fac40b2fe24e09293d7a4d46b4a2fcea0ce220bba89d34e97d8ad9322a442fb20251013.png","https://pigfarmmix.net/png_h/8fac40b2fe24e09293d7a4d46b4a2fcea0ce220bba89d34e97d8ad9322a442fb20251013.png"
"1004","卓柏卡布豬","https://pigfarmmix.net/#/pig/1004","https://pigfarmmix.net/png_h/2260b6a5f9204dfb518203af3efcc389056cd1204729d60e552583b4d047a70020251013.png","https://pigfarmmix.net/png_h/8fac40b2fe24e09293d7a4d46b4a2fcea0ce220bba89d34e97d8ad9322a442fb20251013.png","不挑食","4","0 小時","58 分鐘","16 小時","https://pigfarmmix.net/png_h/811992418c93eac5c6722e48989ba638bc739f8c763e8aa6fccb0cdb69e091ae20251013.png","野豬 [活動圖鑑]","≤ 120.0 kg","≥ 120.0 kg","4000 pt","","","https://pigfarmmix.net/png_h/8fac40b2fe24e09293d7a4d46b4a2fcea0ce220bba89d34e97d8ad9322a442fb20251013.png","https://pigfarmmix.net/png_h/8fac40b2fe24e09293d7a4d46b4a2fcea0ce220bba89d34e97d8ad9322a442fb20251013.png","",""
"1005","大豬怪","https://pigfarmmix.net/#/pig/1005","https://pigfarmmix.net/png_h/bcb560ebc381ee5428d92e6164b2bdfdadd0a488e0455fee71bdab963e9d87ca20251013.png","https://pigfarmmix.net/png_h/8fac40b2fe24e09293d7a4d46b4a2fcea0ce220bba89d34e97d8ad9322a442fb20251013.png","","6","0 小時","58 分鐘","24 小時","https://pigfarmmix.net/png_h/811992418c93eac5c6722e48989ba638bc739f8c763e8aa6fccb0cdb69e091ae20251013.png","野豬 [活動圖鑑]","≤ 120.0 kg","≥ 120.0 kg","5000 pt","https://pigfarmmix.net/png_h/a8c431ef04e348d579dbea87991cab0dadc22df86edf1920a8c8e76335bd820c20251013.png","","https://pigfarmmix.net/png_h/8fac40b2fe24e09293d7a4d46b4a2fcea0ce220bba89d34e97d8ad9322a442fb20251013.png","https://pigfarmmix.net/png_h/8fac40b2fe24e09293d7a4d46b4a2fcea0ce220bba89d34e97d8ad9322a442fb20251013.png","https://pigfarmmix.net/png_h/8fac40b2fe24e09293d7a4d46b4a2fcea0ce220bba89d34e97d8ad9322a442fb20251013.png",""
"1006","瓢蟲豬","https://pigfarmmix.net/#/pig/1006","https://pigfarmmix.net/png_h/7535a6bcf2b5a55c1ad192440d4528f6dcb05efbf81d735a7f3debb998d728af20251013.png","https://pigfarmmix.net/png_h/8fac40b2fe24e09293d7a4d46b4a2fcea0ce220bba89d34e97d8ad9322a442fb20251013.png","","1","0 小時","58 分鐘","10 小時","https://pigfarmmix.net/png_h/46827eaf3344f3d5d59295ae2c237b7ef05252fa01f7f38bb1e57ac062d9c15520251013.png","粉紅 [活動圖鑑]","≤ 120.0 kg","≥ 120.0 kg","3000 pt","https://pigfarmmix.net/png_h/d48df30397ce33593ddd99a7039b689c0ca8147be77810da82091e7db2ac5ba720251013.png","","https://pigfarmmix.net/png_h/8fac40b2fe24e09293d7a4d46b4a2fcea0ce220bba89d34e97d8ad9322a442fb20251013.png","https://pigfarmmix.net/png_h/8fac40b2fe24e09293d7a4d46b4a2fcea0ce220bba89d34e97d8ad9322a442fb20251013.png","",""
"1007","撿貝豬","https://pigfarmmix.net/#/pig/1007","https://pigfarmmix.net/png_h/17e3b918e4037f4259f469ba675241f057ebcbfeebbefefb88cf5ab95b98649d20251013.png","https://pigfarmmix.net/png_h/8fac40b2fe24e09293d7a4d46b4a2fcea0ce220bba89d34e97d8ad9322a442fb20251013.png","不挑食","1","60 分鐘","1 小時","12 小時","https://pigfarmmix.net/png_h/9fc1edfa8a25ba821f32de73ee24d6907de827874d33d8400a273fbe122ac58920251013.png","米色 [活動圖鑑]","≤ 120.0 kg","≥ 120.0 kg","3000 pt","","","https://pigfarmmix.net/png_h/8fac40b2fe24e09293d7a4d46b4a2fcea0ce220bba89d34e97d8ad9322a442fb20251013.png","https://pigfarmmix.net/png_h/8fac40b2fe24e09293d7a4d46b4a2fcea0ce220bba89d34e97d8ad9322a442fb20251013.png","",""
"1008","大衛豬王","https://pigfarmmix.net/#/pig/1008","https://pigfarmmix.net/png_h/4656a120d0c76bbb1a0ac077db413fadffef590fbf546e5d962b19f7be4c288c20251013.png","https://pigfarmmix.net/png_h/8fac40b2fe24e09293d7a4d46b4a2fcea0ce220bba89d34e97d8ad9322a442fb20251013.png","不挑食","8","0 小時","58 分鐘","10 小時","https://pigfarmmix.net/png_h/97cbaccfa405480612d3bf7e152c0f7f8d8507099b5839dfa19df61f5181feec20251013.png","灰色 [活動圖鑑]","≤ 120.0 kg","≥ 120.0 kg","10000 pt","","21.35%","https://pigfarmmix.net/png_h/8fac40b2fe24e09293d7a4d46b4a2fcea0ce220bba89d34e97d8ad9322a442fb20251013.png","https://pigfarmmix.net/png_h/8fac40b2fe24e09293d7a4d46b4a2fcea0ce220bba89d34e97d8ad9322a442fb20251013.png","https://pigfarmmix.net/png_h/8fac40b2fe24e09293d7a4d46b4a2fcea0ce220bba89d34e97d8ad9322a442fb20251013.png","https://pigfarmmix.net/png_h/8fac40b2fe24e09293d7a4d46b4a2fcea0ce220bba89d34e97d8ad9322a442fb20251013.png"
"1009","戰士大衛豬","https://pigfarmmix.net/#/pig/1009","https://pigfarmmix.net/png_h/c15dc6ee158f1b6f0d5ad5040f33cdf4a6c332ff0774bc915286742a872d4cf420251013.png","https://pigfarmmix.net/png_h/8fac40b2fe24e09293d7a4d46b4a2fcea0ce220bba89d34e97d8ad9322a442fb20251013.png","不挑食","8","0 小時","58 分鐘","10 小時","https://pigfarmmix.net/png_h/97cbaccfa405480612d3bf7e152c0f7f8d8507099b5839dfa19df61f5181feec20251013.png","灰色 [活動圖鑑]","≤ 120.0 kg","≥ 120.0 kg","5000 pt","","","https://pigfarmmix.net/png_h/8fac40b2fe24e09293d7a4d46b4a2fcea0ce220bba89d34e97d8ad9322a442fb20251013.png","https://pigfarmmix.net/png_h/8fac40b2fe24e09293d7a4d46b4a2fcea0ce220bba89d34e97d8ad9322a442fb20251013.png","https://pigfarmmix.net/png_h/8fac40b2fe24e09293d7a4d46b4a2fcea0ce220bba89d34e97d8ad9322a442fb20251013.png",""
"1010","牧羊大衛豬","https://pigfarmmix.net/#/pig/1010","https://pigfarmmix.net/png_h/dbac01fd8df6e8f1699b86dd616275a5a4bb661e0a085b0bdaac6f4da3f90d9820251013.png","https://pigfarmmix.net/png_h/8fac40b2fe24e09293d7a4d46b4a2fcea0ce220bba89d34e97d8ad9322a442fb20251013.png","不挑食","8","0 小時","58 分鐘","10 小時","https://pigfarmmix.net/png_h/97cbaccfa405480612d3bf7e152c0f7f8d8507099b5839dfa19df61f5181feec20251013.png","灰色 [活動圖鑑]","≤ 120.0 kg","≥ 120.0 kg","3000 pt","","","https://pigfarmmix.net/png_h/8fac40b2fe24e09293d7a4d46b4a2fcea0ce220bba89d34e97d8ad9322a442fb20251013.png","https://pigfarmmix.net/png_h/8fac40b2fe24e09293d7a4d46b4a2fcea0ce220bba89d34e97d8ad9322a442fb20251013.png","",""
"1011","仲夏節豬","https://pigfarmmix.net/#/pig/1011","https://pigfarmmix.net/png_h/761a535275167048566b467de7b9c485afb01027c46666a193812034927b6b2220251013.png","https://pigfarmmix.net/png_h/8fac40b2fe24e09293d7a4d46b4a2fcea0ce220bba89d34e97d8ad9322a442fb20251013.png","","2","0 小時","58 分鐘","24 小時","https://pigfarmmix.net/png_h/a68119aa8a6ceba07cf7cd15c2c4ea3a6f2a3313e58a78a2ec1216d15999fb8f20251013.png","白色 [活動圖鑑]","≤ 120.0 kg","≥ 120.0 kg","4500 pt","https://pigfarmmix.net/png_h/8634aa677090b5bfca798d786e8ef2e14d04de87c2335c7e4a7052c45d83ddd120251013.png","","https://pigfarmmix.net/png_h/8fac40b2fe24e09293d7a4d46b4a2fcea0ce220bba89d34e97d8ad9322a442fb20251013.png","https://pigfarmmix.net/png_h/8fac40b2fe24e09293d7a4d46b4a2fcea0ce220bba89d34e97d8ad9322a442fb20251013.png","https://pigfarmmix.net/png_h/8fac40b2fe24e09293d7a4d46b4a2fcea0ce220bba89d34e97d8ad9322a442fb20251013.png",""
"1012","爸爸豬","https://pigfarmmix.net/#/pig/1012","https://pigfarmmix.net/png_h/1630dbb7c9d25b76119458701fbc17f92e11676a57570e645bf369486ba9319a20251013.png","https://pigfarmmix.net/png_h/8fac40b2fe24e09293d7a4d46b4a2fcea0ce220bba89d34e97d8ad9322a442fb20251013.png","不挑食","3","0 小時","58 分鐘","13 小時","https://pigfarmmix.net/png_h/9fc1edfa8a25ba821f32de73ee24d6907de827874d33d8400a273fbe122ac58920251013.png","米色 [活動圖鑑]","≤ 120.0 kg","≥ 120.0 kg","3500 pt","","","https://pigfarmmix.net/png_h/8fac40b2fe24e09293d7a4d46b4a2fcea0ce220bba89d34e97d8ad9322a442fb20251013.png","https://pigfarmmix.net/png_h/8fac40b2fe24e09293d7a4d46b4a2fcea0ce220bba89d34e97d8ad9322a442fb20251013.png","",""
"1013","狗豬","https://pigfarmmix.net/#/pig/1013","https://pigfarmmix.net/png_h/7213c8f82a15317b234600391848621d9246f2cebcb46694667fc0e194b95b0920251013.png","https://pigfarmmix.net/png_h/8fac40b2fe24e09293d7a4d46b4a2fcea0ce220bba89d34e97d8ad9322a442fb20251013.png","不挑食","3","0 小時","58 分鐘","12 小時","https://pigfarmmix.net/png_h/9fc1edfa8a25ba821f32de73ee24d6907de827874d33d8400a273fbe122ac58920251013.png","米色 [活動圖鑑]","≤ 120.0 kg","≥ 120.0 kg","3000 pt","","","https://pigfarmmix.net/png_h/8fac40b2fe24e09293d7a4d46b4a2fcea0ce220bba89d34e97d8ad9322a442fb20251013.png","https://pigfarmmix.net/png_h/8fac40b2fe24e09293d7a4d46b4a2fcea0ce220bba89d34e97d8ad9322a442fb20251013.png","",""
"1014","猴子豬","https://pigfarmmix.net/#/pig/1014","https://pigfarmmix.net/png_h/577e830e074691bc80eff7b2c9c9897a91a39593fcbf95d4e84039b91095cf7720251013.png","https://pigfarmmix.net/png_h/8fac40b2fe24e09293d7a4d46b4a2fcea0ce220bba89d34e97d8ad9322a442fb20251013.png","","3","60 分鐘","1 小時","12 小時","https://pigfarmmix.net/png_h/97cbaccfa405480612d3bf7e152c0f7f8d8507099b5839dfa19df61f5181feec20251013.png","灰色 [活動圖鑑]","≤ 120.0 kg","≥ 120.0 kg","3000 pt","https://pigfarmmix.net/png_h/8634aa677090b5bfca798d786e8ef2e14d04de87c2335c7e4a7052c45d83ddd120251013.png","","https://pigfarmmix.net/png_h/8fac40b2fe24e09293d7a4d46b4a2fcea0ce220bba89d34e97d8ad9322a442fb20251013.png","https://pigfarmmix.net/png_h/8fac40b2fe24e09293d7a4d46b4a2fcea0ce220bba89d34e97d8ad9322a442fb20251013.png","",""
"1015","雉雞豬","https://pigfarmmix.net/#/pig/1015","https://pigfarmmix.net/png_h/bfe6ecb916df1192dcbef8653ff3cbba97e39c83ce0ff4609ce495b8950655b720251013.png","https://pigfarmmix.net/png_h/8fac40b2fe24e09293d7a4d46b4a2fcea0ce220bba89d34e97d8ad9322a442fb20251013.png","","3","0 小時","58 分鐘","12 小時","https://pigfarmmix.net/png_h/97cbaccfa405480612d3bf7e152c0f7f8d8507099b5839dfa19df61f5181feec20251013.png","灰色 [活動圖鑑]","≤ 120.0 kg","≥ 120.0 kg","3000 pt","https://pigfarmmix.net/png_h/d48df30397ce33593ddd99a7039b689c0ca8147be77810da82091e7db2ac5ba720251013.png","","https://pigfarmmix.net/png_h/8fac40b2fe24e09293d7a4d46b4a2fcea0ce220bba89d34e97d8ad9322a442fb20251013.png","https://pigfarmmix.net/png_h/8fac40b2fe24e09293d7a4d46b4a2fcea0ce220bba89d34e97d8ad9322a442fb20251013.png","",""
"1016","皇帝劉邦豬","https://pigfarmmix.net/#/pig/1016","https://pigfarmmix.net/png_h/4710165568d45e2f3b287c62452b0007731d0d20d206319091e1ce1011f2289d20251013.png","https://pigfarmmix.net/png_h/8fac40b2fe24e09293d7a4d46b4a2fcea0ce220bba89d34e97d8ad9322a442fb20251013.png","不挑食","3","0 小時","58 分鐘","8 小時","https://pigfarmmix.net/png_h/46827eaf3344f3d5d59295ae2c237b7ef05252fa01f7f38bb1e57ac062d9c15520251013.png","粉紅 [活動圖鑑]","≤ 120.0 kg","≥ 120.0 kg","10000 pt","https://pigfarmmix.net/png_h/d48df30397ce33593ddd99a7039b689c0ca8147be77810da82091e7db2ac5ba720251013.png","27.34%","https://pigfarmmix.net/png_h/8fac40b2fe24e09293d7a4d46b4a2fcea0ce220bba89d34e97d8ad9322a442fb20251013.png","https://pigfarmmix.net/png_h/8fac40b2fe24e09293d7a4d46b4a2fcea0ce220bba89d34e97d8ad9322a442fb20251013.png","https://pigfarmmix.net/png_h/8fac40b2fe24e09293d7a4d46b4a2fcea0ce220bba89d34e97d8ad9322a442fb20251013.png","https://pigfarmmix.net/png_h/8fac40b2fe24e09293d7a4d46b4a2fcea0ce220bba89d34e97d8ad9322a442fb20251013.png"
"1017","軍隊長劉邦豬","https://pigfarmmix.net/#/pig/1017","https://pigfarmmix.net/png_h/d2bc12db1604f3285e8211ae0978ce9c42466cb18f407a4709d2bff4fc42236120251013.png","https://pigfarmmix.net/png_h/8fac40b2fe24e09293d7a4d46b4a2fcea0ce220bba89d34e97d8ad9322a442fb20251013.png","不挑食","3","0 小時","58 分鐘","8 小時","https://pigfarmmix.net/png_h/46827eaf3344f3d5d59295ae2c237b7ef05252fa01f7f38bb1e57ac062d9c15520251013.png","粉紅 [活動圖鑑]","≤ 120.0 kg","≥ 120.0 kg","5000 pt","https://pigfarmmix.net/png_h/d48df30397ce33593ddd99a7039b689c0ca8147be77810da82091e7db2ac5ba720251013.png","","https://pigfarmmix.net/png_h/8fac40b2fe24e09293d7a4d46b4a2fcea0ce220bba89d34e97d8ad9322a442fb20251013.png","https://pigfarmmix.net/png_h/8fac40b2fe24e09293d7a4d46b4a2fcea0ce220bba89d34e97d8ad9322a442fb20251013.png","https://pigfarmmix.net/png_h/8fac40b2fe24e09293d7a4d46b4a2fcea0ce220bba89d34e97d8ad9322a442fb20251013.png",""
"1018","醉鬼劉邦豬","https://pigfarmmix.net/#/pig/1018","https://pigfarmmix.net/png_h/1c94e60cd7f6c5bcae793e1e61c8f97a6ec510b812068a2a891787d653e779db20251013.png","https://pigfarmmix.net/png_h/8fac40b2fe24e09293d7a4d46b4a2fcea0ce220bba89d34e97d8ad9322a442fb20251013.png","不挑食","3","0 小時","58 分鐘","8 小時","https://pigfarmmix.net/png_h/46827eaf3344f3d5d59295ae2c237b7ef05252fa01f7f38bb1e57ac062d9c15520251013.png","粉紅 [活動圖鑑]","≤ 120.0 kg","≥ 120.0 kg","3000 pt","https://pigfarmmix.net/png_h/d48df30397ce33593ddd99a7039b689c0ca8147be77810da82091e7db2ac5ba720251013.png","","https://pigfarmmix.net/png_h/8fac40b2fe24e09293d7a4d46b4a2fcea0ce220bba89d34e97d8ad9322a442fb20251013.png","https://pigfarmmix.net/png_h/8fac40b2fe24e09293d7a4d46b4a2fcea0ce220bba89d34e97d8ad9322a442fb20251013.png","",""
"1019","牽牛花豬","https://pigfarmmix.net/#/pig/1019","https://pigfarmmix.net/png_h/bc2eedd2ce9e4a915a6c8812fa82baae5f06ba67ea8d93a01ff7cb5fa249659b20251013.png","https://pigfarmmix.net/png_h/8fac40b2fe24e09293d7a4d46b4a2fcea0ce220bba89d34e97d8ad9322a442fb20251013.png","不挑食","2","0 小時","58 分鐘","18 小時","https://pigfarmmix.net/png_h/a68119aa8a6ceba07cf7cd15c2c4ea3a6f2a3313e58a78a2ec1216d15999fb8f20251013.png","白色 [活動圖鑑]","≤ 120.0 kg","≥ 120.0 kg","3000 pt","","","https://pigfarmmix.net/png_h/8fac40b2fe24e09293d7a4d46b4a2fcea0ce220bba89d34e97d8ad9322a442fb20251013.png","https://pigfarmmix.net/png_h/8fac40b2fe24e09293d7a4d46b4a2fcea0ce220bba89d34e97d8ad9322a442fb20251013.png","",""
"1020","賣風鈴的豬","https://pigfarmmix.net/#/pig/1020","https://pigfarmmix.net/png_h/fdde67f9f8d9396f04548fa063747bf849564360bfff6a453bc4c6fe3804667620251013.png","https://pigfarmmix.net/png_h/8fac40b2fe24e09293d7a4d46b4a2fcea0ce220bba89d34e97d8ad9322a442fb20251013.png","","2","0 小時","58 分鐘","20 小時","https://pigfarmmix.net/png_h/a6752c7f9968b9961d0e91ae2083fce3f62ee7ac7f4c8d0a45c0a32bae70c8f620251013.png","肉色 [活動圖鑑]","≤ 120.0 kg","≥ 120.0 kg","4000 pt","https://pigfarmmix.net/png_h/a8c431ef04e348d579dbea87991cab0dadc22df86edf1920a8c8e76335bd820c20251013.png","","https://pigfarmmix.net/png_h/8fac40b2fe24e09293d7a4d46b4a2fcea0ce220bba89d34e97d8ad9322a442fb20251013.png","https://pigfarmmix.net/png_h/8fac40b2fe24e09293d7a4d46b4a2fcea0ce220bba89d34e97d8ad9322a442fb20251013.png","https://pigfarmmix.net/png_h/8fac40b2fe24e09293d7a4d46b4a2fcea0ce220bba89d34e97d8ad9322a442fb20251013.png",""
"1021","蚊子豬","https://pigfarmmix.net/#/pig/1021","https://pigfarmmix.net/png_h/a867c2ddc3e6b7fd9f511901209bede3c4edbb430bca9baefa0348d52c66890d20251013.png","https://pigfarmmix.net/png_h/8fac40b2fe24e09293d7a4d46b4a2fcea0ce220bba89d34e97d8ad9322a442fb20251013.png","不挑食","3","0 小時","58 分鐘","12 小時","https://pigfarmmix.net/png_h/97cbaccfa405480612d3bf7e152c0f7f8d8507099b5839dfa19df61f5181feec20251013.png","灰色 [活動圖鑑]","≤ 120.0 kg","≥ 120.0 kg","3000 pt","","","https://pigfarmmix.net/png_h/8fac40b2fe24e09293d7a4d46b4a2fcea0ce220bba89d34e97d8ad9322a442fb20251013.png","https://pigfarmmix.net/png_h/8fac40b2fe24e09293d7a4d46b4a2fcea0ce220bba89d34e97d8ad9322a442fb20251013.png","",""
"1022","砂堡豬","https://pigfarmmix.net/#/pig/1022","https://pigfarmmix.net/png_h/fae04bffbfa267f2c13a211c77e13e0c8b1f9ddbe59c586fbbdc25f7fc88631920251013.png","https://pigfarmmix.net/png_h/8fac40b2fe24e09293d7a4d46b4a2fcea0ce220bba89d34e97d8ad9322a442fb20251013.png","不挑食","1","0 小時","58 分鐘","16 小時","https://pigfarmmix.net/png_h/9fc1edfa8a25ba821f32de73ee24d6907de827874d33d8400a273fbe122ac58920251013.png","米色 [活動圖鑑]","≤ 120.0 kg","≥ 120.0 kg","3500 pt","","","https://pigfarmmix.net/png_h/8fac40b2fe24e09293d7a4d46b4a2fcea0ce220bba89d34e97d8ad9322a442fb20251013.png","https://pigfarmmix.net/png_h/8fac40b2fe24e09293d7a4d46b4a2fcea0ce220bba89d34e97d8ad9322a442fb20251013.png","",""
"1023","愛因豬坦","https://pigfarmmix.net/#/pig/1023","https://pigfarmmix.net/png_h/0df6fe6aed319bd349c43ae9926911e93afd5ac5ce1fe8efc347ae368813044a20251013.png","https://pigfarmmix.net/png_h/8fac40b2fe24e09293d7a4d46b4a2fcea0ce220bba89d34e97d8ad9322a442fb20251013.png","不挑食","1","0 小時","58 分鐘","10 小時","https://pigfarmmix.net/png_h/a68119aa8a6ceba07cf7cd15c2c4ea3a6f2a3313e58a78a2ec1216d15999fb8f20251013.png","白色 [活動圖鑑]","≤ 120.0 kg","≥ 120.0 kg","4000 pt","","","https://pigfarmmix.net/png_h/8fac40b2fe24e09293d7a4d46b4a2fcea0ce220bba89d34e97d8ad9322a442fb20251013.png","https://pigfarmmix.net/png_h/8fac40b2fe24e09293d7a4d46b4a2fcea0ce220bba89d34e97d8ad9322a442fb20251013.png","https://pigfarmmix.net/png_h/8fac40b2fe24e09293d7a4d46b4a2fcea0ce220bba89d34e97d8ad9322a442fb20251013.png",""
"1024","哥倫布豬","https://pigfarmmix.net/#/pig/1024","https://pigfarmmix.net/png_h/e3ed54b6dcb0f837a0117b3aa2b11b2b3b0288ea02d10fe29596b5fa81d8b01d20251013.png","https://pigfarmmix.net/png_h/8fac40b2fe24e09293d7a4d46b4a2fcea0ce220bba89d34e97d8ad9322a442fb20251013.png","","4","0 小時","58 分鐘","24 小時","https://pigfarmmix.net/png_h/a6752c7f9968b9961d0e91ae2083fce3f62ee7ac7f4c8d0a45c0a32bae70c8f620251013.png","肉色 [活動圖鑑]","≤ 120.0 kg","≥ 120.0 kg","4000 pt","https://pigfarmmix.net/png_h/d48df30397ce33593ddd99a7039b689c0ca8147be77810da82091e7db2ac5ba720251013.png","","https://pigfarmmix.net/png_h/8fac40b2fe24e09293d7a4d46b4a2fcea0ce220bba89d34e97d8ad9322a442fb20251013.png","https://pigfarmmix.net/png_h/8fac40b2fe24e09293d7a4d46b4a2fcea0ce220bba89d34e97d8ad9322a442fb20251013.png","https://pigfarmmix.net/png_h/8fac40b2fe24e09293d7a4d46b4a2fcea0ce220bba89d34e97d8ad9322a442fb20251013.png",""
"1025","亞伯拉罕·林肯豬","https://pigfarmmix.net/#/pig/1025","https://pigfarmmix.net/png_h/197a027b223458458c02741ac8b71e89d2acc878072d22da5563235a2350372720251013.png","https://pigfarmmix.net/png_h/8fac40b2fe24e09293d7a4d46b4a2fcea0ce220bba89d34e97d8ad9322a442fb20251013.png","不挑食","16","0 小時","58 分鐘","6 小時","https://pigfarmmix.net/png_h/a68119aa8a6ceba07cf7cd15c2c4ea3a6f2a3313e58a78a2ec1216d15999fb8f20251013.png","白色 [活動圖鑑]","≤ 120.0 kg","≥ 120.0 kg","10000 pt","","14.90%","https://pigfarmmix.net/png_h/8fac40b2fe24e09293d7a4d46b4a2fcea0ce220bba89d34e97d8ad9322a442fb20251013.png","https://pigfarmmix.net/png_h/8fac40b2fe24e09293d7a4d46b4a2fcea0ce220bba89d34e97d8ad9322a442fb20251013.png","https://pigfarmmix.net/png_h/8fac40b2fe24e09293d7a4d46b4a2fcea0ce220bba89d34e97d8ad9322a442fb20251013.png","https://pigfarmmix.net/png_h/8fac40b2fe24e09293d7a4d46b4a2fcea0ce220bba89d34e97d8ad9322a442fb20251013.png"
"1026","律師林肯豬","https://pigfarmmix.net/#/pig/1026","https://pigfarmmix.net/png_h/1da36376c90ceddcd7b22bb900835daf1d17e9867f4992d8a038453c1842227720251013.png","https://pigfarmmix.net/png_h/8fac40b2fe24e09293d7a4d46b4a2fcea0ce220bba89d34e97d8ad9322a442fb20251013.png","不挑食","16","0 小時","58 分鐘","6 小時","https://pigfarmmix.net/png_h/a68119aa8a6ceba07cf7cd15c2c4ea3a6f2a3313e58a78a2ec1216d15999fb8f20251013.png","白色 [活動圖鑑]","≤ 120.0 kg","≥ 120.0 kg","5000 pt","","","https://pigfarmmix.net/png_h/8fac40b2fe24e09293d7a4d46b4a2fcea0ce220bba89d34e97d8ad9322a442fb20251013.png","https://pigfarmmix.net/png_h/8fac40b2fe24e09293d7a4d46b4a2fcea0ce220bba89d34e97d8ad9322a442fb20251013.png","https://pigfarmmix.net/png_h/8fac40b2fe24e09293d7a4d46b4a2fcea0ce220bba89d34e97d8ad9322a442fb20251013.png",""
"1027","農夫林肯豬","https://pigfarmmix.net/#/pig/1027","https://pigfarmmix.net/png_h/7ccd84b12960c2713bb364808961beb6cfb8a6ccff11b1dc29125e93ae82242420251013.png","https://pigfarmmix.net/png_h/8fac40b2fe24e09293d7a4d46b4a2fcea0ce220bba89d34e97d8ad9322a442fb20251013.png","不挑食","16","0 小時","58 分鐘","6 小時","https://pigfarmmix.net/png_h/a68119aa8a6ceba07cf7cd15c2c4ea3a6f2a3313e58a78a2ec1216d15999fb8f20251013.png","白色 [活動圖鑑]","≤ 120.0 kg","≥ 120.0 kg","3000 pt","","","https://pigfarmmix.net/png_h/8fac40b2fe24e09293d7a4d46b4a2fcea0ce220bba89d34e97d8ad9322a442fb20251013.png","https://pigfarmmix.net/png_h/8fac40b2fe24e09293d7a4d46b4a2fcea0ce220bba89d34e97d8ad9322a442fb20251013.png","",""
"1028","牡蠣豬","https://pigfarmmix.net/#/pig/1028","https://pigfarmmix.net/png_h/ce321bb3ccbe907bb9b936b6096f997bacfab47d24daaebeeabbf8dd1fe954d920251013.png","https://pigfarmmix.net/png_h/8fac40b2fe24e09293d7a4d46b4a2fcea0ce220bba89d34e97d8ad9322a442fb20251013.png","","4","60 分鐘","1 小時","14 小時","https://pigfarmmix.net/png_h/a68119aa8a6ceba07cf7cd15c2c4ea3a6f2a3313e58a78a2ec1216d15999fb8f20251013.png","白色 [活動圖鑑]","≤ 120.0 kg","≥ 120.0 kg","5000 pt","https://pigfarmmix.net/png_h/a7c17665173739b203d7fab5046bd82964e973f62b1c34834f032ecb6c99fff520251013.png","","https://pigfarmmix.net/png_h/8fac40b2fe24e09293d7a4d46b4a2fcea0ce220bba89d34e97d8ad9322a442fb20251013.png","https://pigfarmmix.net/png_h/8fac40b2fe24e09293d7a4d46b4a2fcea0ce220bba89d34e97d8ad9322a442fb20251013.png","",""
"1029","和平豬","https://pigfarmmix.net/#/pig/1029","https://pigfarmmix.net/png_h/5a64c35c281f6133380dd4c7fdd70ca0eb8578fc011c711b3f56639b8960d1e520251013.png","https://pigfarmmix.net/png_h/8fac40b2fe24e09293d7a4d46b4a2fcea0ce220bba89d34e97d8ad9322a442fb20251013.png","","1","60 分鐘","1 小時","21 小時","https://pigfarmmix.net/png_h/97cbaccfa405480612d3bf7e152c0f7f8d8507099b5839dfa19df61f5181feec20251013.png","灰色 [活動圖鑑]","≤ 120.0 kg","≥ 120.0 kg","3000 pt","https://pigfarmmix.net/png_h/d48df30397ce33593ddd99a7039b689c0ca8147be77810da82091e7db2ac5ba720251013.png","","https://pigfarmmix.net/png_h/8fac40b2fe24e09293d7a4d46b4a2fcea0ce220bba89d34e97d8ad9322a442fb20251013.png","https://pigfarmmix.net/png_h/8fac40b2fe24e09293d7a4d46b4a2fcea0ce220bba89d34e97d8ad9322a442fb20251013.png","https://pigfarmmix.net/png_h/8fac40b2fe24e09293d7a4d46b4a2fcea0ce220bba89d34e97d8ad9322a442fb20251013.png",""
"1030","巴科羅面具豬","https://pigfarmmix.net/#/pig/1030","https://pigfarmmix.net/png_h/5972c1dde18982a9a33874c631332a8bb634f5a00123f5c81700a422139fa8f620251013.png","https://pigfarmmix.net/png_h/8fac40b2fe24e09293d7a4d46b4a2fcea0ce220bba89d34e97d8ad9322a442fb20251013.png","不挑食","2","60 分鐘","1 小時","12 小時","https://pigfarmmix.net/png_h/9fc1edfa8a25ba821f32de73ee24d6907de827874d33d8400a273fbe122ac58920251013.png","米色 [活動圖鑑]","≤ 120.0 kg","≥ 120.0 kg","3500 pt","","","https://pigfarmmix.net/png_h/8fac40b2fe24e09293d7a4d46b4a2fcea0ce220bba89d34e97d8ad9322a442fb20251013.png","https://pigfarmmix.net/png_h/8fac40b2fe24e09293d7a4d46b4a2fcea0ce220bba89d34e97d8ad9322a442fb20251013.png","",""
"1031","熱氣球豬","https://pigfarmmix.net/#/pig/1031","https://pigfarmmix.net/png_h/4ff9389a3c72d9872b27df789b0543ed7a79197497dadcab66185fc4d7a89d2620251013.png","https://pigfarmmix.net/png_h/8fac40b2fe24e09293d7a4d46b4a2fcea0ce220bba89d34e97d8ad9322a442fb20251013.png","","1","0 小時","58 分鐘","14 小時","https://pigfarmmix.net/png_h/97cbaccfa405480612d3bf7e152c0f7f8d8507099b5839dfa19df61f5181feec20251013.png","灰色 [活動圖鑑]","≤ 120.0 kg","≥ 120.0 kg","3500 pt","https://pigfarmmix.net/png_h/d48df30397ce33593ddd99a7039b689c0ca8147be77810da82091e7db2ac5ba720251013.png","","https://pigfarmmix.net/png_h/8fac40b2fe24e09293d7a4d46b4a2fcea0ce220bba89d34e97d8ad9322a442fb20251013.png","https://pigfarmmix.net/png_h/8fac40b2fe24e09293d7a4d46b4a2fcea0ce220bba89d34e97d8ad9322a442fb20251013.png","",""
"1032","豬本武藏","https://pigfarmmix.net/#/pig/1032","https://pigfarmmix.net/png_h/c1814315df84786b5e090fbdf0a16b85bf9a7ba1e93f1300047bb37214bdc7fa20251013.png","https://pigfarmmix.net/png_h/8fac40b2fe24e09293d7a4d46b4a2fcea0ce220bba89d34e97d8ad9322a442fb20251013.png","","6","0 小時","58 分鐘","20 小時","https://pigfarmmix.net/png_h/9fc1edfa8a25ba821f32de73ee24d6907de827874d33d8400a273fbe122ac58920251013.png","米色 [活動圖鑑]","≤ 120.0 kg","≥ 120.0 kg","5000 pt","https://pigfarmmix.net/png_h/d48df30397ce33593ddd99a7039b689c0ca8147be77810da82091e7db2ac5ba720251013.png","","https://pigfarmmix.net/png_h/8fac40b2fe24e09293d7a4d46b4a2fcea0ce220bba89d34e97d8ad9322a442fb20251013.png","https://pigfarmmix.net/png_h/8fac40b2fe24e09293d7a4d46b4a2fcea0ce220bba89d34e97d8ad9322a442fb20251013.png","https://pigfarmmix.net/png_h/8fac40b2fe24e09293d7a4d46b4a2fcea0ce220bba89d34e97d8ad9322a442fb20251013.png",""
"1033","佐佐木豬次郎","https://pigfarmmix.net/#/pig/1033","https://pigfarmmix.net/png_h/f3e8254cd92a3c5733b43d146aaaef896a144ca1a043ca644f2330384c4d773320251013.png","https://pigfarmmix.net/png_h/8fac40b2fe24e09293d7a4d46b4a2fcea0ce220bba89d34e97d8ad9322a442fb20251013.png","不挑食","4","0 小時","58 分鐘","18 小時","https://pigfarmmix.net/png_h/a68119aa8a6ceba07cf7cd15c2c4ea3a6f2a3313e58a78a2ec1216d15999fb8f20251013.png","白色 [活動圖鑑]","≤ 120.0 kg","≥ 120.0 kg","4500 pt","","","https://pigfarmmix.net/png_h/8fac40b2fe24e09293d7a4d46b4a2fcea0ce220bba89d34e97d8ad9322a442fb20251013.png","https://pigfarmmix.net/png_h/8fac40b2fe24e09293d7a4d46b4a2fcea0ce220bba89d34e97d8ad9322a442fb20251013.png","https://pigfarmmix.net/png_h/8fac40b2fe24e09293d7a4d46b4a2fcea0ce220bba89d34e97d8ad9322a442fb20251013.png",""
"1034","薄酒萊葡萄酒豬","https://pigfarmmix.net/#/pig/1034","https://pigfarmmix.net/png_h/848d5317b8c88650d43d8ce1300879b450c12dc89f6c366ba09e51a6a75edde520251013.png","https://pigfarmmix.net/png_h/8fac40b2fe24e09293d7a4d46b4a2fcea0ce220bba89d34e97d8ad9322a442fb20251013.png","","3","60 分鐘","1 小時","20 小時","https://pigfarmmix.net/png_h/a68119aa8a6ceba07cf7cd15c2c4ea3a6f2a3313e58a78a2ec1216d15999fb8f20251013.png","白色 [活動圖鑑]","≤ 120.0 kg","≥ 120.0 kg","5000 pt","https://pigfarmmix.net/png_h/a7c17665173739b203d7fab5046bd82964e973f62b1c34834f032ecb6c99fff520251013.png","","https://pigfarmmix.net/png_h/8fac40b2fe24e09293d7a4d46b4a2fcea0ce220bba89d34e97d8ad9322a442fb20251013.png","https://pigfarmmix.net/png_h/8fac40b2fe24e09293d7a4d46b4a2fcea0ce220bba89d34e97d8ad9322a442fb20251013.png","https://pigfarmmix.net/png_h/8fac40b2fe24e09293d7a4d46b4a2fcea0ce220bba89d34e97d8ad9322a442fb20251013.png",""
"1035","七五豬","https://pigfarmmix.net/#/pig/1035","https://pigfarmmix.net/png_h/64f5aed4d4ad0bd4596b7094feb7a3512bba45d901311b98e026db45fb299d2420251013.png","https://pigfarmmix.net/png_h/8fac40b2fe24e09293d7a4d46b4a2fcea0ce220bba89d34e97d8ad9322a442fb20251013.png","","3","0 小時","58 分鐘","15 小時","https://pigfarmmix.net/png_h/a6752c7f9968b9961d0e91ae2083fce3f62ee7ac7f4c8d0a45c0a32bae70c8f620251013.png","肉色 [活動圖鑑]","≤ 120.0 kg","≥ 120.0 kg","3500 pt","https://pigfarmmix.net/png_h/ae37f6e04cdc1a9c13b5d505e598173fcce41b6af8074c98d775c0f1c6b04d6c20251013.png","","https://pigfarmmix.net/png_h/8fac40b2fe24e09293d7a4d46b4a2fcea0ce220bba89d34e97d8ad9322a442fb20251013.png","https://pigfarmmix.net/png_h/8fac40b2fe24e09293d7a4d46b4a2fcea0ce220bba89d34e97d8ad9322a442fb20251013.png","",""
"1036","查士豬尼大帝","https://pigfarmmix.net/#/pig/1036","https://pigfarmmix.net/png_h/2e174210faa56424f88279aeb66307dd1723184e894b8f7d3704e334c6959a4620251013.png","https://pigfarmmix.net/png_h/8fac40b2fe24e09293d7a4d46b4a2fcea0ce220bba89d34e97d8ad9322a442fb20251013.png","不挑食","0","0 小時","58 分鐘","6 小時","https://pigfarmmix.net/png_h/9fc1edfa8a25ba821f32de73ee24d6907de827874d33d8400a273fbe122ac58920251013.png","米色 [活動圖鑑]","≤ 120.0 kg","≥ 120.0 kg","10000 pt","","21.35%","https://pigfarmmix.net/png_h/8fac40b2fe24e09293d7a4d46b4a2fcea0ce220bba89d34e97d8ad9322a442fb20251013.png","https://pigfarmmix.net/png_h/8fac40b2fe24e09293d7a4d46b4a2fcea0ce220bba89d34e97d8ad9322a442fb20251013.png","https://pigfarmmix.net/png_h/8fac40b2fe24e09293d7a4d46b4a2fcea0ce220bba89d34e97d8ad9322a442fb20251013.png","https://pigfarmmix.net/png_h/8fac40b2fe24e09293d7a4d46b4a2fcea0ce220bba89d34e97d8ad9322a442fb20251013.png"
"1037","近衛兵伯多祿豬","https://pigfarmmix.net/#/pig/1037","https://pigfarmmix.net/png_h/05092039f4753a3fe49dc1512ed1e12b8c82096087e6ad811cf099e96386f2a220251013.png","https://pigfarmmix.net/png_h/8fac40b2fe24e09293d7a4d46b4a2fcea0ce220bba89d34e97d8ad9322a442fb20251013.png","不挑食","0","0 小時","58 分鐘","6 小時","https://pigfarmmix.net/png_h/9fc1edfa8a25ba821f32de73ee24d6907de827874d33d8400a273fbe122ac58920251013.png","米色 [活動圖鑑]","≤ 120.0 kg","≥ 120.0 kg","5000 pt","","","https://pigfarmmix.net/png_h/8fac40b2fe24e09293d7a4d46b4a2fcea0ce220bba89d34e97d8ad9322a442fb20251013.png","https://pigfarmmix.net/png_h/8fac40b2fe24e09293d7a4d46b4a2fcea0ce220bba89d34e97d8ad9322a442fb20251013.png","https://pigfarmmix.net/png_h/8fac40b2fe24e09293d7a4d46b4a2fcea0ce220bba89d34e97d8ad9322a442fb20251013.png",""
"1038","農民伯多祿豬","https://pigfarmmix.net/#/pig/1038","https://pigfarmmix.net/png_h/2f017d7cd610c2522bf42ffb9cd5f16e6dcac011bab6fba513d5d2e12b5ca12820251013.png","https://pigfarmmix.net/png_h/8fac40b2fe24e09293d7a4d46b4a2fcea0ce220bba89d34e97d8ad9322a442fb20251013.png","不挑食","0","0 小時","58 分鐘","6 小時","https://pigfarmmix.net/png_h/9fc1edfa8a25ba821f32de73ee24d6907de827874d33d8400a273fbe122ac58920251013.png","米色 [活動圖鑑]","≤ 120.0 kg","≥ 120.0 kg","3000 pt","","","https://pigfarmmix.net/png_h/8fac40b2fe24e09293d7a4d46b4a2fcea0ce220bba89d34e97d8ad9322a442fb20251013.png","https://pigfarmmix.net/png_h/8fac40b2fe24e09293d7a4d46b4a2fcea0ce220bba89d34e97d8ad9322a442fb20251013.png","",""
"1039","冬眠豬","https://pigfarmmix.net/#/pig/1039","https://pigfarmmix.net/png_h/81a4e1a8d6ca4eec387ee16482aad75dbb6f5f61ad4a5533fb856b7d13f2044a20251013.png","https://pigfarmmix.net/png_h/8fac40b2fe24e09293d7a4d46b4a2fcea0ce220bba89d34e97d8ad9322a442fb20251013.png","不挑食","1","60 分鐘","1 小時","16 小時","https://pigfarmmix.net/png_h/9fc1edfa8a25ba821f32de73ee24d6907de827874d33d8400a273fbe122ac58920251013.png","米色 [活動圖鑑]","≤ 120.0 kg","≥ 120.0 kg","3000 pt","","","https://pigfarmmix.net/png_h/8fac40b2fe24e09293d7a4d46b4a2fcea0ce220bba89d34e97d8ad9322a442fb20251013.png","https://pigfarmmix.net/png_h/8fac40b2fe24e09293d7a4d46b4a2fcea0ce220bba89d34e97d8ad9322a442fb20251013.png","",""
"1040","雙板滑雪豬","https://pigfarmmix.net/#/pig/1040","https://pigfarmmix.net/png_h/295c41185cebfc830254495707b3725e152aedddfa52e9cfe8f619fc6effd53420251013.png","https://pigfarmmix.net/png_h/8fac40b2fe24e09293d7a4d46b4a2fcea0ce220bba89d34e97d8ad9322a442fb20251013.png","不挑食","1","0 小時","58 分鐘","12 小時","https://pigfarmmix.net/png_h/46827eaf3344f3d5d59295ae2c237b7ef05252fa01f7f38bb1e57ac062d9c15520251013.png","粉紅 [活動圖鑑]","≤ 120.0 kg","≥ 120.0 kg","3000 pt","","","https://pigfarmmix.net/png_h/8fac40b2fe24e09293d7a4d46b4a2fcea0ce220bba89d34e97d8ad9322a442fb20251013.png","https://pigfarmmix.net/png_h/8fac40b2fe24e09293d7a4d46b4a2fcea0ce220bba89d34e97d8ad9322a442fb20251013.png","",""
"1041","螞蟻豬","https://pigfarmmix.net/#/pig/1041","https://pigfarmmix.net/png_h/3e8161d118d05b83785f2e41cf7141aae370008b94861a1db891bff7f136495820251013.png","https://pigfarmmix.net/png_h/8fac40b2fe24e09293d7a4d46b4a2fcea0ce220bba89d34e97d8ad9322a442fb20251013.png","不挑食","4","0 小時","58 分鐘","14 小時","https://pigfarmmix.net/png_h/aa4a79939b3c7f43fcec0d5a1011c3ae31219160e4b519fd96d7cd2a7c90544920251013.png","灰色 [活動圖鑑]","≤ 120.0 kg","≥ 120.0 kg","3000 pt","","","https://pigfarmmix.net/png_h/8fac40b2fe24e09293d7a4d46b4a2fcea0ce220bba89d34e97d8ad9322a442fb20251013.png","https://pigfarmmix.net/png_h/8fac40b2fe24e09293d7a4d46b4a2fcea0ce220bba89d34e97d8ad9322a442fb20251013.png","",""
"1042","蟋蟀豬","https://pigfarmmix.net/#/pig/1042","https://pigfarmmix.net/png_h/2937c34d2309f985fcccfd413e22e12db2a39445b8bb07d071f783c50a2ce17f20251013.png","https://pigfarmmix.net/png_h/8fac40b2fe24e09293d7a4d46b4a2fcea0ce220bba89d34e97d8ad9322a442fb20251013.png","","3","60 分鐘","1 小時","20 小時","https://pigfarmmix.net/png_h/a68119aa8a6ceba07cf7cd15c2c4ea3a6f2a3313e58a78a2ec1216d15999fb8f20251013.png","白色 [活動圖鑑]","≤ 120.0 kg","≥ 120.0 kg","4000 pt","https://pigfarmmix.net/png_h/a7c17665173739b203d7fab5046bd82964e973f62b1c34834f032ecb6c99fff520251013.png","","https://pigfarmmix.net/png_h/8fac40b2fe24e09293d7a4d46b4a2fcea0ce220bba89d34e97d8ad9322a442fb20251013.png","https://pigfarmmix.net/png_h/8fac40b2fe24e09293d7a4d46b4a2fcea0ce220bba89d34e97d8ad9322a442fb20251013.png","https://pigfarmmix.net/png_h/8fac40b2fe24e09293d7a4d46b4a2fcea0ce220bba89d34e97d8ad9322a442fb20251013.png",""
"1043","洪武帝豬元璋","https://pigfarmmix.net/#/pig/1043","https://pigfarmmix.net/png_h/8493018d447e965f4bbbf9f3f7955423089904a77d2fe602ce08e4b3536737c520251013.png","https://pigfarmmix.net/png_h/8fac40b2fe24e09293d7a4d46b4a2fcea0ce220bba89d34e97d8ad9322a442fb20251013.png","不挑食","0","0 小時","58 分鐘","8 小時","https://pigfarmmix.net/png_h/811992418c93eac5c6722e48989ba638bc739f8c763e8aa6fccb0cdb69e091ae20251013.png","野豬 [活動圖鑑]","≤ 120.0 kg","≥ 120.0 kg","10000 pt","","27.34%","https://pigfarmmix.net/png_h/8fac40b2fe24e09293d7a4d46b4a2fcea0ce220bba89d34e97d8ad9322a442fb20251013.png","https://pigfarmmix.net/png_h/8fac40b2fe24e09293d7a4d46b4a2fcea0ce220bba89d34e97d8ad9322a442fb20251013.png","https://pigfarmmix.net/png_h/8fac40b2fe24e09293d7a4d46b4a2fcea0ce220bba89d34e97d8ad9322a442fb20251013.png","https://pigfarmmix.net/png_h/8fac40b2fe24e09293d7a4d46b4a2fcea0ce220bba89d34e97d8ad9322a442fb20251013.png"
"1044","紅巾軍豬元璋","https://pigfarmmix.net/#/pig/1044","https://pigfarmmix.net/png_h/b859606df356a8e6fcf6c5cb2750a2d18c8b6e3617272ba02258d2e61daef25b20251013.png","https://pigfarmmix.net/png_h/8fac40b2fe24e09293d7a4d46b4a2fcea0ce220bba89d34e97d8ad9322a442fb20251013.png","不挑食","0","0 小時","58 分鐘","8 小時","https://pigfarmmix.net/png_h/811992418c93eac5c6722e48989ba638bc739f8c763e8aa6fccb0cdb69e091ae20251013.png","野豬 [活動圖鑑]","≤ 120.0 kg","≥ 120.0 kg","5000 pt","","","https://pigfarmmix.net/png_h/8fac40b2fe24e09293d7a4d46b4a2fcea0ce220bba89d34e97d8ad9322a442fb20251013.png","https://pigfarmmix.net/png_h/8fac40b2fe24e09293d7a4d46b4a2fcea0ce220bba89d34e97d8ad9322a442fb20251013.png","https://pigfarmmix.net/png_h/8fac40b2fe24e09293d7a4d46b4a2fcea0ce220bba89d34e97d8ad9322a442fb20251013.png",""
"1045","化緣和尚豬重八","https://pigfarmmix.net/#/pig/1045","https://pigfarmmix.net/png_h/287c6042e57f44bc9e0b9d0db533a31aabdc55e2242ea121bf0fb053b82348ec20251013.png","https://pigfarmmix.net/png_h/8fac40b2fe24e09293d7a4d46b4a2fcea0ce220bba89d34e97d8ad9322a442fb20251013.png","不挑食","0","0 小時","58 分鐘","8 小時","https://pigfarmmix.net/png_h/811992418c93eac5c6722e48989ba638bc739f8c763e8aa6fccb0cdb69e091ae20251013.png","野豬 [活動圖鑑]","≤ 120.0 kg","≥ 120.0 kg","3000 pt","","","https://pigfarmmix.net/png_h/8fac40b2fe24e09293d7a4d46b4a2fcea0ce220bba89d34e97d8ad9322a442fb20251013.png","https://pigfarmmix.net/png_h/8fac40b2fe24e09293d7a4d46b4a2fcea0ce220bba89d34e97d8ad9322a442fb20251013.png","",""
"1046","火爐豬","https://pigfarmmix.net/#/pig/1046","https://pigfarmmix.net/png_h/52fc72d012ddb0210ca9aae7e3f609cd5da37d926c679c95e5e3e6a68c1e046d20251013.png","https://pigfarmmix.net/png_h/8fac40b2fe24e09293d7a4d46b4a2fcea0ce220bba89d34e97d8ad9322a442fb20251013.png","不挑食","4","60 分鐘","1 小時","20 小時","https://pigfarmmix.net/png_h/97cbaccfa405480612d3bf7e152c0f7f8d8507099b5839dfa19df61f5181feec20251013.png","灰色 [活動圖鑑]","≤ 120.0 kg","≥ 120.0 kg","3500 pt","","","https://pigfarmmix.net/png_h/8fac40b2fe24e09293d7a4d46b4a2fcea0ce220bba89d34e97d8ad9322a442fb20251013.png","https://pigfarmmix.net/png_h/8fac40b2fe24e09293d7a4d46b4a2fcea0ce220bba89d34e97d8ad9322a442fb20251013.png","",""
"1047","聖火節豬","https://pigfarmmix.net/#/pig/1047","https://pigfarmmix.net/png_h/7a8e2e957a036ebbd911ef4a803e5628671bf3a4bdd1bca25b60a1ee6b0e1ba520251013.png","https://pigfarmmix.net/png_h/8fac40b2fe24e09293d7a4d46b4a2fcea0ce220bba89d34e97d8ad9322a442fb20251013.png","","4","0 小時","58 分鐘","16 小時","https://pigfarmmix.net/png_h/46827eaf3344f3d5d59295ae2c237b7ef05252fa01f7f38bb1e57ac062d9c15520251013.png","粉紅 [活動圖鑑]","≤ 120.0 kg","≥ 120.0 kg","4500 pt","https://pigfarmmix.net/png_h/8634aa677090b5bfca798d786e8ef2e14d04de87c2335c7e4a7052c45d83ddd120251013.png","","https://pigfarmmix.net/png_h/8fac40b2fe24e09293d7a4d46b4a2fcea0ce220bba89d34e97d8ad9322a442fb20251013.png","https://pigfarmmix.net/png_h/8fac40b2fe24e09293d7a4d46b4a2fcea0ce220bba89d34e97d8ad9322a442fb20251013.png","https://pigfarmmix.net/png_h/8fac40b2fe24e09293d7a4d46b4a2fcea0ce220bba89d34e97d8ad9322a442fb20251013.png",""
"1048","豬州蜜柑","https://pigfarmmix.net/#/pig/1048","https://pigfarmmix.net/png_h/d08fa7405d8909335d334309c5045109632c1287a671f38b9aa6f575e3c5d65220251013.png","https://pigfarmmix.net/png_h/8fac40b2fe24e09293d7a4d46b4a2fcea0ce220bba89d34e97d8ad9322a442fb20251013.png","不挑食","1","0 小時","58 分鐘","8 小時","https://pigfarmmix.net/png_h/a68119aa8a6ceba07cf7cd15c2c4ea3a6f2a3313e58a78a2ec1216d15999fb8f20251013.png","白色 [活動圖鑑]","≤ 120.0 kg","≥ 120.0 kg","3000 pt","","","https://pigfarmmix.net/png_h/8fac40b2fe24e09293d7a4d46b4a2fcea0ce220bba89d34e97d8ad9322a442fb20251013.png","https://pigfarmmix.net/png_h/8fac40b2fe24e09293d7a4d46b4a2fcea0ce220bba89d34e97d8ad9322a442fb20251013.png","",""
"1049","關東煮豬","https://pigfarmmix.net/#/pig/1049","https://pigfarmmix.net/png_h/8c9d1bc2d679b17ef608e22a9ddf7959bcb1afe6228375e18bdd5e6c3c42831320251013.png","https://pigfarmmix.net/png_h/8fac40b2fe24e09293d7a4d46b4a2fcea0ce220bba89d34e97d8ad9322a442fb20251013.png","","3","60 分鐘","1 小時","24 小時","https://pigfarmmix.net/png_h/9fc1edfa8a25ba821f32de73ee24d6907de827874d33d8400a273fbe122ac58920251013.png","米色 [活動圖鑑]","≤ 120.0 kg","≥ 120.0 kg","4000 pt","https://pigfarmmix.net/png_h/a7c17665173739b203d7fab5046bd82964e973f62b1c34834f032ecb6c99fff520251013.png","","https://pigfarmmix.net/png_h/8fac40b2fe24e09293d7a4d46b4a2fcea0ce220bba89d34e97d8ad9322a442fb20251013.png","https://pigfarmmix.net/png_h/8fac40b2fe24e09293d7a4d46b4a2fcea0ce220bba89d34e97d8ad9322a442fb20251013.png","https://pigfarmmix.net/png_h/8fac40b2fe24e09293d7a4d46b4a2fcea0ce220bba89d34e97d8ad9322a442fb20251013.png",""
"1050","豬川豚十郎","https://pigfarmmix.net/#/pig/1050","https://pigfarmmix.net/png_h/264eaa7e39b84f5ab2a4f26993ef575ce2f406eb74a83acfaf8bfee9ec7a173920251013.png","https://pigfarmmix.net/png_h/8fac40b2fe24e09293d7a4d46b4a2fcea0ce220bba89d34e97d8ad9322a442fb20251013.png","","4","0 小時","58 分鐘","18 小時","https://pigfarmmix.net/png_h/811992418c93eac5c6722e48989ba638bc739f8c763e8aa6fccb0cdb69e091ae20251013.png","野豬 [活動圖鑑]","≤ 120.0 kg","≥ 120.0 kg","5000 pt","https://pigfarmmix.net/png_h/1083a39a293067c36e6e25b013d3a87904536ffef5349212d9a97fae8ca2b74420251013.png","","https://pigfarmmix.net/png_h/8fac40b2fe24e09293d7a4d46b4a2fcea0ce220bba89d34e97d8ad9322a442fb20251013.png","https://pigfarmmix.net/png_h/8fac40b2fe24e09293d7a4d46b4a2fcea0ce220bba89d34e97d8ad9322a442fb20251013.png","https://pigfarmmix.net/png_h/8fac40b2fe24e09293d7a4d46b4a2fcea0ce220bba89d34e97d8ad9322a442fb20251013.png",""
"1051","世阿彌陀豬","https://pigfarmmix.net/#/pig/1051","https://pigfarmmix.net/png_h/74b5ba263e49edc98c7dc10a199e35365223811c2467c40e278799bdd862f52620251013.png","https://pigfarmmix.net/png_h/8fac40b2fe24e09293d7a4d46b4a2fcea0ce220bba89d34e97d8ad9322a442fb20251013.png","","3","60 分鐘","1 小時","20 小時","https://pigfarmmix.net/png_h/46827eaf3344f3d5d59295ae2c237b7ef05252fa01f7f38bb1e57ac062d9c15520251013.png","粉紅 [活動圖鑑]","≤ 120.0 kg","≥ 120.0 kg","5000 pt","https://pigfarmmix.net/png_h/ae37f6e04cdc1a9c13b5d505e598173fcce41b6af8074c98d775c0f1c6b04d6c20251013.png","","https://pigfarmmix.net/png_h/8fac40b2fe24e09293d7a4d46b4a2fcea0ce220bba89d34e97d8ad9322a442fb20251013.png","https://pigfarmmix.net/png_h/8fac40b2fe24e09293d7a4d46b4a2fcea0ce220bba89d34e97d8ad9322a442fb20251013.png","https://pigfarmmix.net/png_h/8fac40b2fe24e09293d7a4d46b4a2fcea0ce220bba89d34e97d8ad9322a442fb20251013.png",""
"1052","豬太郎冠者","https://pigfarmmix.net/#/pig/1052","https://pigfarmmix.net/png_h/3510198932804cfc5a9df5b83331de30b5746722ce345bc93f0e916fe431471420251013.png","https://pigfarmmix.net/png_h/8fac40b2fe24e09293d7a4d46b4a2fcea0ce220bba89d34e97d8ad9322a442fb20251013.png","","3","0 小時","58 分鐘","14 小時","https://pigfarmmix.net/png_h/a6752c7f9968b9961d0e91ae2083fce3f62ee7ac7f4c8d0a45c0a32bae70c8f620251013.png","肉色 [活動圖鑑]","≤ 120.0 kg","≥ 120.0 kg","5000 pt","https://pigfarmmix.net/png_h/1a4d96e5f723848dfbd2bbb08fd82f6579c3850dcc352a2b9ee260764acd522320251013.png","","https://pigfarmmix.net/png_h/8fac40b2fe24e09293d7a4d46b4a2fcea0ce220bba89d34e97d8ad9322a442fb20251013.png","https://pigfarmmix.net/png_h/8fac40b2fe24e09293d7a4d46b4a2fcea0ce220bba89d34e97d8ad9322a442fb20251013.png","https://pigfarmmix.net/png_h/8fac40b2fe24e09293d7a4d46b4a2fcea0ce220bba89d34e97d8ad9322a442fb20251013.png",""
"1053","羔羊豬","https://pigfarmmix.net/#/pig/1053","https://pigfarmmix.net/png_h/f20c0e3662b70a9b7cc11d0c451d981217a10b9f50b891f47ffc0dc37784948420251013.png","https://pigfarmmix.net/png_h/8fac40b2fe24e09293d7a4d46b4a2fcea0ce220bba89d34e97d8ad9322a442fb20251013.png","","4","60 分鐘","1 小時","12 小時","https://pigfarmmix.net/png_h/9fc1edfa8a25ba821f32de73ee24d6907de827874d33d8400a273fbe122ac58920251013.png","米色 [活動圖鑑]","≤ 120.0 kg","≥ 120.0 kg","3000 pt","https://pigfarmmix.net/png_h/a7c17665173739b203d7fab5046bd82964e973f62b1c34834f032ecb6c99fff520251013.png","","https://pigfarmmix.net/png_h/8fac40b2fe24e09293d7a4d46b4a2fcea0ce220bba89d34e97d8ad9322a442fb20251013.png","https://pigfarmmix.net/png_h/8fac40b2fe24e09293d7a4d46b4a2fcea0ce220bba89d34e97d8ad9322a442fb20251013.png","",""
"1054","法雅節豬","https://pigfarmmix.net/#/pig/1054","https://pigfarmmix.net/png_h/d8073924a8d51cf462854e8094301e1f846fe177763f3e43779f45e1ae1942d520251013.png","https://pigfarmmix.net/png_h/8fac40b2fe24e09293d7a4d46b4a2fcea0ce220bba89d34e97d8ad9322a442fb20251013.png","","3","60 分鐘","1 小時","19 小時","https://pigfarmmix.net/png_h/a6752c7f9968b9961d0e91ae2083fce3f62ee7ac7f4c8d0a45c0a32bae70c8f620251013.png","肉色 [活動圖鑑]","≤ 120.0 kg","≥ 120.0 kg","4500 pt","https://pigfarmmix.net/png_h/ae37f6e04cdc1a9c13b5d505e598173fcce41b6af8074c98d775c0f1c6b04d6c20251013.png","","https://pigfarmmix.net/png_h/8fac40b2fe24e09293d7a4d46b4a2fcea0ce220bba89d34e97d8ad9322a442fb20251013.png","https://pigfarmmix.net/png_h/8fac40b2fe24e09293d7a4d46b4a2fcea0ce220bba89d34e97d8ad9322a442fb20251013.png","https://pigfarmmix.net/png_h/8fac40b2fe24e09293d7a4d46b4a2fcea0ce220bba89d34e97d8ad9322a442fb20251013.png",""
"1055","翠綠巨疣豬","https://pigfarmmix.net/#/pig/1055","https://pigfarmmix.net/png_h/9578f6bad0e5d29a50d251e84b5fc259a86f173b8143454abcc33dcf96cc005b20251013.png","https://pigfarmmix.net/png_h/8fac40b2fe24e09293d7a4d46b4a2fcea0ce220bba89d34e97d8ad9322a442fb20251013.png","不挑食","0","0 小時","58 分鐘","40 小時","https://pigfarmmix.net/png_h/811992418c93eac5c6722e48989ba638bc739f8c763e8aa6fccb0cdb69e091ae20251013.png","野豬 [活動圖鑑]","≤ 120.0 kg","≥ 120.0 kg","10000 pt","","","https://pigfarmmix.net/png_h/8fac40b2fe24e09293d7a4d46b4a2fcea0ce220bba89d34e97d8ad9322a442fb20251013.png","https://pigfarmmix.net/png_h/8fac40b2fe24e09293d7a4d46b4a2fcea0ce220bba89d34e97d8ad9322a442fb20251013.png","https://pigfarmmix.net/png_h/8fac40b2fe24e09293d7a4d46b4a2fcea0ce220bba89d34e97d8ad9322a442fb20251013.png","https://pigfarmmix.net/png_h/8fac40b2fe24e09293d7a4d46b4a2fcea0ce220bba89d34e97d8ad9322a442fb20251013.png"
"1056","金牛豬","https://pigfarmmix.net/#/pig/1056","https://pigfarmmix.net/png_h/4a93e5b78ba29fb32fc6642caa2dacc18aa25993f2363404170abbbfcdc3adc620251013.png","https://pigfarmmix.net/png_h/8fac40b2fe24e09293d7a4d46b4a2fcea0ce220bba89d34e97d8ad9322a442fb20251013.png","","2","0 小時","58 分鐘","12 小時","https://pigfarmmix.net/png_h/a68119aa8a6ceba07cf7cd15c2c4ea3a6f2a3313e58a78a2ec1216d15999fb8f20251013.png","白色 [活動圖鑑]","≤ 120.0 kg","≥ 120.0 kg","3000 pt","https://pigfarmmix.net/png_h/a7c17665173739b203d7fab5046bd82964e973f62b1c34834f032ecb6c99fff520251013.png","","https://pigfarmmix.net/png_h/8fac40b2fe24e09293d7a4d46b4a2fcea0ce220bba89d34e97d8ad9322a442fb20251013.png","https://pigfarmmix.net/png_h/8fac40b2fe24e09293d7a4d46b4a2fcea0ce220bba89d34e97d8ad9322a442fb20251013.png","",""
"1057","浴佛節豬","https://pigfarmmix.net/#/pig/1057","https://pigfarmmix.net/png_h/3e4b3542b5b8bcac929cca393036dc9a28f2a2a1d0a9034b9bcccecd824071bc20251013.png","https://pigfarmmix.net/png_h/8fac40b2fe24e09293d7a4d46b4a2fcea0ce220bba89d34e97d8ad9322a442fb20251013.png","","3","0 小時","58 分鐘","18 小時","https://pigfarmmix.net/png_h/a68119aa8a6ceba07cf7cd15c2c4ea3a6f2a3313e58a78a2ec1216d15999fb8f20251013.png","白色 [活動圖鑑]","≤ 120.0 kg","≥ 120.0 kg","4000 pt","https://pigfarmmix.net/png_h/a8c431ef04e348d579dbea87991cab0dadc22df86edf1920a8c8e76335bd820c20251013.png","","https://pigfarmmix.net/png_h/8fac40b2fe24e09293d7a4d46b4a2fcea0ce220bba89d34e97d8ad9322a442fb20251013.png","https://pigfarmmix.net/png_h/8fac40b2fe24e09293d7a4d46b4a2fcea0ce220bba89d34e97d8ad9322a442fb20251013.png","https://pigfarmmix.net/png_h/8fac40b2fe24e09293d7a4d46b4a2fcea0ce220bba89d34e97d8ad9322a442fb20251013.png",""
"1058","梅菲斯特豬","https://pigfarmmix.net/#/pig/1058","https://pigfarmmix.net/png_h/ef1891a61b73077d6f5baa25e4c4d72bb10c2f1e7cc3b056a5a14318aba425af20251013.png","https://pigfarmmix.net/png_h/8fac40b2fe24e09293d7a4d46b4a2fcea0ce220bba89d34e97d8ad9322a442fb20251013.png","","6","60 分鐘","1 小時","20 小時","https://pigfarmmix.net/png_h/811992418c93eac5c6722e48989ba638bc739f8c763e8aa6fccb0cdb69e091ae20251013.png","野豬 [活動圖鑑]","≤ 120.0 kg","≥ 120.0 kg","8000 pt","https://pigfarmmix.net/png_h/1a4d96e5f723848dfbd2bbb08fd82f6579c3850dcc352a2b9ee260764acd522320251013.png","","https://pigfarmmix.net/png_h/8fac40b2fe24e09293d7a4d46b4a2fcea0ce220bba89d34e97d8ad9322a442fb20251013.png","https://pigfarmmix.net/png_h/8fac40b2fe24e09293d7a4d46b4a2fcea0ce220bba89d34e97d8ad9322a442fb20251013.png","https://pigfarmmix.net/png_h/8fac40b2fe24e09293d7a4d46b4a2fcea0ce220bba89d34e97d8ad9322a442fb20251013.png","https://pigfarmmix.net/png_h/8fac40b2fe24e09293d7a4d46b4a2fcea0ce220bba89d34e97d8ad9322a442fb20251013.png"
"1059","浮士德豬","https://pigfarmmix.net/#/pig/1059","https://pigfarmmix.net/png_h/8995e3fed1aca6235b9d5806de4676035c1b16db3c60c2ed96894db756e5351b20251013.png","https://pigfarmmix.net/png_h/8fac40b2fe24e09293d7a4d46b4a2fcea0ce220bba89d34e97d8ad9322a442fb20251013.png","不挑食","6","0 小時","58 分鐘","18 小時","https://pigfarmmix.net/png_h/46827eaf3344f3d5d59295ae2c237b7ef05252fa01f7f38bb1e57ac062d9c15520251013.png","粉紅 [活動圖鑑]","≤ 120.0 kg","≥ 120.0 kg","4500 pt","","","https://pigfarmmix.net/png_h/8fac40b2fe24e09293d7a4d46b4a2fcea0ce220bba89d34e97d8ad9322a442fb20251013.png","https://pigfarmmix.net/png_h/8fac40b2fe24e09293d7a4d46b4a2fcea0ce220bba89d34e97d8ad9322a442fb20251013.png","https://pigfarmmix.net/png_h/8fac40b2fe24e09293d7a4d46b4a2fcea0ce220bba89d34e97d8ad9322a442fb20251013.png",""
"1060","雙子豬","https://pigfarmmix.net/#/pig/1060","https://pigfarmmix.net/png_h/11184915398da0dc39efc1428aa8d11e813cfe43fc19d74d3491ce937cd26d5820251013.png","https://pigfarmmix.net/png_h/8fac40b2fe24e09293d7a4d46b4a2fcea0ce220bba89d34e97d8ad9322a442fb20251013.png","不挑食","4","60 分鐘","1 小時","12 小時","https://pigfarmmix.net/png_h/6585446bb2af50be3aaaf28d138c7bd5f2737b0e067ed0f28fa97b1f6b396d8020251013.png","肉色 [活動圖鑑]","≤ 120.0 kg","≥ 120.0 kg","3000 pt","","","https://pigfarmmix.net/png_h/8fac40b2fe24e09293d7a4d46b4a2fcea0ce220bba89d34e97d8ad9322a442fb20251013.png","https://pigfarmmix.net/png_h/8fac40b2fe24e09293d7a4d46b4a2fcea0ce220bba89d34e97d8ad9322a442fb20251013.png","",""
"1061","聖依西多祿豬","https://pigfarmmix.net/#/pig/1061","https://pigfarmmix.net/png_h/5c231ba2263f2d75bc128d05ea94e825a3fbf4594fb557530b6bab0d9d408af520251013.png","https://pigfarmmix.net/png_h/8fac40b2fe24e09293d7a4d46b4a2fcea0ce220bba89d34e97d8ad9322a442fb20251013.png","不挑食","1","0 小時","58 分鐘","11 小時","https://pigfarmmix.net/png_h/9fc1edfa8a25ba821f32de73ee24d6907de827874d33d8400a273fbe122ac58920251013.png","米色 [活動圖鑑]","≤ 120.0 kg","≥ 120.0 kg","3000 pt","","","https://pigfarmmix.net/png_h/8fac40b2fe24e09293d7a4d46b4a2fcea0ce220bba89d34e97d8ad9322a442fb20251013.png","https://pigfarmmix.net/png_h/8fac40b2fe24e09293d7a4d46b4a2fcea0ce220bba89d34e97d8ad9322a442fb20251013.png","",""
"1062","無耳豬","https://pigfarmmix.net/#/pig/1062","https://pigfarmmix.net/png_h/4abbb766a874915f0429e0acf2ebdedf14488831ae42f8ea847586501356ee7120251013.png","https://pigfarmmix.net/png_h/8fac40b2fe24e09293d7a4d46b4a2fcea0ce220bba89d34e97d8ad9322a442fb20251013.png","不挑食","0","0 小時","58 分鐘","16 小時","https://pigfarmmix.net/png_h/97cbaccfa405480612d3bf7e152c0f7f8d8507099b5839dfa19df61f5181feec20251013.png","灰色 [活動圖鑑]","≤ 120.0 kg","≥ 120.0 kg","10000 pt","","","https://pigfarmmix.net/png_h/8fac40b2fe24e09293d7a4d46b4a2fcea0ce220bba89d34e97d8ad9322a442fb20251013.png","https://pigfarmmix.net/png_h/8fac40b2fe24e09293d7a4d46b4a2fcea0ce220bba89d34e97d8ad9322a442fb20251013.png","https://pigfarmmix.net/png_h/8fac40b2fe24e09293d7a4d46b4a2fcea0ce220bba89d34e97d8ad9322a442fb20251013.png","https://pigfarmmix.net/png_h/8fac40b2fe24e09293d7a4d46b4a2fcea0ce220bba89d34e97d8ad9322a442fb20251013.png"
"1063","巨蟹豬","https://pigfarmmix.net/#/pig/1063","https://pigfarmmix.net/png_h/c6ca0fbb1c82665ca32a88bc95c1bc712ee21e319fa9358c29620f87e7623d6520251013.png","https://pigfarmmix.net/png_h/8fac40b2fe24e09293d7a4d46b4a2fcea0ce220bba89d34e97d8ad9322a442fb20251013.png","不挑食","1","60 分鐘","1 小時","12 小時","https://pigfarmmix.net/png_h/46827eaf3344f3d5d59295ae2c237b7ef05252fa01f7f38bb1e57ac062d9c15520251013.png","粉紅 [活動圖鑑]","≤ 120.0 kg","≥ 120.0 kg","3000 pt","","","https://pigfarmmix.net/png_h/8fac40b2fe24e09293d7a4d46b4a2fcea0ce220bba89d34e97d8ad9322a442fb20251013.png","https://pigfarmmix.net/png_h/8fac40b2fe24e09293d7a4d46b4a2fcea0ce220bba89d34e97d8ad9322a442fb20251013.png","",""
"1064","印地太陽祭豬","https://pigfarmmix.net/#/pig/1064","https://pigfarmmix.net/png_h/8c999e50e3b19be3c94084496dfd2415dfb09f98cdf035765700854c0c0383c120251013.png","https://pigfarmmix.net/png_h/8fac40b2fe24e09293d7a4d46b4a2fcea0ce220bba89d34e97d8ad9322a442fb20251013.png","","3","60 分鐘","1 小時","24 小時","https://pigfarmmix.net/png_h/9fc1edfa8a25ba821f32de73ee24d6907de827874d33d8400a273fbe122ac58920251013.png","米色 [活動圖鑑]","≤ 120.0 kg","≥ 120.0 kg","4000 pt","https://pigfarmmix.net/png_h/a8c431ef04e348d579dbea87991cab0dadc22df86edf1920a8c8e76335bd820c20251013.png","","https://pigfarmmix.net/png_h/8fac40b2fe24e09293d7a4d46b4a2fcea0ce220bba89d34e97d8ad9322a442fb20251013.png","https://pigfarmmix.net/png_h/8fac40b2fe24e09293d7a4d46b4a2fcea0ce220bba89d34e97d8ad9322a442fb20251013.png","https://pigfarmmix.net/png_h/8fac40b2fe24e09293d7a4d46b4a2fcea0ce220bba89d34e97d8ad9322a442fb20251013.png",""
"1065","阿多斯豬","https://pigfarmmix.net/#/pig/1065","https://pigfarmmix.net/png_h/9ace80a665de5b60d05fbade972fbbaa9d27ce2897b2912ed66b5e0c704a4c0a20251013.png","https://pigfarmmix.net/png_h/8fac40b2fe24e09293d7a4d46b4a2fcea0ce220bba89d34e97d8ad9322a442fb20251013.png","不挑食","3","0 小時","58 分鐘","14 小時","https://pigfarmmix.net/png_h/9fc1edfa8a25ba821f32de73ee24d6907de827874d33d8400a273fbe122ac58920251013.png","米色 [活動圖鑑]","≤ 120.0 kg","≥ 120.0 kg","4500 pt","","","https://pigfarmmix.net/png_h/8fac40b2fe24e09293d7a4d46b4a2fcea0ce220bba89d34e97d8ad9322a442fb20251013.png","https://pigfarmmix.net/png_h/8fac40b2fe24e09293d7a4d46b4a2fcea0ce220bba89d34e97d8ad9322a442fb20251013.png","https://pigfarmmix.net/png_h/8fac40b2fe24e09293d7a4d46b4a2fcea0ce220bba89d34e97d8ad9322a442fb20251013.png",""
"1066","阿拉密斯豬","https://pigfarmmix.net/#/pig/1066","https://pigfarmmix.net/png_h/dd14ffd5ca29b6920efde42a00341bd36a22ad2477e06940e30acbf1f0c7cc3e20251013.png","https://pigfarmmix.net/png_h/8fac40b2fe24e09293d7a4d46b4a2fcea0ce220bba89d34e97d8ad9322a442fb20251013.png","","3","0 小時","58 分鐘","14 小時","https://pigfarmmix.net/png_h/a68119aa8a6ceba07cf7cd15c2c4ea3a6f2a3313e58a78a2ec1216d15999fb8f20251013.png","白色 [活動圖鑑]","≤ 120.0 kg","≥ 120.0 kg","4500 pt","https://pigfarmmix.net/png_h/ae37f6e04cdc1a9c13b5d505e598173fcce41b6af8074c98d775c0f1c6b04d6c20251013.png","","https://pigfarmmix.net/png_h/8fac40b2fe24e09293d7a4d46b4a2fcea0ce220bba89d34e97d8ad9322a442fb20251013.png","https://pigfarmmix.net/png_h/8fac40b2fe24e09293d7a4d46b4a2fcea0ce220bba89d34e97d8ad9322a442fb20251013.png","https://pigfarmmix.net/png_h/8fac40b2fe24e09293d7a4d46b4a2fcea0ce220bba89d34e97d8ad9322a442fb20251013.png",""
"1067","波爾多斯豬","https://pigfarmmix.net/#/pig/1067","https://pigfarmmix.net/png_h/497c82e8412e102264ad1e70bb417d8216e04759a626ed0d71722731a82ec38920251013.png","https://pigfarmmix.net/png_h/8fac40b2fe24e09293d7a4d46b4a2fcea0ce220bba89d34e97d8ad9322a442fb20251013.png","","3","0 小時","58 分鐘","14 小時","https://pigfarmmix.net/png_h/46827eaf3344f3d5d59295ae2c237b7ef05252fa01f7f38bb1e57ac062d9c15520251013.png","粉紅 [活動圖鑑]","≤ 120.0 kg","≥ 120.0 kg","4500 pt","https://pigfarmmix.net/png_h/1083a39a293067c36e6e25b013d3a87904536ffef5349212d9a97fae8ca2b74420251013.png","","https://pigfarmmix.net/png_h/8fac40b2fe24e09293d7a4d46b4a2fcea0ce220bba89d34e97d8ad9322a442fb20251013.png","https://pigfarmmix.net/png_h/8fac40b2fe24e09293d7a4d46b4a2fcea0ce220bba89d34e97d8ad9322a442fb20251013.png","https://pigfarmmix.net/png_h/8fac40b2fe24e09293d7a4d46b4a2fcea0ce220bba89d34e97d8ad9322a442fb20251013.png",""
"1068","達太安豬","https://pigfarmmix.net/#/pig/1068","https://pigfarmmix.net/png_h/537d3bb722ef7a04e9c8794e047dd67e8359781f3d8543af87ef97e4014e55c820251013.png","https://pigfarmmix.net/png_h/8fac40b2fe24e09293d7a4d46b4a2fcea0ce220bba89d34e97d8ad9322a442fb20251013.png","","3","0 小時","58 分鐘","16 小時","https://pigfarmmix.net/png_h/ecafd712febe701b1d890dcfbb244aa8351e2078819d27c2c899c49d55528f6e20251013.png","粉紅 [活動圖鑑]","≤ 120.0 kg","≥ 120.0 kg","8000 pt","https://pigfarmmix.net/png_h/d48df30397ce33593ddd99a7039b689c0ca8147be77810da82091e7db2ac5ba720251013.png","27.34%","https://pigfarmmix.net/png_h/8fac40b2fe24e09293d7a4d46b4a2fcea0ce220bba89d34e97d8ad9322a442fb20251013.png","https://pigfarmmix.net/png_h/8fac40b2fe24e09293d7a4d46b4a2fcea0ce220bba89d34e97d8ad9322a442fb20251013.png","https://pigfarmmix.net/png_h/8fac40b2fe24e09293d7a4d46b4a2fcea0ce220bba89d34e97d8ad9322a442fb20251013.png","https://pigfarmmix.net/png_h/8fac40b2fe24e09293d7a4d46b4a2fcea0ce220bba89d34e97d8ad9322a442fb20251013.png"
"1069","半神卡瑪普阿豬","https://pigfarmmix.net/#/pig/1069","https://pigfarmmix.net/png_h/ad16abc0cf0a99bb7ff5cd8156acbbcecbde15b3e5ff25a5abfe2814a3c6158c20251013.png","https://pigfarmmix.net/png_h/8fac40b2fe24e09293d7a4d46b4a2fcea0ce220bba89d34e97d8ad9322a442fb20251013.png","不挑食","0","0 小時","58 分鐘","32 小時","https://pigfarmmix.net/png_h/9fc1edfa8a25ba821f32de73ee24d6907de827874d33d8400a273fbe122ac58920251013.png","米色 [活動圖鑑]","≤ 120.0 kg","≥ 120.0 kg","10000 pt","","","https://pigfarmmix.net/png_h/8fac40b2fe24e09293d7a4d46b4a2fcea0ce220bba89d34e97d8ad9322a442fb20251013.png","https://pigfarmmix.net/png_h/8fac40b2fe24e09293d7a4d46b4a2fcea0ce220bba89d34e97d8ad9322a442fb20251013.png","https://pigfarmmix.net/png_h/8fac40b2fe24e09293d7a4d46b4a2fcea0ce220bba89d34e97d8ad9322a442fb20251013.png","https://pigfarmmix.net/png_h/8fac40b2fe24e09293d7a4d46b4a2fcea0ce220bba89d34e97d8ad9322a442fb20251013.png"
"1070","獅子豬","https://pigfarmmix.net/#/pig/1070","https://pigfarmmix.net/png_h/a2b975fc0d5f5bab063059cc119ff849ca0b527336fd435284b219f87d6dcd8020251013.png","https://pigfarmmix.net/png_h/8fac40b2fe24e09293d7a4d46b4a2fcea0ce220bba89d34e97d8ad9322a442fb20251013.png","不挑食","4","0 小時","58 分鐘","12 小時","https://pigfarmmix.net/png_h/9fc1edfa8a25ba821f32de73ee24d6907de827874d33d8400a273fbe122ac58920251013.png","米色 [活動圖鑑]","≤ 120.0 kg","≥ 120.0 kg","3000 pt","","","https://pigfarmmix.net/png_h/8fac40b2fe24e09293d7a4d46b4a2fcea0ce220bba89d34e97d8ad9322a442fb20251013.png","https://pigfarmmix.net/png_h/8fac40b2fe24e09293d7a4d46b4a2fcea0ce220bba89d34e97d8ad9322a442fb20251013.png","",""
"1071","扶桑豬","https://pigfarmmix.net/#/pig/1071","https://pigfarmmix.net/png_h/42f9798f8c0d8607711d14916afd563a53ca35d46526ad8bd6b572d187da2d2b20251013.png","https://pigfarmmix.net/png_h/8fac40b2fe24e09293d7a4d46b4a2fcea0ce220bba89d34e97d8ad9322a442fb20251013.png","","2","60 分鐘","1 小時","20 小時","https://pigfarmmix.net/png_h/9fc1edfa8a25ba821f32de73ee24d6907de827874d33d8400a273fbe122ac58920251013.png","米色 [活動圖鑑]","≤ 120.0 kg","≥ 120.0 kg","3500 pt","https://pigfarmmix.net/png_h/8634aa677090b5bfca798d786e8ef2e14d04de87c2335c7e4a7052c45d83ddd120251013.png","","https://pigfarmmix.net/png_h/8fac40b2fe24e09293d7a4d46b4a2fcea0ce220bba89d34e97d8ad9322a442fb20251013.png","https://pigfarmmix.net/png_h/8fac40b2fe24e09293d7a4d46b4a2fcea0ce220bba89d34e97d8ad9322a442fb20251013.png","",""
"1072","處女豬","https://pigfarmmix.net/#/pig/1072","https://pigfarmmix.net/png_h/a97b29ba03343ba8774d2160df0016720b22751376a432d41c6f8229a8f92cb920251013.png","https://pigfarmmix.net/png_h/8fac40b2fe24e09293d7a4d46b4a2fcea0ce220bba89d34e97d8ad9322a442fb20251013.png","","3","60 分鐘","1 小時","12 小時","https://pigfarmmix.net/png_h/a6752c7f9968b9961d0e91ae2083fce3f62ee7ac7f4c8d0a45c0a32bae70c8f620251013.png","肉色 [活動圖鑑]","≤ 120.0 kg","≥ 120.0 kg","3000 pt","https://pigfarmmix.net/png_h/d48df30397ce33593ddd99a7039b689c0ca8147be77810da82091e7db2ac5ba720251013.png","","https://pigfarmmix.net/png_h/8fac40b2fe24e09293d7a4d46b4a2fcea0ce220bba89d34e97d8ad9322a442fb20251013.png","https://pigfarmmix.net/png_h/8fac40b2fe24e09293d7a4d46b4a2fcea0ce220bba89d34e97d8ad9322a442fb20251013.png","",""
"1073","玉米豬","https://pigfarmmix.net/#/pig/1073","https://pigfarmmix.net/png_h/a38779be53c18388f496f5e35c7c9637a99e3f13131b791725d412158b397d9a20251013.png","https://pigfarmmix.net/png_h/8fac40b2fe24e09293d7a4d46b4a2fcea0ce220bba89d34e97d8ad9322a442fb20251013.png","","4","0 小時","58 分鐘","15 小時","https://pigfarmmix.net/png_h/a68119aa8a6ceba07cf7cd15c2c4ea3a6f2a3313e58a78a2ec1216d15999fb8f20251013.png","白色 [活動圖鑑]","≤ 120.0 kg","≥ 120.0 kg","3000 pt","https://pigfarmmix.net/png_h/a8c431ef04e348d579dbea87991cab0dadc22df86edf1920a8c8e76335bd820c20251013.png","","https://pigfarmmix.net/png_h/8fac40b2fe24e09293d7a4d46b4a2fcea0ce220bba89d34e97d8ad9322a442fb20251013.png","https://pigfarmmix.net/png_h/8fac40b2fe24e09293d7a4d46b4a2fcea0ce220bba89d34e97d8ad9322a442fb20251013.png","",""
"1074","哈姆雷特豬","https://pigfarmmix.net/#/pig/1074","https://pigfarmmix.net/png_h/73f37b6fb29bea57f8feb751d1a9a3a8a6087f15e1b5fc08ca3ba6687ebfa12520251013.png","https://pigfarmmix.net/png_h/8fac40b2fe24e09293d7a4d46b4a2fcea0ce220bba89d34e97d8ad9322a442fb20251013.png","不挑食","4","0 小時","58 分鐘","16 小時","https://pigfarmmix.net/png_h/46827eaf3344f3d5d59295ae2c237b7ef05252fa01f7f38bb1e57ac062d9c15520251013.png","粉紅 [活動圖鑑]","≤ 120.0 kg","≥ 120.0 kg","4500 pt","","","https://pigfarmmix.net/png_h/8fac40b2fe24e09293d7a4d46b4a2fcea0ce220bba89d34e97d8ad9322a442fb20251013.png","https://pigfarmmix.net/png_h/8fac40b2fe24e09293d7a4d46b4a2fcea0ce220bba89d34e97d8ad9322a442fb20251013.png","https://pigfarmmix.net/png_h/8fac40b2fe24e09293d7a4d46b4a2fcea0ce220bba89d34e97d8ad9322a442fb20251013.png",""
"1075","奧菲莉亞豬","https://pigfarmmix.net/#/pig/1075","https://pigfarmmix.net/png_h/b1e8c2f0b0c835bc17e6aaeceb64ab1191b50e01474d7f3e01159feacda456c120251013.png","https://pigfarmmix.net/png_h/8fac40b2fe24e09293d7a4d46b4a2fcea0ce220bba89d34e97d8ad9322a442fb20251013.png","","2","120 分鐘","2 小時","16 小時","https://pigfarmmix.net/png_h/a68119aa8a6ceba07cf7cd15c2c4ea3a6f2a3313e58a78a2ec1216d15999fb8f20251013.png","白色 [活動圖鑑]","≤ 120.0 kg","≥ 120.0 kg","4500 pt","https://pigfarmmix.net/png_h/a8c431ef04e348d579dbea87991cab0dadc22df86edf1920a8c8e76335bd820c20251013.png","","https://pigfarmmix.net/png_h/8fac40b2fe24e09293d7a4d46b4a2fcea0ce220bba89d34e97d8ad9322a442fb20251013.png","https://pigfarmmix.net/png_h/8fac40b2fe24e09293d7a4d46b4a2fcea0ce220bba89d34e97d8ad9322a442fb20251013.png","https://pigfarmmix.net/png_h/8fac40b2fe24e09293d7a4d46b4a2fcea0ce220bba89d34e97d8ad9322a442fb20251013.png",""
"1076","母豬赫尼文","https://pigfarmmix.net/#/pig/1076","https://pigfarmmix.net/png_h/90b204a4c3012b03a4c6a38293f26310527adeb68077ea536af8c48ad0f5dc3c20251013.png","https://pigfarmmix.net/png_h/8fac40b2fe24e09293d7a4d46b4a2fcea0ce220bba89d34e97d8ad9322a442fb20251013.png","不挑食","0","0 小時","58 分鐘","24 小時","https://pigfarmmix.net/png_h/46827eaf3344f3d5d59295ae2c237b7ef05252fa01f7f38bb1e57ac062d9c15520251013.png","粉紅 [活動圖鑑]","≤ 120.0 kg","≥ 120.0 kg","10000 pt","","","https://pigfarmmix.net/png_h/8fac40b2fe24e09293d7a4d46b4a2fcea0ce220bba89d34e97d8ad9322a442fb20251013.png","https://pigfarmmix.net/png_h/8fac40b2fe24e09293d7a4d46b4a2fcea0ce220bba89d34e97d8ad9322a442fb20251013.png","https://pigfarmmix.net/png_h/8fac40b2fe24e09293d7a4d46b4a2fcea0ce220bba89d34e97d8ad9322a442fb20251013.png","https://pigfarmmix.net/png_h/8fac40b2fe24e09293d7a4d46b4a2fcea0ce220bba89d34e97d8ad9322a442fb20251013.png"
"1077","天秤豬","https://pigfarmmix.net/#/pig/1077","https://pigfarmmix.net/png_h/086dde0c15568ee51a5aca345ee869570039361f7909266b98b69af347fd484020251013.png","https://pigfarmmix.net/png_h/8fac40b2fe24e09293d7a4d46b4a2fcea0ce220bba89d34e97d8ad9322a442fb20251013.png","","4","60 分鐘","1 小時","12 小時","https://pigfarmmix.net/png_h/a68119aa8a6ceba07cf7cd15c2c4ea3a6f2a3313e58a78a2ec1216d15999fb8f20251013.png","白色 [活動圖鑑]","≤ 120.0 kg","≥ 120.0 kg","3000 pt","https://pigfarmmix.net/png_h/d48df30397ce33593ddd99a7039b689c0ca8147be77810da82091e7db2ac5ba720251013.png","","https://pigfarmmix.net/png_h/8fac40b2fe24e09293d7a4d46b4a2fcea0ce220bba89d34e97d8ad9322a442fb20251013.png","https://pigfarmmix.net/png_h/8fac40b2fe24e09293d7a4d46b4a2fcea0ce220bba89d34e97d8ad9322a442fb20251013.png","",""
"1078","水蜜桃豬","https://pigfarmmix.net/#/pig/1078","https://pigfarmmix.net/png_h/b661a427104fce6d483f3861520165609d1c9923cbd6cdbe9afd26bda3ca21ef20251013.png","https://pigfarmmix.net/png_h/8fac40b2fe24e09293d7a4d46b4a2fcea0ce220bba89d34e97d8ad9322a442fb20251013.png","不挑食","1","0 小時","58 分鐘","12 小時","https://pigfarmmix.net/png_h/a68119aa8a6ceba07cf7cd15c2c4ea3a6f2a3313e58a78a2ec1216d15999fb8f20251013.png","白色 [活動圖鑑]","≤ 120.0 kg","≥ 120.0 kg","3000 pt","","","https://pigfarmmix.net/png_h/8fac40b2fe24e09293d7a4d46b4a2fcea0ce220bba89d34e97d8ad9322a442fb20251013.png","https://pigfarmmix.net/png_h/8fac40b2fe24e09293d7a4d46b4a2fcea0ce220bba89d34e97d8ad9322a442fb20251013.png","",""
"1079","天蠍豬","https://pigfarmmix.net/#/pig/1079","https://pigfarmmix.net/png_h/657462c255b999b77c4d19b8484128c7d572695a72944b4d97491c3f424c0bfa20251013.png","https://pigfarmmix.net/png_h/8fac40b2fe24e09293d7a4d46b4a2fcea0ce220bba89d34e97d8ad9322a442fb20251013.png","不挑食","2","120 分鐘","2 小時","12 小時","https://pigfarmmix.net/png_h/97cbaccfa405480612d3bf7e152c0f7f8d8507099b5839dfa19df61f5181feec20251013.png","灰色 [活動圖鑑]","≤ 120.0 kg","≥ 120.0 kg","3000 pt","","","https://pigfarmmix.net/png_h/8fac40b2fe24e09293d7a4d46b4a2fcea0ce220bba89d34e97d8ad9322a442fb20251013.png","https://pigfarmmix.net/png_h/8fac40b2fe24e09293d7a4d46b4a2fcea0ce220bba89d34e97d8ad9322a442fb20251013.png","",""
"1080","蒸汽機豬","https://pigfarmmix.net/#/pig/1080","https://pigfarmmix.net/png_h/401c4295bdea9952a09352f78d2dd1a4858cf058948ad783bb49862de23048c620251013.png","https://pigfarmmix.net/png_h/8fac40b2fe24e09293d7a4d46b4a2fcea0ce220bba89d34e97d8ad9322a442fb20251013.png","不挑食","6","0 小時","58 分鐘","20 小時","https://pigfarmmix.net/png_h/97cbaccfa405480612d3bf7e152c0f7f8d8507099b5839dfa19df61f5181feec20251013.png","灰色 [活動圖鑑]","≤ 120.0 kg","≥ 120.0 kg","3500 pt","","","https://pigfarmmix.net/png_h/8fac40b2fe24e09293d7a4d46b4a2fcea0ce220bba89d34e97d8ad9322a442fb20251013.png","https://pigfarmmix.net/png_h/8fac40b2fe24e09293d7a4d46b4a2fcea0ce220bba89d34e97d8ad9322a442fb20251013.png","",""
"1081","光豬氏","https://pigfarmmix.net/#/pig/1081","https://pigfarmmix.net/png_h/2ddd9c3c1caec3549f8eb0f6669800493673ac5180ff76e0df64a51f70b6dfe120251013.png","https://pigfarmmix.net/png_h/8fac40b2fe24e09293d7a4d46b4a2fcea0ce220bba89d34e97d8ad9322a442fb20251013.png","","4","60 分鐘","1 小時","18 小時","https://pigfarmmix.net/png_h/a6752c7f9968b9961d0e91ae2083fce3f62ee7ac7f4c8d0a45c0a32bae70c8f620251013.png","肉色 [活動圖鑑]","≤ 120.0 kg","≥ 120.0 kg","7000 pt","https://pigfarmmix.net/png_h/1083a39a293067c36e6e25b013d3a87904536ffef5349212d9a97fae8ca2b74420251013.png","","https://pigfarmmix.net/png_h/8fac40b2fe24e09293d7a4d46b4a2fcea0ce220bba89d34e97d8ad9322a442fb20251013.png","https://pigfarmmix.net/png_h/8fac40b2fe24e09293d7a4d46b4a2fcea0ce220bba89d34e97d8ad9322a442fb20251013.png","https://pigfarmmix.net/png_h/8fac40b2fe24e09293d7a4d46b4a2fcea0ce220bba89d34e97d8ad9322a442fb20251013.png","https://pigfarmmix.net/png_h/8fac40b2fe24e09293d7a4d46b4a2fcea0ce220bba89d34e97d8ad9322a442fb20251013.png"
"1082","若豬","https://pigfarmmix.net/#/pig/1082","https://pigfarmmix.net/png_h/55ca22a4c5ee72dc74ea9b0897f3d5f31b09eb80bfb8d0925724bae2ecba7fc220251013.png","https://pigfarmmix.net/png_h/8fac40b2fe24e09293d7a4d46b4a2fcea0ce220bba89d34e97d8ad9322a442fb20251013.png","不挑食","3","60 分鐘","1 小時","10 小時","https://pigfarmmix.net/png_h/46827eaf3344f3d5d59295ae2c237b7ef05252fa01f7f38bb1e57ac062d9c15520251013.png","粉紅 [活動圖鑑]","≤ 120.0 kg","≥ 120.0 kg","5500 pt","","","https://pigfarmmix.net/png_h/8fac40b2fe24e09293d7a4d46b4a2fcea0ce220bba89d34e97d8ad9322a442fb20251013.png","https://pigfarmmix.net/png_h/8fac40b2fe24e09293d7a4d46b4a2fcea0ce220bba89d34e97d8ad9322a442fb20251013.png","https://pigfarmmix.net/png_h/8fac40b2fe24e09293d7a4d46b4a2fcea0ce220bba89d34e97d8ad9322a442fb20251013.png",""
"1083","豬之上","https://pigfarmmix.net/#/pig/1083","https://pigfarmmix.net/png_h/7fd6f3debef889262ecedcd2095e27071311737fe5b1b9b024dc4129e537a41220251013.png","https://pigfarmmix.net/png_h/8fac40b2fe24e09293d7a4d46b4a2fcea0ce220bba89d34e97d8ad9322a442fb20251013.png","不挑食","3","60 分鐘","1 小時","10 小時","https://pigfarmmix.net/png_h/46827eaf3344f3d5d59295ae2c237b7ef05252fa01f7f38bb1e57ac062d9c15520251013.png","粉紅 [活動圖鑑]","≤ 120.0 kg","≥ 120.0 kg","5500 pt","","","https://pigfarmmix.net/png_h/8fac40b2fe24e09293d7a4d46b4a2fcea0ce220bba89d34e97d8ad9322a442fb20251013.png","https://pigfarmmix.net/png_h/8fac40b2fe24e09293d7a4d46b4a2fcea0ce220bba89d34e97d8ad9322a442fb20251013.png","https://pigfarmmix.net/png_h/8fac40b2fe24e09293d7a4d46b4a2fcea0ce220bba89d34e97d8ad9322a442fb20251013.png",""
"1084","普麗帕爾契斯豬","https://pigfarmmix.net/#/pig/1084","https://pigfarmmix.net/png_h/642bdad5679ee2b9bbc8e612349b24b7e0906f6a56f466897af94ef5c22342ed20251013.png","https://pigfarmmix.net/png_h/8fac40b2fe24e09293d7a4d46b4a2fcea0ce220bba89d34e97d8ad9322a442fb20251013.png","不挑食","0","0 小時","58 分鐘","30 小時","https://pigfarmmix.net/png_h/a6752c7f9968b9961d0e91ae2083fce3f62ee7ac7f4c8d0a45c0a32bae70c8f620251013.png","肉色 [活動圖鑑]","≤ 120.0 kg","≥ 120.0 kg","10000 pt","","","https://pigfarmmix.net/png_h/8fac40b2fe24e09293d7a4d46b4a2fcea0ce220bba89d34e97d8ad9322a442fb20251013.png","https://pigfarmmix.net/png_h/8fac40b2fe24e09293d7a4d46b4a2fcea0ce220bba89d34e97d8ad9322a442fb20251013.png","https://pigfarmmix.net/png_h/8fac40b2fe24e09293d7a4d46b4a2fcea0ce220bba89d34e97d8ad9322a442fb20251013.png","https://pigfarmmix.net/png_h/8fac40b2fe24e09293d7a4d46b4a2fcea0ce220bba89d34e97d8ad9322a442fb20251013.png"
"1085","射手豬","https://pigfarmmix.net/#/pig/1085","https://pigfarmmix.net/png_h/7fe1a35883c0b8b0e0a95d498fe6508978aa1abc459e2242172470ac3b553b0320251013.png","https://pigfarmmix.net/png_h/8fac40b2fe24e09293d7a4d46b4a2fcea0ce220bba89d34e97d8ad9322a442fb20251013.png","不挑食","1","0 小時","58 分鐘","12 小時","https://pigfarmmix.net/png_h/9fc1edfa8a25ba821f32de73ee24d6907de827874d33d8400a273fbe122ac58920251013.png","米色 [活動圖鑑]","≤ 120.0 kg","≥ 120.0 kg","3000 pt","","","https://pigfarmmix.net/png_h/8fac40b2fe24e09293d7a4d46b4a2fcea0ce220bba89d34e97d8ad9322a442fb20251013.png","https://pigfarmmix.net/png_h/8fac40b2fe24e09293d7a4d46b4a2fcea0ce220bba89d34e97d8ad9322a442fb20251013.png","",""
"1086","花栗豬","https://pigfarmmix.net/#/pig/1086","https://pigfarmmix.net/png_h/dc1220ad6de4e4333d5627305859208d0bce1a478686d086afe945d86f5d7cf220251013.png","https://pigfarmmix.net/png_h/8fac40b2fe24e09293d7a4d46b4a2fcea0ce220bba89d34e97d8ad9322a442fb20251013.png","","5","0 小時","58 分鐘","10 小時","https://pigfarmmix.net/png_h/6585446bb2af50be3aaaf28d138c7bd5f2737b0e067ed0f28fa97b1f6b396d8020251013.png","肉色 [活動圖鑑]","≤ 120.0 kg","≥ 120.0 kg","3500 pt","https://pigfarmmix.net/png_h/0aeaee22846aee8ef0429da1face05360c1fdfd8de57e07bebb2741e67f15e6220251013.png","","https://pigfarmmix.net/png_h/8fac40b2fe24e09293d7a4d46b4a2fcea0ce220bba89d34e97d8ad9322a442fb20251013.png","https://pigfarmmix.net/png_h/8fac40b2fe24e09293d7a4d46b4a2fcea0ce220bba89d34e97d8ad9322a442fb20251013.png","",""
"1087","魔羯豬","https://pigfarmmix.net/#/pig/1087","https://pigfarmmix.net/png_h/ffd1405b32472303a3b5bf9856071e49582e21bb19512d902cd8a01febee8ac820251013.png","https://pigfarmmix.net/png_h/8fac40b2fe24e09293d7a4d46b4a2fcea0ce220bba89d34e97d8ad9322a442fb20251013.png","不挑食","3","0 小時","58 分鐘","12 小時","https://pigfarmmix.net/png_h/a68119aa8a6ceba07cf7cd15c2c4ea3a6f2a3313e58a78a2ec1216d15999fb8f20251013.png","白色 [活動圖鑑]","≤ 120.0 kg","≥ 120.0 kg","3000 pt","","","https://pigfarmmix.net/png_h/8fac40b2fe24e09293d7a4d46b4a2fcea0ce220bba89d34e97d8ad9322a442fb20251013.png","https://pigfarmmix.net/png_h/8fac40b2fe24e09293d7a4d46b4a2fcea0ce220bba89d34e97d8ad9322a442fb20251013.png","",""
"1088","可內希特·魯普雷希特豬","https://pigfarmmix.net/#/pig/1088","https://pigfarmmix.net/png_h/9d20f11d0dc9a6c8d0c0842c41f202c6bc67343b46d265edbb425f0ff693394d20251013.png","https://pigfarmmix.net/png_h/8fac40b2fe24e09293d7a4d46b4a2fcea0ce220bba89d34e97d8ad9322a442fb20251013.png","","2","0 小時","58 分鐘","18 小時","https://pigfarmmix.net/png_h/811992418c93eac5c6722e48989ba638bc739f8c763e8aa6fccb0cdb69e091ae20251013.png","野豬 [活動圖鑑]","≤ 120.0 kg","≥ 120.0 kg","5500 pt","https://pigfarmmix.net/png_h/ae37f6e04cdc1a9c13b5d505e598173fcce41b6af8074c98d775c0f1c6b04d6c20251013.png","","https://pigfarmmix.net/png_h/8fac40b2fe24e09293d7a4d46b4a2fcea0ce220bba89d34e97d8ad9322a442fb20251013.png","https://pigfarmmix.net/png_h/8fac40b2fe24e09293d7a4d46b4a2fcea0ce220bba89d34e97d8ad9322a442fb20251013.png","https://pigfarmmix.net/png_h/8fac40b2fe24e09293d7a4d46b4a2fcea0ce220bba89d34e97d8ad9322a442fb20251013.png",""
"1089","章魚豬","https://pigfarmmix.net/#/pig/1089","https://pigfarmmix.net/png_h/4ce0f46d41bd5b731778c0df54c11828bea827155eb25ea4cb4ee9413e21345220251013.png","https://pigfarmmix.net/png_h/8fac40b2fe24e09293d7a4d46b4a2fcea0ce220bba89d34e97d8ad9322a442fb20251013.png","不挑食","2","0 小時","58 分鐘","8 小時","https://pigfarmmix.net/png_h/46827eaf3344f3d5d59295ae2c237b7ef05252fa01f7f38bb1e57ac062d9c15520251013.png","粉紅 [活動圖鑑]","≤ 120.0 kg","≥ 120.0 kg","3000 pt","","","https://pigfarmmix.net/png_h/8fac40b2fe24e09293d7a4d46b4a2fcea0ce220bba89d34e97d8ad9322a442fb20251013.png","https://pigfarmmix.net/png_h/8fac40b2fe24e09293d7a4d46b4a2fcea0ce220bba89d34e97d8ad9322a442fb20251013.png","",""
"1090","烏賊豬","https://pigfarmmix.net/#/pig/1090","https://pigfarmmix.net/png_h/69fcf84be29cf9c99a428bb88a869276521e1b8740b28424b7d2a49db5f9db2920251013.png","https://pigfarmmix.net/png_h/8fac40b2fe24e09293d7a4d46b4a2fcea0ce220bba89d34e97d8ad9322a442fb20251013.png","不挑食","2","0 小時","58 分鐘","10 小時","https://pigfarmmix.net/png_h/a68119aa8a6ceba07cf7cd15c2c4ea3a6f2a3313e58a78a2ec1216d15999fb8f20251013.png","白色 [活動圖鑑]","≤ 120.0 kg","≥ 120.0 kg","3000 pt","","","https://pigfarmmix.net/png_h/8fac40b2fe24e09293d7a4d46b4a2fcea0ce220bba89d34e97d8ad9322a442fb20251013.png","https://pigfarmmix.net/png_h/8fac40b2fe24e09293d7a4d46b4a2fcea0ce220bba89d34e97d8ad9322a442fb20251013.png","",""
"1091","茶杯神豬","https://pigfarmmix.net/#/pig/1091","https://pigfarmmix.net/png_h/ecf2ebc264e04818bb73b043c8e4914a0c4fa291b3105b670343d3172cee0c5120251013.png","https://pigfarmmix.net/png_h/8fac40b2fe24e09293d7a4d46b4a2fcea0ce220bba89d34e97d8ad9322a442fb20251013.png","不挑食","0","0 小時","58 分鐘","36 小時","https://pigfarmmix.net/png_h/a68119aa8a6ceba07cf7cd15c2c4ea3a6f2a3313e58a78a2ec1216d15999fb8f20251013.png","白色 [活動圖鑑]","≤ 120.0 kg","≥ 120.0 kg","10000 pt","","","https://pigfarmmix.net/png_h/8fac40b2fe24e09293d7a4d46b4a2fcea0ce220bba89d34e97d8ad9322a442fb20251013.png","https://pigfarmmix.net/png_h/8fac40b2fe24e09293d7a4d46b4a2fcea0ce220bba89d34e97d8ad9322a442fb20251013.png","https://pigfarmmix.net/png_h/8fac40b2fe24e09293d7a4d46b4a2fcea0ce220bba89d34e97d8ad9322a442fb20251013.png","https://pigfarmmix.net/png_h/8fac40b2fe24e09293d7a4d46b4a2fcea0ce220bba89d34e97d8ad9322a442fb20251013.png"
"1092","水瓶豬","https://pigfarmmix.net/#/pig/1092","https://pigfarmmix.net/png_h/7f60d05de9fd02921c05a304e6b886ff994b2682a6082aaf3796a2d1adbb373d20251013.png","https://pigfarmmix.net/png_h/8fac40b2fe24e09293d7a4d46b4a2fcea0ce220bba89d34e97d8ad9322a442fb20251013.png","不挑食","3","0 小時","58 分鐘","12 小時","https://pigfarmmix.net/png_h/97cbaccfa405480612d3bf7e152c0f7f8d8507099b5839dfa19df61f5181feec20251013.png","灰色 [活動圖鑑]","≤ 120.0 kg","≥ 120.0 kg","3000 pt","","","https://pigfarmmix.net/png_h/8fac40b2fe24e09293d7a4d46b4a2fcea0ce220bba89d34e97d8ad9322a442fb20251013.png","https://pigfarmmix.net/png_h/8fac40b2fe24e09293d7a4d46b4a2fcea0ce220bba89d34e97d8ad9322a442fb20251013.png","",""
"1093","擊鼓豬","https://pigfarmmix.net/#/pig/1093","https://pigfarmmix.net/png_h/e700d296447046d2474243cc296336c6c4924784300d73c4906fdcf6cd2404fb20251013.png","https://pigfarmmix.net/png_h/8fac40b2fe24e09293d7a4d46b4a2fcea0ce220bba89d34e97d8ad9322a442fb20251013.png","不挑食","2","0 小時","58 分鐘","18 小時","https://pigfarmmix.net/png_h/46827eaf3344f3d5d59295ae2c237b7ef05252fa01f7f38bb1e57ac062d9c15520251013.png","粉紅 [活動圖鑑]","≤ 120.0 kg","≥ 120.0 kg","4000 pt","","","https://pigfarmmix.net/png_h/8fac40b2fe24e09293d7a4d46b4a2fcea0ce220bba89d34e97d8ad9322a442fb20251013.png","https://pigfarmmix.net/png_h/8fac40b2fe24e09293d7a4d46b4a2fcea0ce220bba89d34e97d8ad9322a442fb20251013.png","https://pigfarmmix.net/png_h/8fac40b2fe24e09293d7a4d46b4a2fcea0ce220bba89d34e97d8ad9322a442fb20251013.png",""
"1094","雙魚豬","https://pigfarmmix.net/#/pig/1094","https://pigfarmmix.net/png_h/9e87fb762ba15891bdf89ee9cb35eeae3e787207a212617512dafc934c00df8a20251013.png","https://pigfarmmix.net/png_h/8fac40b2fe24e09293d7a4d46b4a2fcea0ce220bba89d34e97d8ad9322a442fb20251013.png","不挑食","1","0 小時","58 分鐘","12 小時","https://pigfarmmix.net/png_h/46827eaf3344f3d5d59295ae2c237b7ef05252fa01f7f38bb1e57ac062d9c15520251013.png","粉紅 [活動圖鑑]","≤ 120.0 kg","≥ 120.0 kg","3000 pt","","","https://pigfarmmix.net/png_h/8fac40b2fe24e09293d7a4d46b4a2fcea0ce220bba89d34e97d8ad9322a442fb20251013.png","https://pigfarmmix.net/png_h/8fac40b2fe24e09293d7a4d46b4a2fcea0ce220bba89d34e97d8ad9322a442fb20251013.png","",""
"1095","威尼斯面具豬","https://pigfarmmix.net/#/pig/1095","https://pigfarmmix.net/png_h/1a71f445b0e6e4dd41000aaac61af95b377fd836edcb5fefa6c43c4f09bafc2920251013.png","https://pigfarmmix.net/png_h/8fac40b2fe24e09293d7a4d46b4a2fcea0ce220bba89d34e97d8ad9322a442fb20251013.png","","4","0 小時","58 分鐘","24 小時","https://pigfarmmix.net/png_h/9fc1edfa8a25ba821f32de73ee24d6907de827874d33d8400a273fbe122ac58920251013.png","米色 [活動圖鑑]","≤ 120.0 kg","≥ 120.0 kg","4000 pt","https://pigfarmmix.net/png_h/1083a39a293067c36e6e25b013d3a87904536ffef5349212d9a97fae8ca2b74420251013.png","","https://pigfarmmix.net/png_h/8fac40b2fe24e09293d7a4d46b4a2fcea0ce220bba89d34e97d8ad9322a442fb20251013.png","https://pigfarmmix.net/png_h/8fac40b2fe24e09293d7a4d46b4a2fcea0ce220bba89d34e97d8ad9322a442fb20251013.png","https://pigfarmmix.net/png_h/8fac40b2fe24e09293d7a4d46b4a2fcea0ce220bba89d34e97d8ad9322a442fb20251013.png",""
"1096","摘瘤豬爺爺","https://pigfarmmix.net/#/pig/1096","https://pigfarmmix.net/png_h/d20753b8124f180224763b53cfd8eb58cc2a8f88cfdd7901f39d1ff37a81a7d020251013.png","https://pigfarmmix.net/png_h/8fac40b2fe24e09293d7a4d46b4a2fcea0ce220bba89d34e97d8ad9322a442fb20251013.png","不挑食","1","0 小時","58 分鐘","21 小時","https://pigfarmmix.net/png_h/a6752c7f9968b9961d0e91ae2083fce3f62ee7ac7f4c8d0a45c0a32bae70c8f620251013.png","肉色 [活動圖鑑]","≤ 120.0 kg","≥ 120.0 kg","4000 pt","","","https://pigfarmmix.net/png_h/8fac40b2fe24e09293d7a4d46b4a2fcea0ce220bba89d34e97d8ad9322a442fb20251013.png","https://pigfarmmix.net/png_h/8fac40b2fe24e09293d7a4d46b4a2fcea0ce220bba89d34e97d8ad9322a442fb20251013.png","https://pigfarmmix.net/png_h/8fac40b2fe24e09293d7a4d46b4a2fcea0ce220bba89d34e97d8ad9322a442fb20251013.png",""
"1097","開花豬爺爺","https://pigfarmmix.net/#/pig/1097","https://pigfarmmix.net/png_h/5ce0dc92a8b662c3b859395e968a2859cb63a4f22b133d69bba75b219db2f05c20251013.png","https://pigfarmmix.net/png_h/8fac40b2fe24e09293d7a4d46b4a2fcea0ce220bba89d34e97d8ad9322a442fb20251013.png","不挑食","3","60 分鐘","1 小時","21 小時","https://pigfarmmix.net/png_h/a68119aa8a6ceba07cf7cd15c2c4ea3a6f2a3313e58a78a2ec1216d15999fb8f20251013.png","白色 [活動圖鑑]","≤ 120.0 kg","≥ 120.0 kg","4000 pt","","","https://pigfarmmix.net/png_h/8fac40b2fe24e09293d7a4d46b4a2fcea0ce220bba89d34e97d8ad9322a442fb20251013.png","https://pigfarmmix.net/png_h/8fac40b2fe24e09293d7a4d46b4a2fcea0ce220bba89d34e97d8ad9322a442fb20251013.png","https://pigfarmmix.net/png_h/8fac40b2fe24e09293d7a4d46b4a2fcea0ce220bba89d34e97d8ad9322a442fb20251013.png",""
"1098","竹取豬爺爺","https://pigfarmmix.net/#/pig/1098","https://pigfarmmix.net/png_h/b67dda37b73e2b143bd1e971e32b2d8c1b000904e04a4926f1a743f33406e53f20251013.png","https://pigfarmmix.net/png_h/8fac40b2fe24e09293d7a4d46b4a2fcea0ce220bba89d34e97d8ad9322a442fb20251013.png","","2","0 小時","58 分鐘","21 小時","https://pigfarmmix.net/png_h/9fc1edfa8a25ba821f32de73ee24d6907de827874d33d8400a273fbe122ac58920251013.png","米色 [活動圖鑑]","≤ 120.0 kg","≥ 120.0 kg","4000 pt","https://pigfarmmix.net/png_h/d48df30397ce33593ddd99a7039b689c0ca8147be77810da82091e7db2ac5ba720251013.png","","https://pigfarmmix.net/png_h/8fac40b2fe24e09293d7a4d46b4a2fcea0ce220bba89d34e97d8ad9322a442fb20251013.png","https://pigfarmmix.net/png_h/8fac40b2fe24e09293d7a4d46b4a2fcea0ce220bba89d34e97d8ad9322a442fb20251013.png","https://pigfarmmix.net/png_h/8fac40b2fe24e09293d7a4d46b4a2fcea0ce220bba89d34e97d8ad9322a442fb20251013.png",""
"1099","海藍寶石豬","https://pigfarmmix.net/#/pig/1099","https://pigfarmmix.net/png_h/45d3031b287f33c6d1110485c34f50307eb3494120b45138cad07cc5a380cd5e20251013.png","https://pigfarmmix.net/png_h/8fac40b2fe24e09293d7a4d46b4a2fcea0ce220bba89d34e97d8ad9322a442fb20251013.png","不挑食","1","0 小時","58 分鐘","15 小時","https://pigfarmmix.net/png_h/97cbaccfa405480612d3bf7e152c0f7f8d8507099b5839dfa19df61f5181feec20251013.png","灰色 [活動圖鑑]","≤ 120.0 kg","≥ 120.0 kg","3500 pt","","","https://pigfarmmix.net/png_h/8fac40b2fe24e09293d7a4d46b4a2fcea0ce220bba89d34e97d8ad9322a442fb20251013.png","https://pigfarmmix.net/png_h/8fac40b2fe24e09293d7a4d46b4a2fcea0ce220bba89d34e97d8ad9322a442fb20251013.png","",""
"1100","驅冬節豬","https://pigfarmmix.net/#/pig/1100","https://pigfarmmix.net/png_h/a094b678d5cbef3cf60c457cbe15e2328b3cc87a22542676ea298c3c0b4b40c920251013.png","https://pigfarmmix.net/png_h/8fac40b2fe24e09293d7a4d46b4a2fcea0ce220bba89d34e97d8ad9322a442fb20251013.png","不挑食","1","0 小時","58 分鐘","15 小時","https://pigfarmmix.net/png_h/ecafd712febe701b1d890dcfbb244aa8351e2078819d27c2c899c49d55528f6e20251013.png","粉紅 [活動圖鑑]","≤ 120.0 kg","≥ 120.0 kg","4000 pt","","","https://pigfarmmix.net/png_h/8fac40b2fe24e09293d7a4d46b4a2fcea0ce220bba89d34e97d8ad9322a442fb20251013.png","https://pigfarmmix.net/png_h/8fac40b2fe24e09293d7a4d46b4a2fcea0ce220bba89d34e97d8ad9322a442fb20251013.png","https://pigfarmmix.net/png_h/8fac40b2fe24e09293d7a4d46b4a2fcea0ce220bba89d34e97d8ad9322a442fb20251013.png",""
"1101","豬蜜拉","https://pigfarmmix.net/#/pig/1101","https://pigfarmmix.net/png_h/3a5e153d1927524141f5965be4411266c0b287391bd349e19fdfa93cb927677220251013.png","https://pigfarmmix.net/png_h/8fac40b2fe24e09293d7a4d46b4a2fcea0ce220bba89d34e97d8ad9322a442fb20251013.png","不挑食","0","0 小時","58 分鐘","8 小時","https://pigfarmmix.net/png_h/97cbaccfa405480612d3bf7e152c0f7f8d8507099b5839dfa19df61f5181feec20251013.png","灰色 [活動圖鑑]","≤ 120.0 kg","≥ 120.0 kg","10000 pt","","","https://pigfarmmix.net/png_h/8fac40b2fe24e09293d7a4d46b4a2fcea0ce220bba89d34e97d8ad9322a442fb20251013.png","https://pigfarmmix.net/png_h/8fac40b2fe24e09293d7a4d46b4a2fcea0ce220bba89d34e97d8ad9322a442fb20251013.png","https://pigfarmmix.net/png_h/8fac40b2fe24e09293d7a4d46b4a2fcea0ce220bba89d34e97d8ad9322a442fb20251013.png","https://pigfarmmix.net/png_h/8fac40b2fe24e09293d7a4d46b4a2fcea0ce220bba89d34e97d8ad9322a442fb20251013.png"
"1102","鑽石豬","https://pigfarmmix.net/#/pig/1102","https://pigfarmmix.net/png_h/5a9e8c56b783ba35794d68d90caf1b24a0859c40186c06713dc1b6823715773c20251013.png","https://pigfarmmix.net/png_h/8fac40b2fe24e09293d7a4d46b4a2fcea0ce220bba89d34e97d8ad9322a442fb20251013.png","不挑食","4","0 小時","58 分鐘","12 小時","https://pigfarmmix.net/png_h/a68119aa8a6ceba07cf7cd15c2c4ea3a6f2a3313e58a78a2ec1216d15999fb8f20251013.png","白色 [活動圖鑑]","≤ 120.0 kg","≥ 120.0 kg","3500 pt","","","https://pigfarmmix.net/png_h/8fac40b2fe24e09293d7a4d46b4a2fcea0ce220bba89d34e97d8ad9322a442fb20251013.png","https://pigfarmmix.net/png_h/8fac40b2fe24e09293d7a4d46b4a2fcea0ce220bba89d34e97d8ad9322a442fb20251013.png","",""
"1103","塞維亞四月節豬","https://pigfarmmix.net/#/pig/1103","https://pigfarmmix.net/png_h/b92c9b1948e78a64e200fbe770e6bacdf00124c230acc30b3c6353612827061920251013.png","https://pigfarmmix.net/png_h/8fac40b2fe24e09293d7a4d46b4a2fcea0ce220bba89d34e97d8ad9322a442fb20251013.png","不挑食","3","0 小時","58 分鐘","18 小時","https://pigfarmmix.net/png_h/9fc1edfa8a25ba821f32de73ee24d6907de827874d33d8400a273fbe122ac58920251013.png","米色 [活動圖鑑]","≤ 120.0 kg","≥ 120.0 kg","4000 pt","","","https://pigfarmmix.net/png_h/8fac40b2fe24e09293d7a4d46b4a2fcea0ce220bba89d34e97d8ad9322a442fb20251013.png","https://pigfarmmix.net/png_h/8fac40b2fe24e09293d7a4d46b4a2fcea0ce220bba89d34e97d8ad9322a442fb20251013.png","https://pigfarmmix.net/png_h/8fac40b2fe24e09293d7a4d46b4a2fcea0ce220bba89d34e97d8ad9322a442fb20251013.png",""
"1104","愛德華王子豬","https://pigfarmmix.net/#/pig/1104","https://pigfarmmix.net/png_h/5d383a3b73a5df40348a7a3344b9ebbdd0689b2b0ec12855a08da7c2908cca5f20251013.png","https://pigfarmmix.net/png_h/8fac40b2fe24e09293d7a4d46b4a2fcea0ce220bba89d34e97d8ad9322a442fb20251013.png","","4","0 小時","58 分鐘","10 小時","https://pigfarmmix.net/png_h/6585446bb2af50be3aaaf28d138c7bd5f2737b0e067ed0f28fa97b1f6b396d8020251013.png","肉色 [活動圖鑑]","≤ 120.0 kg","≥ 120.0 kg","5500 pt","https://pigfarmmix.net/png_h/1a4d96e5f723848dfbd2bbb08fd82f6579c3850dcc352a2b9ee260764acd522320251013.png","","https://pigfarmmix.net/png_h/8fac40b2fe24e09293d7a4d46b4a2fcea0ce220bba89d34e97d8ad9322a442fb20251013.png","https://pigfarmmix.net/png_h/8fac40b2fe24e09293d7a4d46b4a2fcea0ce220bba89d34e97d8ad9322a442fb20251013.png","https://pigfarmmix.net/png_h/8fac40b2fe24e09293d7a4d46b4a2fcea0ce220bba89d34e97d8ad9322a442fb20251013.png","https://pigfarmmix.net/png_h/8fac40b2fe24e09293d7a4d46b4a2fcea0ce220bba89d34e97d8ad9322a442fb20251013.png"
"1105","湯姆乞丐豬","https://pigfarmmix.net/#/pig/1105","https://pigfarmmix.net/png_h/7076bbf5e5970e2304feb751a56a24ce02da882d24c47032901d17d334967d9620251013.png","https://pigfarmmix.net/png_h/8fac40b2fe24e09293d7a4d46b4a2fcea0ce220bba89d34e97d8ad9322a442fb20251013.png","","1","0 小時","58 分鐘","10 小時","https://pigfarmmix.net/png_h/6585446bb2af50be3aaaf28d138c7bd5f2737b0e067ed0f28fa97b1f6b396d8020251013.png","肉色 [活動圖鑑]","≤ 120.0 kg","≥ 120.0 kg","3000 pt","https://pigfarmmix.net/png_h/d48df30397ce33593ddd99a7039b689c0ca8147be77810da82091e7db2ac5ba720251013.png","","https://pigfarmmix.net/png_h/8fac40b2fe24e09293d7a4d46b4a2fcea0ce220bba89d34e97d8ad9322a442fb20251013.png","https://pigfarmmix.net/png_h/8fac40b2fe24e09293d7a4d46b4a2fcea0ce220bba89d34e97d8ad9322a442fb20251013.png","",""
"1106","祖母綠豬","https://pigfarmmix.net/#/pig/1106","https://pigfarmmix.net/png_h/f5c548dec8f324e50bf83313b15a0e74e745dde030ffb3de8cc6096e4c35ecfd20251013.png","https://pigfarmmix.net/png_h/8fac40b2fe24e09293d7a4d46b4a2fcea0ce220bba89d34e97d8ad9322a442fb20251013.png","不挑食","1","0 小時","58 分鐘","12 小時","https://pigfarmmix.net/png_h/9fc1edfa8a25ba821f32de73ee24d6907de827874d33d8400a273fbe122ac58920251013.png","米色 [活動圖鑑]","≤ 120.0 kg","≥ 120.0 kg","3500 pt","","","https://pigfarmmix.net/png_h/8fac40b2fe24e09293d7a4d46b4a2fcea0ce220bba89d34e97d8ad9322a442fb20251013.png","https://pigfarmmix.net/png_h/8fac40b2fe24e09293d7a4d46b4a2fcea0ce220bba89d34e97d8ad9322a442fb20251013.png","",""
"1107","馬德拉花卉豬","https://pigfarmmix.net/#/pig/1107","https://pigfarmmix.net/png_h/dc63123ba30f74c1554a31cf70ae7623c4b852de0d1d7ab55ba19890c9b63d9820251013.png","https://pigfarmmix.net/png_h/8fac40b2fe24e09293d7a4d46b4a2fcea0ce220bba89d34e97d8ad9322a442fb20251013.png","","4","0 小時","58 分鐘","20 小時","https://pigfarmmix.net/png_h/97cbaccfa405480612d3bf7e152c0f7f8d8507099b5839dfa19df61f5181feec20251013.png","灰色 [活動圖鑑]","≤ 120.0 kg","≥ 120.0 kg","4000 pt","https://pigfarmmix.net/png_h/a7c17665173739b203d7fab5046bd82964e973f62b1c34834f032ecb6c99fff520251013.png","","https://pigfarmmix.net/png_h/8fac40b2fe24e09293d7a4d46b4a2fcea0ce220bba89d34e97d8ad9322a442fb20251013.png","https://pigfarmmix.net/png_h/8fac40b2fe24e09293d7a4d46b4a2fcea0ce220bba89d34e97d8ad9322a442fb20251013.png","https://pigfarmmix.net/png_h/8fac40b2fe24e09293d7a4d46b4a2fcea0ce220bba89d34e97d8ad9322a442fb20251013.png",""
"1108","埃及斯芬克斯豬","https://pigfarmmix.net/#/pig/1108","https://pigfarmmix.net/png_h/a585e449614329e02433984dbd633057c34de0e9b143aa704a12ec017d71155020251013.png","https://pigfarmmix.net/png_h/8fac40b2fe24e09293d7a4d46b4a2fcea0ce220bba89d34e97d8ad9322a442fb20251013.png","不挑食","0","0 小時","58 分鐘","24 小時","https://pigfarmmix.net/png_h/9fc1edfa8a25ba821f32de73ee24d6907de827874d33d8400a273fbe122ac58920251013.png","米色 [活動圖鑑]","≤ 120.0 kg","≥ 120.0 kg","10000 pt","","","https://pigfarmmix.net/png_h/8fac40b2fe24e09293d7a4d46b4a2fcea0ce220bba89d34e97d8ad9322a442fb20251013.png","https://pigfarmmix.net/png_h/8fac40b2fe24e09293d7a4d46b4a2fcea0ce220bba89d34e97d8ad9322a442fb20251013.png","https://pigfarmmix.net/png_h/8fac40b2fe24e09293d7a4d46b4a2fcea0ce220bba89d34e97d8ad9322a442fb20251013.png","https://pigfarmmix.net/png_h/8fac40b2fe24e09293d7a4d46b4a2fcea0ce220bba89d34e97d8ad9322a442fb20251013.png"
"1109","月光石豬","https://pigfarmmix.net/#/pig/1109","https://pigfarmmix.net/png_h/36401dd96eabd170bff57cc10db20427737a2720484e62da4d829b1135bb033b20251013.png","https://pigfarmmix.net/png_h/8fac40b2fe24e09293d7a4d46b4a2fcea0ce220bba89d34e97d8ad9322a442fb20251013.png","","1","0 小時","58 分鐘","12 小時","https://pigfarmmix.net/png_h/97cbaccfa405480612d3bf7e152c0f7f8d8507099b5839dfa19df61f5181feec20251013.png","灰色 [活動圖鑑]","≤ 120.0 kg","≥ 120.0 kg","3500 pt","https://pigfarmmix.net/png_h/ae37f6e04cdc1a9c13b5d505e598173fcce41b6af8074c98d775c0f1c6b04d6c20251013.png","","https://pigfarmmix.net/png_h/8fac40b2fe24e09293d7a4d46b4a2fcea0ce220bba89d34e97d8ad9322a442fb20251013.png","https://pigfarmmix.net/png_h/8fac40b2fe24e09293d7a4d46b4a2fcea0ce220bba89d34e97d8ad9322a442fb20251013.png","",""
"1110","芒果豬","https://pigfarmmix.net/#/pig/1110","https://pigfarmmix.net/png_h/322d76cda240d9a826bd76619aa4fd0e4986ac03381f69d6b9c6c08719117c8420251013.png","https://pigfarmmix.net/png_h/8fac40b2fe24e09293d7a4d46b4a2fcea0ce220bba89d34e97d8ad9322a442fb20251013.png","","1","0 小時","58 分鐘","16 小時","https://pigfarmmix.net/png_h/a68119aa8a6ceba07cf7cd15c2c4ea3a6f2a3313e58a78a2ec1216d15999fb8f20251013.png","白色 [活動圖鑑]","≤ 120.0 kg","≥ 120.0 kg","3000 pt","https://pigfarmmix.net/png_h/a7c17665173739b203d7fab5046bd82964e973f62b1c34834f032ecb6c99fff520251013.png","","https://pigfarmmix.net/png_h/8fac40b2fe24e09293d7a4d46b4a2fcea0ce220bba89d34e97d8ad9322a442fb20251013.png","https://pigfarmmix.net/png_h/8fac40b2fe24e09293d7a4d46b4a2fcea0ce220bba89d34e97d8ad9322a442fb20251013.png","",""
"1111","豬藤勇","https://pigfarmmix.net/#/pig/1111","https://pigfarmmix.net/png_h/6e6110035e3768979aa4d8462ce86495642d5c6c85d1b4e1cd74acb1f4ad53b120251013.png","https://pigfarmmix.net/png_h/8fac40b2fe24e09293d7a4d46b4a2fcea0ce220bba89d34e97d8ad9322a442fb20251013.png","不挑食","6","0 小時","58 分鐘","24 小時","https://pigfarmmix.net/png_h/9fc1edfa8a25ba821f32de73ee24d6907de827874d33d8400a273fbe122ac58920251013.png","米色 [活動圖鑑]","≤ 120.0 kg","≥ 120.0 kg","5500 pt","","","https://pigfarmmix.net/png_h/8fac40b2fe24e09293d7a4d46b4a2fcea0ce220bba89d34e97d8ad9322a442fb20251013.png","https://pigfarmmix.net/png_h/8fac40b2fe24e09293d7a4d46b4a2fcea0ce220bba89d34e97d8ad9322a442fb20251013.png","https://pigfarmmix.net/png_h/8fac40b2fe24e09293d7a4d46b4a2fcea0ce220bba89d34e97d8ad9322a442fb20251013.png","https://pigfarmmix.net/png_h/8fac40b2fe24e09293d7a4d46b4a2fcea0ce220bba89d34e97d8ad9322a442fb20251013.png"
"1112","土方豬三","https://pigfarmmix.net/#/pig/1112","https://pigfarmmix.net/png_h/dfd6e0222782b249f92e5b1c46d6fca1ee408d32d2ea31c871ac45561f59614120251013.png","https://pigfarmmix.net/png_h/8fac40b2fe24e09293d7a4d46b4a2fcea0ce220bba89d34e97d8ad9322a442fb20251013.png","不挑食","3","0 小時","58 分鐘","20 小時","https://pigfarmmix.net/png_h/a6752c7f9968b9961d0e91ae2083fce3f62ee7ac7f4c8d0a45c0a32bae70c8f620251013.png","肉色 [活動圖鑑]","≤ 120.0 kg","≥ 120.0 kg","4500 pt","","","https://pigfarmmix.net/png_h/8fac40b2fe24e09293d7a4d46b4a2fcea0ce220bba89d34e97d8ad9322a442fb20251013.png","https://pigfarmmix.net/png_h/8fac40b2fe24e09293d7a4d46b4a2fcea0ce220bba89d34e97d8ad9322a442fb20251013.png","https://pigfarmmix.net/png_h/8fac40b2fe24e09293d7a4d46b4a2fcea0ce220bba89d34e97d8ad9322a442fb20251013.png",""
"1113","沖田豬司","https://pigfarmmix.net/#/pig/1113","https://pigfarmmix.net/png_h/d437f1e4c043888c95d809921ad923e062cd9fbda31f509104b7cb1d634c5d8f20251013.png","https://pigfarmmix.net/png_h/8fac40b2fe24e09293d7a4d46b4a2fcea0ce220bba89d34e97d8ad9322a442fb20251013.png","不挑食","1","0 小時","58 分鐘","18 小時","https://pigfarmmix.net/png_h/a68119aa8a6ceba07cf7cd15c2c4ea3a6f2a3313e58a78a2ec1216d15999fb8f20251013.png","白色 [活動圖鑑]","≤ 120.0 kg","≥ 120.0 kg","3500 pt","","","https://pigfarmmix.net/png_h/8fac40b2fe24e09293d7a4d46b4a2fcea0ce220bba89d34e97d8ad9322a442fb20251013.png","https://pigfarmmix.net/png_h/8fac40b2fe24e09293d7a4d46b4a2fcea0ce220bba89d34e97d8ad9322a442fb20251013.png","",""
"1114","紅寶石豬","https://pigfarmmix.net/#/pig/1114","https://pigfarmmix.net/png_h/47a0d6e0a3de57026999c9b7d1c2001875519e6a0bc62a742de2895effffe95920251013.png","https://pigfarmmix.net/png_h/8fac40b2fe24e09293d7a4d46b4a2fcea0ce220bba89d34e97d8ad9322a442fb20251013.png","不挑食","1","0 小時","58 分鐘","12 小時","https://pigfarmmix.net/png_h/46827eaf3344f3d5d59295ae2c237b7ef05252fa01f7f38bb1e57ac062d9c15520251013.png","粉紅 [活動圖鑑]","≤ 120.0 kg","≥ 120.0 kg","3500 pt","","","https://pigfarmmix.net/png_h/8fac40b2fe24e09293d7a4d46b4a2fcea0ce220bba89d34e97d8ad9322a442fb20251013.png","https://pigfarmmix.net/png_h/8fac40b2fe24e09293d7a4d46b4a2fcea0ce220bba89d34e97d8ad9322a442fb20251013.png","",""
"1115","溫布頓豬","https://pigfarmmix.net/#/pig/1115","https://pigfarmmix.net/png_h/57748d8663e15c54b9205a9ac94a7b4ef7dfb4914e483977df5f170db9b3924e20251013.png","https://pigfarmmix.net/png_h/8fac40b2fe24e09293d7a4d46b4a2fcea0ce220bba89d34e97d8ad9322a442fb20251013.png","不挑食","4","0 小時","58 分鐘","18 小時","https://pigfarmmix.net/png_h/9fc1edfa8a25ba821f32de73ee24d6907de827874d33d8400a273fbe122ac58920251013.png","米色 [活動圖鑑]","≤ 120.0 kg","≥ 120.0 kg","4000 pt","","","https://pigfarmmix.net/png_h/8fac40b2fe24e09293d7a4d46b4a2fcea0ce220bba89d34e97d8ad9322a442fb20251013.png","https://pigfarmmix.net/png_h/8fac40b2fe24e09293d7a4d46b4a2fcea0ce220bba89d34e97d8ad9322a442fb20251013.png","https://pigfarmmix.net/png_h/8fac40b2fe24e09293d7a4d46b4a2fcea0ce220bba89d34e97d8ad9322a442fb20251013.png",""
"1116","賽蓮豬","https://pigfarmmix.net/#/pig/1116","https://pigfarmmix.net/png_h/136c5373fb448c2447dd08ea3c78d5e72502498257e7be2aaa396c252b4682da20251013.png","https://pigfarmmix.net/png_h/8fac40b2fe24e09293d7a4d46b4a2fcea0ce220bba89d34e97d8ad9322a442fb20251013.png","不挑食","0","0 小時","58 分鐘","24 小時","https://pigfarmmix.net/png_h/a6752c7f9968b9961d0e91ae2083fce3f62ee7ac7f4c8d0a45c0a32bae70c8f620251013.png","肉色 [活動圖鑑]","≤ 120.0 kg","≥ 120.0 kg","10000 pt","","","https://pigfarmmix.net/png_h/8fac40b2fe24e09293d7a4d46b4a2fcea0ce220bba89d34e97d8ad9322a442fb20251013.png","https://pigfarmmix.net/png_h/8fac40b2fe24e09293d7a4d46b4a2fcea0ce220bba89d34e97d8ad9322a442fb20251013.png","https://pigfarmmix.net/png_h/8fac40b2fe24e09293d7a4d46b4a2fcea0ce220bba89d34e97d8ad9322a442fb20251013.png","https://pigfarmmix.net/png_h/8fac40b2fe24e09293d7a4d46b4a2fcea0ce220bba89d34e97d8ad9322a442fb20251013.png"
"1117","橄欖石豬","https://pigfarmmix.net/#/pig/1117","https://pigfarmmix.net/png_h/5f71ac0928239100ac9a1f92f784a227ba2b62a2e2c6658bd67534b2431e746820251013.png","https://pigfarmmix.net/png_h/8fac40b2fe24e09293d7a4d46b4a2fcea0ce220bba89d34e97d8ad9322a442fb20251013.png","不挑食","3","0 小時","58 分鐘","12 小時","https://pigfarmmix.net/png_h/9fc1edfa8a25ba821f32de73ee24d6907de827874d33d8400a273fbe122ac58920251013.png","米色 [活動圖鑑]","≤ 120.0 kg","≥ 120.0 kg","3500 pt","","","https://pigfarmmix.net/png_h/8fac40b2fe24e09293d7a4d46b4a2fcea0ce220bba89d34e97d8ad9322a442fb20251013.png","https://pigfarmmix.net/png_h/8fac40b2fe24e09293d7a4d46b4a2fcea0ce220bba89d34e97d8ad9322a442fb20251013.png","",""
"1118","番茄節豬","https://pigfarmmix.net/#/pig/1118","https://pigfarmmix.net/png_h/546d6b5853113eff8198173a7beb4a2c9ca75e85f4a973a13e2e5d7e05027ca120251013.png","https://pigfarmmix.net/png_h/8fac40b2fe24e09293d7a4d46b4a2fcea0ce220bba89d34e97d8ad9322a442fb20251013.png","不挑食","4","0 小時","58 分鐘","18 小時","https://pigfarmmix.net/png_h/46827eaf3344f3d5d59295ae2c237b7ef05252fa01f7f38bb1e57ac062d9c15520251013.png","粉紅 [活動圖鑑]","≤ 120.0 kg","≥ 120.0 kg","3000 pt","","","https://pigfarmmix.net/png_h/8fac40b2fe24e09293d7a4d46b4a2fcea0ce220bba89d34e97d8ad9322a442fb20251013.png","https://pigfarmmix.net/png_h/8fac40b2fe24e09293d7a4d46b4a2fcea0ce220bba89d34e97d8ad9322a442fb20251013.png","",""
"1119","鍬形蟲豬","https://pigfarmmix.net/#/pig/1119","https://pigfarmmix.net/png_h/784759a7117ecedfe241f8db6ae41284dbf79227fb119c225eabca474ad4d3f820251013.png","https://pigfarmmix.net/png_h/8fac40b2fe24e09293d7a4d46b4a2fcea0ce220bba89d34e97d8ad9322a442fb20251013.png","","3","0 小時","58 分鐘","20 小時","https://pigfarmmix.net/png_h/811992418c93eac5c6722e48989ba638bc739f8c763e8aa6fccb0cdb69e091ae20251013.png","野豬 [活動圖鑑]","≤ 120.0 kg","≥ 120.0 kg","4500 pt","https://pigfarmmix.net/png_h/a7c17665173739b203d7fab5046bd82964e973f62b1c34834f032ecb6c99fff520251013.png","","https://pigfarmmix.net/png_h/8fac40b2fe24e09293d7a4d46b4a2fcea0ce220bba89d34e97d8ad9322a442fb20251013.png","https://pigfarmmix.net/png_h/8fac40b2fe24e09293d7a4d46b4a2fcea0ce220bba89d34e97d8ad9322a442fb20251013.png","https://pigfarmmix.net/png_h/8fac40b2fe24e09293d7a4d46b4a2fcea0ce220bba89d34e97d8ad9322a442fb20251013.png",""
"1120","獨角仙豬","https://pigfarmmix.net/#/pig/1120","https://pigfarmmix.net/png_h/279eaa6d225431df90c68e26743058fb762636a43f437220a3a3b3326c03ee3220251013.png","https://pigfarmmix.net/png_h/8fac40b2fe24e09293d7a4d46b4a2fcea0ce220bba89d34e97d8ad9322a442fb20251013.png","","5","0 小時","58 分鐘","20 小時","https://pigfarmmix.net/png_h/811992418c93eac5c6722e48989ba638bc739f8c763e8aa6fccb0cdb69e091ae20251013.png","野豬 [活動圖鑑]","≤ 120.0 kg","≥ 120.0 kg","4500 pt","https://pigfarmmix.net/png_h/a7c17665173739b203d7fab5046bd82964e973f62b1c34834f032ecb6c99fff520251013.png","","https://pigfarmmix.net/png_h/8fac40b2fe24e09293d7a4d46b4a2fcea0ce220bba89d34e97d8ad9322a442fb20251013.png","https://pigfarmmix.net/png_h/8fac40b2fe24e09293d7a4d46b4a2fcea0ce220bba89d34e97d8ad9322a442fb20251013.png","https://pigfarmmix.net/png_h/8fac40b2fe24e09293d7a4d46b4a2fcea0ce220bba89d34e97d8ad9322a442fb20251013.png",""
"1121","藍寶石豬","https://pigfarmmix.net/#/pig/1121","https://pigfarmmix.net/png_h/f8b74fb47481fa48fd714896f7297c330f5537546b2cb040e523c3af071b268620251013.png","https://pigfarmmix.net/png_h/8fac40b2fe24e09293d7a4d46b4a2fcea0ce220bba89d34e97d8ad9322a442fb20251013.png","","2","0 小時","58 分鐘","12 小時","https://pigfarmmix.net/png_h/a68119aa8a6ceba07cf7cd15c2c4ea3a6f2a3313e58a78a2ec1216d15999fb8f20251013.png","白色 [活動圖鑑]","≤ 120.0 kg","≥ 120.0 kg","3500 pt","https://pigfarmmix.net/png_h/a7c17665173739b203d7fab5046bd82964e973f62b1c34834f032ecb6c99fff520251013.png","","https://pigfarmmix.net/png_h/8fac40b2fe24e09293d7a4d46b4a2fcea0ce220bba89d34e97d8ad9322a442fb20251013.png","https://pigfarmmix.net/png_h/8fac40b2fe24e09293d7a4d46b4a2fcea0ce220bba89d34e97d8ad9322a442fb20251013.png","",""
"1122","夏威夷皇室豬","https://pigfarmmix.net/#/pig/1122","https://pigfarmmix.net/png_h/2320e07451f51fe96739e0b3b1f067534eabc97d3e01b63dbd374583f570077f20251013.png","https://pigfarmmix.net/png_h/8fac40b2fe24e09293d7a4d46b4a2fcea0ce220bba89d34e97d8ad9322a442fb20251013.png","","4","0 小時","58 分鐘","18 小時","https://pigfarmmix.net/png_h/9fc1edfa8a25ba821f32de73ee24d6907de827874d33d8400a273fbe122ac58920251013.png","米色 [活動圖鑑]","≤ 120.0 kg","≥ 120.0 kg","4500 pt","https://pigfarmmix.net/png_h/8634aa677090b5bfca798d786e8ef2e14d04de87c2335c7e4a7052c45d83ddd120251013.png","","https://pigfarmmix.net/png_h/8fac40b2fe24e09293d7a4d46b4a2fcea0ce220bba89d34e97d8ad9322a442fb20251013.png","https://pigfarmmix.net/png_h/8fac40b2fe24e09293d7a4d46b4a2fcea0ce220bba89d34e97d8ad9322a442fb20251013.png","https://pigfarmmix.net/png_h/8fac40b2fe24e09293d7a4d46b4a2fcea0ce220bba89d34e97d8ad9322a442fb20251013.png",""
"1123","麒麟豬","https://pigfarmmix.net/#/pig/1123","https://pigfarmmix.net/png_h/a5f4ae1c2315b3f6f9ec9241dae3ae9f9becce860b8eba72d3e8690801d92db420251013.png","https://pigfarmmix.net/png_h/8fac40b2fe24e09293d7a4d46b4a2fcea0ce220bba89d34e97d8ad9322a442fb20251013.png","不挑食","0","0 小時","58 分鐘","24 小時","https://pigfarmmix.net/png_h/a68119aa8a6ceba07cf7cd15c2c4ea3a6f2a3313e58a78a2ec1216d15999fb8f20251013.png","白色 [活動圖鑑]","≤ 120.0 kg","≥ 120.0 kg","10000 pt","","","https://pigfarmmix.net/png_h/8fac40b2fe24e09293d7a4d46b4a2fcea0ce220bba89d34e97d8ad9322a442fb20251013.png","https://pigfarmmix.net/png_h/8fac40b2fe24e09293d7a4d46b4a2fcea0ce220bba89d34e97d8ad9322a442fb20251013.png","https://pigfarmmix.net/png_h/8fac40b2fe24e09293d7a4d46b4a2fcea0ce220bba89d34e97d8ad9322a442fb20251013.png","https://pigfarmmix.net/png_h/8fac40b2fe24e09293d7a4d46b4a2fcea0ce220bba89d34e97d8ad9322a442fb20251013.png"
"1124","赫克力士長戟大兜豬","https://pigfarmmix.net/#/pig/1124","https://pigfarmmix.net/png_h/27af12dfe87c724d20930a285a593f39bff4f5af9fed6ab316dad32905ebcb4920251013.png","https://pigfarmmix.net/png_h/8fac40b2fe24e09293d7a4d46b4a2fcea0ce220bba89d34e97d8ad9322a442fb20251013.png","","7","60 分鐘","1 小時","24 小時","https://pigfarmmix.net/png_h/811992418c93eac5c6722e48989ba638bc739f8c763e8aa6fccb0cdb69e091ae20251013.png","野豬 [活動圖鑑]","≤ 120.0 kg","≥ 120.0 kg","8500 pt","https://pigfarmmix.net/png_h/a7c17665173739b203d7fab5046bd82964e973f62b1c34834f032ecb6c99fff520251013.png","27.34%","https://pigfarmmix.net/png_h/8fac40b2fe24e09293d7a4d46b4a2fcea0ce220bba89d34e97d8ad9322a442fb20251013.png","https://pigfarmmix.net/png_h/8fac40b2fe24e09293d7a4d46b4a2fcea0ce220bba89d34e97d8ad9322a442fb20251013.png","https://pigfarmmix.net/png_h/8fac40b2fe24e09293d7a4d46b4a2fcea0ce220bba89d34e97d8ad9322a442fb20251013.png","https://pigfarmmix.net/png_h/8fac40b2fe24e09293d7a4d46b4a2fcea0ce220bba89d34e97d8ad9322a442fb20251013.png"
"1125","蛋白石豬","https://pigfarmmix.net/#/pig/1125","https://pigfarmmix.net/png_h/8e500d28cd207cf3c7cf88cd8c5bfe65906b0a2b254c2206b189262381e8dfc620251013.png","https://pigfarmmix.net/png_h/8fac40b2fe24e09293d7a4d46b4a2fcea0ce220bba89d34e97d8ad9322a442fb20251013.png","不挑食","1","60 分鐘","1 小時","12 小時","https://pigfarmmix.net/png_h/a68119aa8a6ceba07cf7cd15c2c4ea3a6f2a3313e58a78a2ec1216d15999fb8f20251013.png","白色 [活動圖鑑]","≤ 120.0 kg","≥ 120.0 kg","3500 pt","","","https://pigfarmmix.net/png_h/8fac40b2fe24e09293d7a4d46b4a2fcea0ce220bba89d34e97d8ad9322a442fb20251013.png","https://pigfarmmix.net/png_h/8fac40b2fe24e09293d7a4d46b4a2fcea0ce220bba89d34e97d8ad9322a442fb20251013.png","",""
"1126","菊豬形","https://pigfarmmix.net/#/pig/1126","https://pigfarmmix.net/png_h/844d2068104f847a01bedd0e9dc7595250ba27d1229ef4efe7b291f30d1ce7bb20251013.png","https://pigfarmmix.net/png_h/8fac40b2fe24e09293d7a4d46b4a2fcea0ce220bba89d34e97d8ad9322a442fb20251013.png","","3","60 分鐘","1 小時","20 小時","https://pigfarmmix.net/png_h/a68119aa8a6ceba07cf7cd15c2c4ea3a6f2a3313e58a78a2ec1216d15999fb8f20251013.png","白色 [活動圖鑑]","≤ 120.0 kg","≥ 120.0 kg","4000 pt","https://pigfarmmix.net/png_h/ae37f6e04cdc1a9c13b5d505e598173fcce41b6af8074c98d775c0f1c6b04d6c20251013.png","","https://pigfarmmix.net/png_h/8fac40b2fe24e09293d7a4d46b4a2fcea0ce220bba89d34e97d8ad9322a442fb20251013.png","https://pigfarmmix.net/png_h/8fac40b2fe24e09293d7a4d46b4a2fcea0ce220bba89d34e97d8ad9322a442fb20251013.png","",""
"1127","海豚豬","https://pigfarmmix.net/#/pig/1127","https://pigfarmmix.net/png_h/385f03ad7124070fda6602c45b39df5825726e4496736aba8c96d786e9f2daab20251013.png","https://pigfarmmix.net/png_h/8fac40b2fe24e09293d7a4d46b4a2fcea0ce220bba89d34e97d8ad9322a442fb20251013.png","不挑食","3","0 小時","58 分鐘","18 小時","https://pigfarmmix.net/png_h/97cbaccfa405480612d3bf7e152c0f7f8d8507099b5839dfa19df61f5181feec20251013.png","灰色 [活動圖鑑]","≤ 120.0 kg","≥ 120.0 kg","3500 pt","","","https://pigfarmmix.net/png_h/8fac40b2fe24e09293d7a4d46b4a2fcea0ce220bba89d34e97d8ad9322a442fb20251013.png","https://pigfarmmix.net/png_h/8fac40b2fe24e09293d7a4d46b4a2fcea0ce220bba89d34e97d8ad9322a442fb20251013.png","",""
"1128","鯨魚豬","https://pigfarmmix.net/#/pig/1128","https://pigfarmmix.net/png_h/3a5d980fbb77a169b847f13ebe228f3a2ee0a1a1ed2ff62d508ba63106df27e420251013.png","https://pigfarmmix.net/png_h/8fac40b2fe24e09293d7a4d46b4a2fcea0ce220bba89d34e97d8ad9322a442fb20251013.png","不挑食","6","60 分鐘","1 小時","24 小時","https://pigfarmmix.net/png_h/97cbaccfa405480612d3bf7e152c0f7f8d8507099b5839dfa19df61f5181feec20251013.png","灰色 [活動圖鑑]","≤ 120.0 kg","≥ 120.0 kg","4500 pt","","","https://pigfarmmix.net/png_h/8fac40b2fe24e09293d7a4d46b4a2fcea0ce220bba89d34e97d8ad9322a442fb20251013.png","https://pigfarmmix.net/png_h/8fac40b2fe24e09293d7a4d46b4a2fcea0ce220bba89d34e97d8ad9322a442fb20251013.png","https://pigfarmmix.net/png_h/8fac40b2fe24e09293d7a4d46b4a2fcea0ce220bba89d34e97d8ad9322a442fb20251013.png",""
"1129","虎鯨豬","https://pigfarmmix.net/#/pig/1129","https://pigfarmmix.net/png_h/6f5c48529c67a9b4a528977ce9633ff87cdff6eb482d038e9d08f8cc428b226820251013.png","https://pigfarmmix.net/png_h/8fac40b2fe24e09293d7a4d46b4a2fcea0ce220bba89d34e97d8ad9322a442fb20251013.png","不挑食","5","0 小時","58 分鐘","20 小時","https://pigfarmmix.net/png_h/97cbaccfa405480612d3bf7e152c0f7f8d8507099b5839dfa19df61f5181feec20251013.png","灰色 [活動圖鑑]","≤ 120.0 kg","≥ 120.0 kg","4000 pt","","","https://pigfarmmix.net/png_h/8fac40b2fe24e09293d7a4d46b4a2fcea0ce220bba89d34e97d8ad9322a442fb20251013.png","https://pigfarmmix.net/png_h/8fac40b2fe24e09293d7a4d46b4a2fcea0ce220bba89d34e97d8ad9322a442fb20251013.png","https://pigfarmmix.net/png_h/8fac40b2fe24e09293d7a4d46b4a2fcea0ce220bba89d34e97d8ad9322a442fb20251013.png",""
"1130","黃水晶豬","https://pigfarmmix.net/#/pig/1130","https://pigfarmmix.net/png_h/306d329e3acaf94c5fbfae46b196b4e51f04f1f527afa22955038415cd0f832b20251013.png","https://pigfarmmix.net/png_h/8fac40b2fe24e09293d7a4d46b4a2fcea0ce220bba89d34e97d8ad9322a442fb20251013.png","","2","0 小時","58 分鐘","12 小時","https://pigfarmmix.net/png_h/a68119aa8a6ceba07cf7cd15c2c4ea3a6f2a3313e58a78a2ec1216d15999fb8f20251013.png","白色 [活動圖鑑]","≤ 120.0 kg","≥ 120.0 kg","3500 pt","https://pigfarmmix.net/png_h/8634aa677090b5bfca798d786e8ef2e14d04de87c2335c7e4a7052c45d83ddd120251013.png","","https://pigfarmmix.net/png_h/8fac40b2fe24e09293d7a4d46b4a2fcea0ce220bba89d34e97d8ad9322a442fb20251013.png","https://pigfarmmix.net/png_h/8fac40b2fe24e09293d7a4d46b4a2fcea0ce220bba89d34e97d8ad9322a442fb20251013.png","",""
"1131","電視豬","https://pigfarmmix.net/#/pig/1131","https://pigfarmmix.net/png_h/a1477814011b10e6115d2bbeda7f99c8231a5b08c7f0d1928513fa8d0a7488ff20251013.png","https://pigfarmmix.net/png_h/8fac40b2fe24e09293d7a4d46b4a2fcea0ce220bba89d34e97d8ad9322a442fb20251013.png","不挑食","3","60 分鐘","1 小時","12 小時","https://pigfarmmix.net/png_h/a6752c7f9968b9961d0e91ae2083fce3f62ee7ac7f4c8d0a45c0a32bae70c8f620251013.png","肉色 [活動圖鑑]","≤ 120.0 kg","≥ 120.0 kg","3000 pt","","","https://pigfarmmix.net/png_h/8fac40b2fe24e09293d7a4d46b4a2fcea0ce220bba89d34e97d8ad9322a442fb20251013.png","https://pigfarmmix.net/png_h/8fac40b2fe24e09293d7a4d46b4a2fcea0ce220bba89d34e97d8ad9322a442fb20251013.png","",""
"1132","玉藻豬","https://pigfarmmix.net/#/pig/1132","https://pigfarmmix.net/png_h/2632d572dea3c9a99db61206c8599c13b916e4f51109d8c35eb20d3eb41cb78d20251013.png","https://pigfarmmix.net/png_h/8fac40b2fe24e09293d7a4d46b4a2fcea0ce220bba89d34e97d8ad9322a442fb20251013.png","不挑食","0","0 小時","58 分鐘","24 小時","https://pigfarmmix.net/png_h/46827eaf3344f3d5d59295ae2c237b7ef05252fa01f7f38bb1e57ac062d9c15520251013.png","粉紅 [活動圖鑑]","≤ 120.0 kg","≥ 120.0 kg","10000 pt","","","https://pigfarmmix.net/png_h/8fac40b2fe24e09293d7a4d46b4a2fcea0ce220bba89d34e97d8ad9322a442fb20251013.png","https://pigfarmmix.net/png_h/8fac40b2fe24e09293d7a4d46b4a2fcea0ce220bba89d34e97d8ad9322a442fb20251013.png","https://pigfarmmix.net/png_h/8fac40b2fe24e09293d7a4d46b4a2fcea0ce220bba89d34e97d8ad9322a442fb20251013.png","https://pigfarmmix.net/png_h/8fac40b2fe24e09293d7a4d46b4a2fcea0ce220bba89d34e97d8ad9322a442fb20251013.png"
"1133","土耳其石豬","https://pigfarmmix.net/#/pig/1133","https://pigfarmmix.net/png_h/5e841c9746a49fd63c7e1b61e0cb915a2b5d120e559e870dc9a5c80ab9ec8f4020251013.png","https://pigfarmmix.net/png_h/8fac40b2fe24e09293d7a4d46b4a2fcea0ce220bba89d34e97d8ad9322a442fb20251013.png","","6","0 小時","58 分鐘","24 小時","https://pigfarmmix.net/png_h/a68119aa8a6ceba07cf7cd15c2c4ea3a6f2a3313e58a78a2ec1216d15999fb8f20251013.png","白色 [活動圖鑑]","≤ 120.0 kg","≥ 120.0 kg","4000 pt","https://pigfarmmix.net/png_h/8634aa677090b5bfca798d786e8ef2e14d04de87c2335c7e4a7052c45d83ddd120251013.png","","https://pigfarmmix.net/png_h/8fac40b2fe24e09293d7a4d46b4a2fcea0ce220bba89d34e97d8ad9322a442fb20251013.png","https://pigfarmmix.net/png_h/8fac40b2fe24e09293d7a4d46b4a2fcea0ce220bba89d34e97d8ad9322a442fb20251013.png","https://pigfarmmix.net/png_h/8fac40b2fe24e09293d7a4d46b4a2fcea0ce220bba89d34e97d8ad9322a442fb20251013.png",""
"1134","聖誕樹幹蛋糕豬","https://pigfarmmix.net/#/pig/1134","https://pigfarmmix.net/png_h/d60eded88c5b0e44abf2080ea67c0df2a84e0ec4548bcf72b0c190f6e3f23de820251013.png","https://pigfarmmix.net/png_h/8fac40b2fe24e09293d7a4d46b4a2fcea0ce220bba89d34e97d8ad9322a442fb20251013.png","","2","0 小時","58 分鐘","12 小時","https://pigfarmmix.net/png_h/9fc1edfa8a25ba821f32de73ee24d6907de827874d33d8400a273fbe122ac58920251013.png","米色 [活動圖鑑]","≤ 120.0 kg","≥ 120.0 kg","3500 pt","https://pigfarmmix.net/png_h/d48df30397ce33593ddd99a7039b689c0ca8147be77810da82091e7db2ac5ba720251013.png","","https://pigfarmmix.net/png_h/8fac40b2fe24e09293d7a4d46b4a2fcea0ce220bba89d34e97d8ad9322a442fb20251013.png","https://pigfarmmix.net/png_h/8fac40b2fe24e09293d7a4d46b4a2fcea0ce220bba89d34e97d8ad9322a442fb20251013.png","",""
"1135","華生豬","https://pigfarmmix.net/#/pig/1135","https://pigfarmmix.net/png_h/3ea6792579adc32e182cae2522dabd6a62934233c4b4e9fd1504ba91c83c838020251013.png","https://pigfarmmix.net/png_h/8fac40b2fe24e09293d7a4d46b4a2fcea0ce220bba89d34e97d8ad9322a442fb20251013.png","不挑食","3","0 小時","58 分鐘","20 小時","https://pigfarmmix.net/png_h/a6752c7f9968b9961d0e91ae2083fce3f62ee7ac7f4c8d0a45c0a32bae70c8f620251013.png","肉色 [活動圖鑑]","≤ 120.0 kg","≥ 120.0 kg","3000 pt","","11.32%","https://pigfarmmix.net/png_h/8fac40b2fe24e09293d7a4d46b4a2fcea0ce220bba89d34e97d8ad9322a442fb20251013.png","https://pigfarmmix.net/png_h/8fac40b2fe24e09293d7a4d46b4a2fcea0ce220bba89d34e97d8ad9322a442fb20251013.png","",""
"1136","豬姆斯·莫里亞蒂","https://pigfarmmix.net/#/pig/1136","https://pigfarmmix.net/png_h/75cbbc946e641fd2eeb3e67dc2f08997267873e7fbff8995605e70c63a18634b20251013.png","https://pigfarmmix.net/png_h/8fac40b2fe24e09293d7a4d46b4a2fcea0ce220bba89d34e97d8ad9322a442fb20251013.png","","1","60 分鐘","1 小時","12 小時","https://pigfarmmix.net/png_h/a68119aa8a6ceba07cf7cd15c2c4ea3a6f2a3313e58a78a2ec1216d15999fb8f20251013.png","白色 [活動圖鑑]","≤ 120.0 kg","≥ 120.0 kg","3500 pt","https://pigfarmmix.net/png_h/a7c17665173739b203d7fab5046bd82964e973f62b1c34834f032ecb6c99fff520251013.png","14.90%","https://pigfarmmix.net/png_h/8fac40b2fe24e09293d7a4d46b4a2fcea0ce220bba89d34e97d8ad9322a442fb20251013.png","https://pigfarmmix.net/png_h/8fac40b2fe24e09293d7a4d46b4a2fcea0ce220bba89d34e97d8ad9322a442fb20251013.png","",""
"1137","石榴石豬","https://pigfarmmix.net/#/pig/1137","https://pigfarmmix.net/png_h/a7e47eebf4a2d8413163c40327d210417f09e8f1c3b416a769429f8209f8076520251013.png","https://pigfarmmix.net/png_h/8fac40b2fe24e09293d7a4d46b4a2fcea0ce220bba89d34e97d8ad9322a442fb20251013.png","","4","0 小時","58 分鐘","20 小時","https://pigfarmmix.net/png_h/46827eaf3344f3d5d59295ae2c237b7ef05252fa01f7f38bb1e57ac062d9c15520251013.png","粉紅 [活動圖鑑]","≤ 120.0 kg","≥ 120.0 kg","4000 pt","https://pigfarmmix.net/png_h/d48df30397ce33593ddd99a7039b689c0ca8147be77810da82091e7db2ac5ba720251013.png","","https://pigfarmmix.net/png_h/8fac40b2fe24e09293d7a4d46b4a2fcea0ce220bba89d34e97d8ad9322a442fb20251013.png","https://pigfarmmix.net/png_h/8fac40b2fe24e09293d7a4d46b4a2fcea0ce220bba89d34e97d8ad9322a442fb20251013.png","https://pigfarmmix.net/png_h/8fac40b2fe24e09293d7a4d46b4a2fcea0ce220bba89d34e97d8ad9322a442fb20251013.png",""
"1138","斑馬豬","https://pigfarmmix.net/#/pig/1138","https://pigfarmmix.net/png_h/3e0dae1fd08b7e6d9990dda4b64975937c8aa7f07dca20a51c077d4eef8e243720251013.png","https://pigfarmmix.net/png_h/8fac40b2fe24e09293d7a4d46b4a2fcea0ce220bba89d34e97d8ad9322a442fb20251013.png","","1","0 小時","58 分鐘","12 小時","https://pigfarmmix.net/png_h/a68119aa8a6ceba07cf7cd15c2c4ea3a6f2a3313e58a78a2ec1216d15999fb8f20251013.png","白色 [活動圖鑑]","≤ 120.0 kg","≥ 120.0 kg","3000 pt","https://pigfarmmix.net/png_h/a7c17665173739b203d7fab5046bd82964e973f62b1c34834f032ecb6c99fff520251013.png","","https://pigfarmmix.net/png_h/8fac40b2fe24e09293d7a4d46b4a2fcea0ce220bba89d34e97d8ad9322a442fb20251013.png","https://pigfarmmix.net/png_h/8fac40b2fe24e09293d7a4d46b4a2fcea0ce220bba89d34e97d8ad9322a442fb20251013.png","",""
"1139","豬拉特・伍茲怪物","https://pigfarmmix.net/#/pig/1139","https://pigfarmmix.net/png_h/eeb9a875278d4baa6bbb2e0154a34e50d92f78fdd49523758f078fe91f8ea19b20251013.png","https://pigfarmmix.net/png_h/8fac40b2fe24e09293d7a4d46b4a2fcea0ce220bba89d34e97d8ad9322a442fb20251013.png","不挑食","0","0 小時","58 分鐘","20 小時","https://pigfarmmix.net/png_h/811992418c93eac5c6722e48989ba638bc739f8c763e8aa6fccb0cdb69e091ae20251013.png","野豬 [活動圖鑑]","≤ 120.0 kg","≥ 120.0 kg","10000 pt","","","https://pigfarmmix.net/png_h/8fac40b2fe24e09293d7a4d46b4a2fcea0ce220bba89d34e97d8ad9322a442fb20251013.png","https://pigfarmmix.net/png_h/8fac40b2fe24e09293d7a4d46b4a2fcea0ce220bba89d34e97d8ad9322a442fb20251013.png","https://pigfarmmix.net/png_h/8fac40b2fe24e09293d7a4d46b4a2fcea0ce220bba89d34e97d8ad9322a442fb20251013.png","https://pigfarmmix.net/png_h/8fac40b2fe24e09293d7a4d46b4a2fcea0ce220bba89d34e97d8ad9322a442fb20251013.png"
"1140","紫水晶豬","https://pigfarmmix.net/#/pig/1140","https://pigfarmmix.net/png_h/5da852f24a9c9ab6f50abe64d3f471398b3f39f51cdc179d8d798f3b4eda49da20251013.png","https://pigfarmmix.net/png_h/8fac40b2fe24e09293d7a4d46b4a2fcea0ce220bba89d34e97d8ad9322a442fb20251013.png","","4","60 分鐘","1 小時","16 小時","https://pigfarmmix.net/png_h/46827eaf3344f3d5d59295ae2c237b7ef05252fa01f7f38bb1e57ac062d9c15520251013.png","粉紅 [活動圖鑑]","≤ 120.0 kg","≥ 120.0 kg","4000 pt","https://pigfarmmix.net/png_h/ae37f6e04cdc1a9c13b5d505e598173fcce41b6af8074c98d775c0f1c6b04d6c20251013.png","","https://pigfarmmix.net/png_h/8fac40b2fe24e09293d7a4d46b4a2fcea0ce220bba89d34e97d8ad9322a442fb20251013.png","https://pigfarmmix.net/png_h/8fac40b2fe24e09293d7a4d46b4a2fcea0ce220bba89d34e97d8ad9322a442fb20251013.png","https://pigfarmmix.net/png_h/8fac40b2fe24e09293d7a4d46b4a2fcea0ce220bba89d34e97d8ad9322a442fb20251013.png",""
"1141","驅冬鬼節面具豬","https://pigfarmmix.net/#/pig/1141","https://pigfarmmix.net/png_h/92e6520ca0553d677003523dc395a462cfb1d6fbbdcd0e45c246e7f0f2cb9dba20251013.png","https://pigfarmmix.net/png_h/8fac40b2fe24e09293d7a4d46b4a2fcea0ce220bba89d34e97d8ad9322a442fb20251013.png","不挑食","6","0 小時","58 分鐘","24 小時","https://pigfarmmix.net/png_h/a6752c7f9968b9961d0e91ae2083fce3f62ee7ac7f4c8d0a45c0a32bae70c8f620251013.png","肉色 [活動圖鑑]","≤ 120.0 kg","≥ 120.0 kg","4000 pt","","","https://pigfarmmix.net/png_h/8fac40b2fe24e09293d7a4d46b4a2fcea0ce220bba89d34e97d8ad9322a442fb20251013.png","https://pigfarmmix.net/png_h/8fac40b2fe24e09293d7a4d46b4a2fcea0ce220bba89d34e97d8ad9322a442fb20251013.png","https://pigfarmmix.net/png_h/8fac40b2fe24e09293d7a4d46b4a2fcea0ce220bba89d34e97d8ad9322a442fb20251013.png",""
"1142","秘密捕吏豬","https://pigfarmmix.net/#/pig/1142","https://pigfarmmix.net/png_h/8ca694aea0718b21c36faf52cdf9219ce2815b9aed9dda39e2dd3e5bb60ba34020251013.png","https://pigfarmmix.net/png_h/8fac40b2fe24e09293d7a4d46b4a2fcea0ce220bba89d34e97d8ad9322a442fb20251013.png","不挑食","1","60 分鐘","1 小時","10 小時","https://pigfarmmix.net/png_h/a6752c7f9968b9961d0e91ae2083fce3f62ee7ac7f4c8d0a45c0a32bae70c8f620251013.png","肉色 [活動圖鑑]","≤ 120.0 kg","≥ 120.0 kg","3000 pt","","11.32%","https://pigfarmmix.net/png_h/8fac40b2fe24e09293d7a4d46b4a2fcea0ce220bba89d34e97d8ad9322a442fb20251013.png","https://pigfarmmix.net/png_h/8fac40b2fe24e09293d7a4d46b4a2fcea0ce220bba89d34e97d8ad9322a442fb20251013.png","",""
"1143","小偷豬","https://pigfarmmix.net/#/pig/1143","https://pigfarmmix.net/png_h/025ddce6c417384498c60238daae99e0752c1ce1a7ecc5af42d71d0f5428eb4c20251013.png","https://pigfarmmix.net/png_h/8fac40b2fe24e09293d7a4d46b4a2fcea0ce220bba89d34e97d8ad9322a442fb20251013.png","","2","0 小時","58 分鐘","9 小時","https://pigfarmmix.net/png_h/9fc1edfa8a25ba821f32de73ee24d6907de827874d33d8400a273fbe122ac58920251013.png","米色 [活動圖鑑]","≤ 120.0 kg","≥ 120.0 kg","3500 pt","https://pigfarmmix.net/png_h/1083a39a293067c36e6e25b013d3a87904536ffef5349212d9a97fae8ca2b74420251013.png","21.35%","https://pigfarmmix.net/png_h/8fac40b2fe24e09293d7a4d46b4a2fcea0ce220bba89d34e97d8ad9322a442fb20251013.png","https://pigfarmmix.net/png_h/8fac40b2fe24e09293d7a4d46b4a2fcea0ce220bba89d34e97d8ad9322a442fb20251013.png","",""
"1144","地球豬","https://pigfarmmix.net/#/pig/1144","https://pigfarmmix.net/png_h/9d990f9735c3df3908e6bcdef34bc84c4135c4e8349ee52871c4e0aad6aa287320251013.png","https://pigfarmmix.net/png_h/8fac40b2fe24e09293d7a4d46b4a2fcea0ce220bba89d34e97d8ad9322a442fb20251013.png","不挑食","3","0 小時","58 分鐘","12 小時","https://pigfarmmix.net/png_h/a68119aa8a6ceba07cf7cd15c2c4ea3a6f2a3313e58a78a2ec1216d15999fb8f20251013.png","白色 [活動圖鑑]","≤ 120.0 kg","≥ 120.0 kg","3000 pt","","","https://pigfarmmix.net/png_h/8fac40b2fe24e09293d7a4d46b4a2fcea0ce220bba89d34e97d8ad9322a442fb20251013.png","https://pigfarmmix.net/png_h/8fac40b2fe24e09293d7a4d46b4a2fcea0ce220bba89d34e97d8ad9322a442fb20251013.png","",""
"1145","女皇豬","https://pigfarmmix.net/#/pig/1145","https://pigfarmmix.net/png_h/fab4643e95916c9f0df3c5267efd81c1baad84afe6e4657a765c57af888abe9720251013.png","https://pigfarmmix.net/png_h/8fac40b2fe24e09293d7a4d46b4a2fcea0ce220bba89d34e97d8ad9322a442fb20251013.png","","3","60 分鐘","1 小時","20 小時","https://pigfarmmix.net/png_h/46827eaf3344f3d5d59295ae2c237b7ef05252fa01f7f38bb1e57ac062d9c15520251013.png","粉紅 [活動圖鑑]","≤ 120.0 kg","≥ 120.0 kg","6000 pt","https://pigfarmmix.net/png_h/a7c17665173739b203d7fab5046bd82964e973f62b1c34834f032ecb6c99fff520251013.png","","https://pigfarmmix.net/png_h/8fac40b2fe24e09293d7a4d46b4a2fcea0ce220bba89d34e97d8ad9322a442fb20251013.png","https://pigfarmmix.net/png_h/8fac40b2fe24e09293d7a4d46b4a2fcea0ce220bba89d34e97d8ad9322a442fb20251013.png","https://pigfarmmix.net/png_h/8fac40b2fe24e09293d7a4d46b4a2fcea0ce220bba89d34e97d8ad9322a442fb20251013.png","https://pigfarmmix.net/png_h/8fac40b2fe24e09293d7a4d46b4a2fcea0ce220bba89d34e97d8ad9322a442fb20251013.png"
"1146","加百列豬","https://pigfarmmix.net/#/pig/1146","https://pigfarmmix.net/png_h/e89ceb6829f9ef7b1fe2a95ac636a61f53e1b5f0c6e408737ac7a3d53d89daba20251013.png","https://pigfarmmix.net/png_h/8fac40b2fe24e09293d7a4d46b4a2fcea0ce220bba89d34e97d8ad9322a442fb20251013.png","不挑食","0","0 小時","58 分鐘","12 小時","https://pigfarmmix.net/png_h/a6752c7f9968b9961d0e91ae2083fce3f62ee7ac7f4c8d0a45c0a32bae70c8f620251013.png","肉色 [活動圖鑑]","≤ 120.0 kg","≥ 120.0 kg","10000 pt","","","https://pigfarmmix.net/png_h/8fac40b2fe24e09293d7a4d46b4a2fcea0ce220bba89d34e97d8ad9322a442fb20251013.png","https://pigfarmmix.net/png_h/8fac40b2fe24e09293d7a4d46b4a2fcea0ce220bba89d34e97d8ad9322a442fb20251013.png","https://pigfarmmix.net/png_h/8fac40b2fe24e09293d7a4d46b4a2fcea0ce220bba89d34e97d8ad9322a442fb20251013.png","https://pigfarmmix.net/png_h/8fac40b2fe24e09293d7a4d46b4a2fcea0ce220bba89d34e97d8ad9322a442fb20251013.png"
"1147","火星豬","https://pigfarmmix.net/#/pig/1147","https://pigfarmmix.net/png_h/99bf28fb0c76fbfd089a0b7d4bd768ee7ef61dec72e07ca9fa24857d2cb41d8b20251013.png","https://pigfarmmix.net/png_h/8fac40b2fe24e09293d7a4d46b4a2fcea0ce220bba89d34e97d8ad9322a442fb20251013.png","","1","60 分鐘","1 小時","10 小時","https://pigfarmmix.net/png_h/46827eaf3344f3d5d59295ae2c237b7ef05252fa01f7f38bb1e57ac062d9c15520251013.png","粉紅 [活動圖鑑]","≤ 120.0 kg","≥ 120.0 kg","3000 pt","https://pigfarmmix.net/png_h/a8c431ef04e348d579dbea87991cab0dadc22df86edf1920a8c8e76335bd820c20251013.png","","https://pigfarmmix.net/png_h/8fac40b2fe24e09293d7a4d46b4a2fcea0ce220bba89d34e97d8ad9322a442fb20251013.png","https://pigfarmmix.net/png_h/8fac40b2fe24e09293d7a4d46b4a2fcea0ce220bba89d34e97d8ad9322a442fb20251013.png","",""
"1148","皇帝豬","https://pigfarmmix.net/#/pig/1148","https://pigfarmmix.net/png_h/52b8c4e3045520f7d065f33c246f04ab2d34a4506665fca9ef3e122067f65eb320251013.png","https://pigfarmmix.net/png_h/8fac40b2fe24e09293d7a4d46b4a2fcea0ce220bba89d34e97d8ad9322a442fb20251013.png","","4","60 分鐘","1 小時","20 小時","https://pigfarmmix.net/png_h/a6752c7f9968b9961d0e91ae2083fce3f62ee7ac7f4c8d0a45c0a32bae70c8f620251013.png","肉色 [活動圖鑑]","≤ 120.0 kg","≥ 120.0 kg","5500 pt","https://pigfarmmix.net/png_h/a8c431ef04e348d579dbea87991cab0dadc22df86edf1920a8c8e76335bd820c20251013.png","","https://pigfarmmix.net/png_h/8fac40b2fe24e09293d7a4d46b4a2fcea0ce220bba89d34e97d8ad9322a442fb20251013.png","https://pigfarmmix.net/png_h/8fac40b2fe24e09293d7a4d46b4a2fcea0ce220bba89d34e97d8ad9322a442fb20251013.png","https://pigfarmmix.net/png_h/8fac40b2fe24e09293d7a4d46b4a2fcea0ce220bba89d34e97d8ad9322a442fb20251013.png","https://pigfarmmix.net/png_h/8fac40b2fe24e09293d7a4d46b4a2fcea0ce220bba89d34e97d8ad9322a442fb20251013.png"
"1149","愚者豬","https://pigfarmmix.net/#/pig/1149","https://pigfarmmix.net/png_h/217a85ea512ccf878995eaef1764f2f186c1555baa63eac09d97454643606dff20251013.png","https://pigfarmmix.net/png_h/8fac40b2fe24e09293d7a4d46b4a2fcea0ce220bba89d34e97d8ad9322a442fb20251013.png","","7","0 小時","58 分鐘","24 小時","https://pigfarmmix.net/png_h/a6752c7f9968b9961d0e91ae2083fce3f62ee7ac7f4c8d0a45c0a32bae70c8f620251013.png","肉色 [活動圖鑑]","≤ 120.0 kg","≥ 120.0 kg","4000 pt","https://pigfarmmix.net/png_h/d48df30397ce33593ddd99a7039b689c0ca8147be77810da82091e7db2ac5ba720251013.png","11.32%","https://pigfarmmix.net/png_h/8fac40b2fe24e09293d7a4d46b4a2fcea0ce220bba89d34e97d8ad9322a442fb20251013.png","https://pigfarmmix.net/png_h/8fac40b2fe24e09293d7a4d46b4a2fcea0ce220bba89d34e97d8ad9322a442fb20251013.png","https://pigfarmmix.net/png_h/8fac40b2fe24e09293d7a4d46b4a2fcea0ce220bba89d34e97d8ad9322a442fb20251013.png",""
"1150","死神豬","https://pigfarmmix.net/#/pig/1150","https://pigfarmmix.net/png_h/dfc477282c7a065cfca4d4e80e5fc467f23ce3dc089b087898c233d93b5b91b520251013.png","https://pigfarmmix.net/png_h/8fac40b2fe24e09293d7a4d46b4a2fcea0ce220bba89d34e97d8ad9322a442fb20251013.png","不挑食","4","0 小時","58 分鐘","16 小時","https://pigfarmmix.net/png_h/97cbaccfa405480612d3bf7e152c0f7f8d8507099b5839dfa19df61f5181feec20251013.png","灰色 [活動圖鑑]","≤ 120.0 kg","≥ 120.0 kg","4000 pt","","21.35%","https://pigfarmmix.net/png_h/8fac40b2fe24e09293d7a4d46b4a2fcea0ce220bba89d34e97d8ad9322a442fb20251013.png","https://pigfarmmix.net/png_h/8fac40b2fe24e09293d7a4d46b4a2fcea0ce220bba89d34e97d8ad9322a442fb20251013.png","https://pigfarmmix.net/png_h/8fac40b2fe24e09293d7a4d46b4a2fcea0ce220bba89d34e97d8ad9322a442fb20251013.png",""
"1151","木星豬","https://pigfarmmix.net/#/pig/1151","https://pigfarmmix.net/png_h/dd94b5daf92c93811628f1b82f5e322288fe21ffdb8d685b6e6fecdbecf9167920251013.png","https://pigfarmmix.net/png_h/8fac40b2fe24e09293d7a4d46b4a2fcea0ce220bba89d34e97d8ad9322a442fb20251013.png","","1","60 分鐘","1 小時","12 小時","https://pigfarmmix.net/png_h/9fc1edfa8a25ba821f32de73ee24d6907de827874d33d8400a273fbe122ac58920251013.png","米色 [活動圖鑑]","≤ 120.0 kg","≥ 120.0 kg","3000 pt","https://pigfarmmix.net/png_h/ae37f6e04cdc1a9c13b5d505e598173fcce41b6af8074c98d775c0f1c6b04d6c20251013.png","","https://pigfarmmix.net/png_h/8fac40b2fe24e09293d7a4d46b4a2fcea0ce220bba89d34e97d8ad9322a442fb20251013.png","https://pigfarmmix.net/png_h/8fac40b2fe24e09293d7a4d46b4a2fcea0ce220bba89d34e97d8ad9322a442fb20251013.png","",""
"1152","豬教主","https://pigfarmmix.net/#/pig/1152","https://pigfarmmix.net/png_h/38ad41974145a3c8fc87656c25ad0e14e2144694b5a2e365345dcddb1becdc7020251013.png","https://pigfarmmix.net/png_h/8fac40b2fe24e09293d7a4d46b4a2fcea0ce220bba89d34e97d8ad9322a442fb20251013.png","","5","0 小時","58 分鐘","18 小時","https://pigfarmmix.net/png_h/a6752c7f9968b9961d0e91ae2083fce3f62ee7ac7f4c8d0a45c0a32bae70c8f620251013.png","肉色 [活動圖鑑]","≤ 120.0 kg","≥ 120.0 kg","4000 pt","https://pigfarmmix.net/png_h/1a4d96e5f723848dfbd2bbb08fd82f6579c3850dcc352a2b9ee260764acd522320251013.png","","https://pigfarmmix.net/png_h/8fac40b2fe24e09293d7a4d46b4a2fcea0ce220bba89d34e97d8ad9322a442fb20251013.png","https://pigfarmmix.net/png_h/8fac40b2fe24e09293d7a4d46b4a2fcea0ce220bba89d34e97d8ad9322a442fb20251013.png","https://pigfarmmix.net/png_h/8fac40b2fe24e09293d7a4d46b4a2fcea0ce220bba89d34e97d8ad9322a442fb20251013.png",""
"1153","豬凰","https://pigfarmmix.net/#/pig/1153","https://pigfarmmix.net/png_h/5e322625106b95cafebc61549a7ec04a08d085606f305f82ec4ddb0f92fef34820251013.png","https://pigfarmmix.net/png_h/8fac40b2fe24e09293d7a4d46b4a2fcea0ce220bba89d34e97d8ad9322a442fb20251013.png","不挑食","0","0 小時","58 分鐘","6 小時","https://pigfarmmix.net/png_h/97cbaccfa405480612d3bf7e152c0f7f8d8507099b5839dfa19df61f5181feec20251013.png","灰色 [活動圖鑑]","≤ 120.0 kg","≥ 120.0 kg","9000 pt","","","https://pigfarmmix.net/png_h/8fac40b2fe24e09293d7a4d46b4a2fcea0ce220bba89d34e97d8ad9322a442fb20251013.png","https://pigfarmmix.net/png_h/8fac40b2fe24e09293d7a4d46b4a2fcea0ce220bba89d34e97d8ad9322a442fb20251013.png","https://pigfarmmix.net/png_h/8fac40b2fe24e09293d7a4d46b4a2fcea0ce220bba89d34e97d8ad9322a442fb20251013.png","https://pigfarmmix.net/png_h/8fac40b2fe24e09293d7a4d46b4a2fcea0ce220bba89d34e97d8ad9322a442fb20251013.png"
"1154","土星豬","https://pigfarmmix.net/#/pig/1154","https://pigfarmmix.net/png_h/f14c96e310cfc7cdc77ee376ac421630e907f9ea8643dd5b734ed2485e38e27320251013.png","https://pigfarmmix.net/png_h/8fac40b2fe24e09293d7a4d46b4a2fcea0ce220bba89d34e97d8ad9322a442fb20251013.png","","2","0 小時","58 分鐘","13 小時","https://pigfarmmix.net/png_h/97cbaccfa405480612d3bf7e152c0f7f8d8507099b5839dfa19df61f5181feec20251013.png","灰色 [活動圖鑑]","≤ 120.0 kg","≥ 120.0 kg","3500 pt","https://pigfarmmix.net/png_h/0aeaee22846aee8ef0429da1face05360c1fdfd8de57e07bebb2741e67f15e6220251013.png","","https://pigfarmmix.net/png_h/8fac40b2fe24e09293d7a4d46b4a2fcea0ce220bba89d34e97d8ad9322a442fb20251013.png","https://pigfarmmix.net/png_h/8fac40b2fe24e09293d7a4d46b4a2fcea0ce220bba89d34e97d8ad9322a442fb20251013.png","",""
"1155","戀戀豬","https://pigfarmmix.net/#/pig/1155","https://pigfarmmix.net/png_h/679f1920cc8244644bc3e363252ea44e0151326cabddb5bb4996ba405cf0da2e20251013.png","https://pigfarmmix.net/png_h/8fac40b2fe24e09293d7a4d46b4a2fcea0ce220bba89d34e97d8ad9322a442fb20251013.png","","4","0 小時","58 分鐘","12 小時","https://pigfarmmix.net/png_h/46827eaf3344f3d5d59295ae2c237b7ef05252fa01f7f38bb1e57ac062d9c15520251013.png","粉紅 [活動圖鑑]","≤ 120.0 kg","≥ 120.0 kg","4000 pt","https://pigfarmmix.net/png_h/a7c17665173739b203d7fab5046bd82964e973f62b1c34834f032ecb6c99fff520251013.png","","https://pigfarmmix.net/png_h/8fac40b2fe24e09293d7a4d46b4a2fcea0ce220bba89d34e97d8ad9322a442fb20251013.png","https://pigfarmmix.net/png_h/8fac40b2fe24e09293d7a4d46b4a2fcea0ce220bba89d34e97d8ad9322a442fb20251013.png","https://pigfarmmix.net/png_h/8fac40b2fe24e09293d7a4d46b4a2fcea0ce220bba89d34e97d8ad9322a442fb20251013.png",""
"1156","涼豬豆腐","https://pigfarmmix.net/#/pig/1156","https://pigfarmmix.net/png_h/1235892800e30064f8f7692937bf7e958c0b93a122d51ae59421c207ea34077d20251013.png","https://pigfarmmix.net/png_h/8fac40b2fe24e09293d7a4d46b4a2fcea0ce220bba89d34e97d8ad9322a442fb20251013.png","不挑食","3","0 小時","58 分鐘","12 小時","https://pigfarmmix.net/png_h/a68119aa8a6ceba07cf7cd15c2c4ea3a6f2a3313e58a78a2ec1216d15999fb8f20251013.png","白色 [活動圖鑑]","≤ 120.0 kg","≥ 120.0 kg","3000 pt","","14.90%","https://pigfarmmix.net/png_h/8fac40b2fe24e09293d7a4d46b4a2fcea0ce220bba89d34e97d8ad9322a442fb20251013.png","https://pigfarmmix.net/png_h/8fac40b2fe24e09293d7a4d46b4a2fcea0ce220bba89d34e97d8ad9322a442fb20251013.png","",""
"1157","味噌豬","https://pigfarmmix.net/#/pig/1157","https://pigfarmmix.net/png_h/c3ce77c6a78be85dcac09be5119bacc82694ea6714a47b4c6b4c30413fed99eb20251013.png","https://pigfarmmix.net/png_h/8fac40b2fe24e09293d7a4d46b4a2fcea0ce220bba89d34e97d8ad9322a442fb20251013.png","不挑食","1","0 小時","58 分鐘","18 小時","https://pigfarmmix.net/png_h/9fc1edfa8a25ba821f32de73ee24d6907de827874d33d8400a273fbe122ac58920251013.png","米色 [活動圖鑑]","≤ 120.0 kg","≥ 120.0 kg","3000 pt","","21.35%","https://pigfarmmix.net/png_h/8fac40b2fe24e09293d7a4d46b4a2fcea0ce220bba89d34e97d8ad9322a442fb20251013.png","https://pigfarmmix.net/png_h/8fac40b2fe24e09293d7a4d46b4a2fcea0ce220bba89d34e97d8ad9322a442fb20251013.png","",""
"1158","赫絲緹豬","https://pigfarmmix.net/#/pig/1158","https://pigfarmmix.net/png_h/bfe0f6043e8238bf8758e44f510bb89a55ef43250b308eab6600d893b628bd6a20251013.png","https://pigfarmmix.net/png_h/8fac40b2fe24e09293d7a4d46b4a2fcea0ce220bba89d34e97d8ad9322a442fb20251013.png","不挑食","0","0 小時","58 分鐘","12 小時","https://pigfarmmix.net/png_h/9fc1edfa8a25ba821f32de73ee24d6907de827874d33d8400a273fbe122ac58920251013.png","米色 [活動圖鑑]","≤ 120.0 kg","≥ 120.0 kg","9500 pt","","","https://pigfarmmix.net/png_h/8fac40b2fe24e09293d7a4d46b4a2fcea0ce220bba89d34e97d8ad9322a442fb20251013.png","https://pigfarmmix.net/png_h/8fac40b2fe24e09293d7a4d46b4a2fcea0ce220bba89d34e97d8ad9322a442fb20251013.png","https://pigfarmmix.net/png_h/8fac40b2fe24e09293d7a4d46b4a2fcea0ce220bba89d34e97d8ad9322a442fb20251013.png","https://pigfarmmix.net/png_h/8fac40b2fe24e09293d7a4d46b4a2fcea0ce220bba89d34e97d8ad9322a442fb20251013.png"
"1159","天王星豬","https://pigfarmmix.net/#/pig/1159","https://pigfarmmix.net/png_h/4d2eb3159c11c17d06e14373109775c940ee8aca921818b4b3b4795b98629f3f20251013.png","https://pigfarmmix.net/png_h/8fac40b2fe24e09293d7a4d46b4a2fcea0ce220bba89d34e97d8ad9322a442fb20251013.png","","1","0 小時","58 分鐘","16 小時","https://pigfarmmix.net/png_h/97cbaccfa405480612d3bf7e152c0f7f8d8507099b5839dfa19df61f5181feec20251013.png","灰色 [活動圖鑑]","≤ 120.0 kg","≥ 120.0 kg","3500 pt","https://pigfarmmix.net/png_h/ae37f6e04cdc1a9c13b5d505e598173fcce41b6af8074c98d775c0f1c6b04d6c20251013.png","","https://pigfarmmix.net/png_h/8fac40b2fe24e09293d7a4d46b4a2fcea0ce220bba89d34e97d8ad9322a442fb20251013.png","https://pigfarmmix.net/png_h/8fac40b2fe24e09293d7a4d46b4a2fcea0ce220bba89d34e97d8ad9322a442fb20251013.png","",""
"1160","戰車豬","https://pigfarmmix.net/#/pig/1160","https://pigfarmmix.net/png_h/be3fc867813184b820756c74309c93051041330035fe1c7a29e14046d22ba20b20251013.png","https://pigfarmmix.net/png_h/8fac40b2fe24e09293d7a4d46b4a2fcea0ce220bba89d34e97d8ad9322a442fb20251013.png","","3","0 小時","58 分鐘","20 小時","https://pigfarmmix.net/png_h/a6752c7f9968b9961d0e91ae2083fce3f62ee7ac7f4c8d0a45c0a32bae70c8f620251013.png","肉色 [活動圖鑑]","≤ 120.0 kg","≥ 120.0 kg","4500 pt","https://pigfarmmix.net/png_h/a8c431ef04e348d579dbea87991cab0dadc22df86edf1920a8c8e76335bd820c20251013.png","","https://pigfarmmix.net/png_h/8fac40b2fe24e09293d7a4d46b4a2fcea0ce220bba89d34e97d8ad9322a442fb20251013.png","https://pigfarmmix.net/png_h/8fac40b2fe24e09293d7a4d46b4a2fcea0ce220bba89d34e97d8ad9322a442fb20251013.png","https://pigfarmmix.net/png_h/8fac40b2fe24e09293d7a4d46b4a2fcea0ce220bba89d34e97d8ad9322a442fb20251013.png",""
"1161","哥布林豬","https://pigfarmmix.net/#/pig/1161","https://pigfarmmix.net/png_h/a0b79923e8d53e88a3ad852067f96c0d6bf34cd582a9a1021f4a0e6e39782af420251013.png","https://pigfarmmix.net/png_h/8fac40b2fe24e09293d7a4d46b4a2fcea0ce220bba89d34e97d8ad9322a442fb20251013.png","不挑食","1","0 小時","58 分鐘","6 小時","https://pigfarmmix.net/png_h/97cbaccfa405480612d3bf7e152c0f7f8d8507099b5839dfa19df61f5181feec20251013.png","灰色 [活動圖鑑]","≤ 120.0 kg","≥ 120.0 kg","3000 pt","","21.35%","https://pigfarmmix.net/png_h/8fac40b2fe24e09293d7a4d46b4a2fcea0ce220bba89d34e97d8ad9322a442fb20251013.png","https://pigfarmmix.net/png_h/8fac40b2fe24e09293d7a4d46b4a2fcea0ce220bba89d34e97d8ad9322a442fb20251013.png","",""
"1162","史萊姆豬","https://pigfarmmix.net/#/pig/1162","https://pigfarmmix.net/png_h/4647d9e227212282615aa79ce8862521b7e87b5792691bf2fbff320656cd106020251013.png","https://pigfarmmix.net/png_h/8fac40b2fe24e09293d7a4d46b4a2fcea0ce220bba89d34e97d8ad9322a442fb20251013.png","不挑食","2","0 小時","58 分鐘","9 小時","https://pigfarmmix.net/png_h/a68119aa8a6ceba07cf7cd15c2c4ea3a6f2a3313e58a78a2ec1216d15999fb8f20251013.png","白色 [活動圖鑑]","≤ 120.0 kg","≥ 120.0 kg","3000 pt","","14.90%","https://pigfarmmix.net/png_h/8fac40b2fe24e09293d7a4d46b4a2fcea0ce220bba89d34e97d8ad9322a442fb20251013.png","https://pigfarmmix.net/png_h/8fac40b2fe24e09293d7a4d46b4a2fcea0ce220bba89d34e97d8ad9322a442fb20251013.png","",""
"1163","海王星豬","https://pigfarmmix.net/#/pig/1163","https://pigfarmmix.net/png_h/f903af424c4a6d5dc119b636ca44b41c2a3bccea980d787a3904983256c0178320251013.png","https://pigfarmmix.net/png_h/8fac40b2fe24e09293d7a4d46b4a2fcea0ce220bba89d34e97d8ad9322a442fb20251013.png","","2","0 小時","58 分鐘","12 小時","https://pigfarmmix.net/png_h/97cbaccfa405480612d3bf7e152c0f7f8d8507099b5839dfa19df61f5181feec20251013.png","灰色 [活動圖鑑]","≤ 120.0 kg","≥ 120.0 kg","4500 pt","https://pigfarmmix.net/png_h/d48df30397ce33593ddd99a7039b689c0ca8147be77810da82091e7db2ac5ba720251013.png","","https://pigfarmmix.net/png_h/8fac40b2fe24e09293d7a4d46b4a2fcea0ce220bba89d34e97d8ad9322a442fb20251013.png","https://pigfarmmix.net/png_h/8fac40b2fe24e09293d7a4d46b4a2fcea0ce220bba89d34e97d8ad9322a442fb20251013.png","https://pigfarmmix.net/png_h/8fac40b2fe24e09293d7a4d46b4a2fcea0ce220bba89d34e97d8ad9322a442fb20251013.png",""
"1164","力量豬","https://pigfarmmix.net/#/pig/1164","https://pigfarmmix.net/png_h/56f1c8a4fbabf516099ff8751bee109c77764dc73f0c40c8108ae94d84cb2d8220251013.png","https://pigfarmmix.net/png_h/8fac40b2fe24e09293d7a4d46b4a2fcea0ce220bba89d34e97d8ad9322a442fb20251013.png","不挑食","3","0 小時","58 分鐘","16 小時","https://pigfarmmix.net/png_h/a68119aa8a6ceba07cf7cd15c2c4ea3a6f2a3313e58a78a2ec1216d15999fb8f20251013.png","白色 [活動圖鑑]","≤ 120.0 kg","≥ 120.0 kg","4000 pt","","","https://pigfarmmix.net/png_h/8fac40b2fe24e09293d7a4d46b4a2fcea0ce220bba89d34e97d8ad9322a442fb20251013.png","https://pigfarmmix.net/png_h/8fac40b2fe24e09293d7a4d46b4a2fcea0ce220bba89d34e97d8ad9322a442fb20251013.png","https://pigfarmmix.net/png_h/8fac40b2fe24e09293d7a4d46b4a2fcea0ce220bba89d34e97d8ad9322a442fb20251013.png",""
"1165","阿努比斯豬","https://pigfarmmix.net/#/pig/1165","https://pigfarmmix.net/png_h/54917bb296762b1d6dcd622dd448d75868ac7b7622e2ef4241a2c3b564de39c920251013.png","https://pigfarmmix.net/png_h/8fac40b2fe24e09293d7a4d46b4a2fcea0ce220bba89d34e97d8ad9322a442fb20251013.png","不挑食","0","0 小時","58 分鐘","9 小時","https://pigfarmmix.net/png_h/46827eaf3344f3d5d59295ae2c237b7ef05252fa01f7f38bb1e57ac062d9c15520251013.png","粉紅 [活動圖鑑]","≤ 120.0 kg","≥ 120.0 kg","9500 pt","","","https://pigfarmmix.net/png_h/8fac40b2fe24e09293d7a4d46b4a2fcea0ce220bba89d34e97d8ad9322a442fb20251013.png","https://pigfarmmix.net/png_h/8fac40b2fe24e09293d7a4d46b4a2fcea0ce220bba89d34e97d8ad9322a442fb20251013.png","https://pigfarmmix.net/png_h/8fac40b2fe24e09293d7a4d46b4a2fcea0ce220bba89d34e97d8ad9322a442fb20251013.png","https://pigfarmmix.net/png_h/8fac40b2fe24e09293d7a4d46b4a2fcea0ce220bba89d34e97d8ad9322a442fb20251013.png"
"1166","冥王星豬","https://pigfarmmix.net/#/pig/1166","https://pigfarmmix.net/png_h/1586f3336f6e7c2ed9184a3dab5004acc37c30f0c27da2772b8caad815d387ad20251013.png","https://pigfarmmix.net/png_h/8fac40b2fe24e09293d7a4d46b4a2fcea0ce220bba89d34e97d8ad9322a442fb20251013.png","不挑食","3","0 小時","58 分鐘","12 小時","https://pigfarmmix.net/png_h/a6752c7f9968b9961d0e91ae2083fce3f62ee7ac7f4c8d0a45c0a32bae70c8f620251013.png","肉色 [活動圖鑑]","≤ 120.0 kg","≥ 120.0 kg","4000 pt","","11.32%","https://pigfarmmix.net/png_h/8fac40b2fe24e09293d7a4d46b4a2fcea0ce220bba89d34e97d8ad9322a442fb20251013.png","https://pigfarmmix.net/png_h/8fac40b2fe24e09293d7a4d46b4a2fcea0ce220bba89d34e97d8ad9322a442fb20251013.png","https://pigfarmmix.net/png_h/8fac40b2fe24e09293d7a4d46b4a2fcea0ce220bba89d34e97d8ad9322a442fb20251013.png",""
"1167","隱者豬","https://pigfarmmix.net/#/pig/1167","https://pigfarmmix.net/png_h/e83d09dddde79340c7908a2ee1fdba64973ef2050e07e82274425ef10b5e181020251013.png","https://pigfarmmix.net/png_h/8fac40b2fe24e09293d7a4d46b4a2fcea0ce220bba89d34e97d8ad9322a442fb20251013.png","","2","0 小時","58 分鐘","8 小時","https://pigfarmmix.net/png_h/a68119aa8a6ceba07cf7cd15c2c4ea3a6f2a3313e58a78a2ec1216d15999fb8f20251013.png","白色 [活動圖鑑]","≤ 120.0 kg","≥ 120.0 kg","3500 pt","https://pigfarmmix.net/png_h/ae37f6e04cdc1a9c13b5d505e598173fcce41b6af8074c98d775c0f1c6b04d6c20251013.png","14.90%","https://pigfarmmix.net/png_h/8fac40b2fe24e09293d7a4d46b4a2fcea0ce220bba89d34e97d8ad9322a442fb20251013.png","https://pigfarmmix.net/png_h/8fac40b2fe24e09293d7a4d46b4a2fcea0ce220bba89d34e97d8ad9322a442fb20251013.png","",""
"1168","命運之輪豬","https://pigfarmmix.net/#/pig/1168","https://pigfarmmix.net/png_h/08afa95e5e4250ff05722d818f6060d4dee0e6c35976dba4a27898cd64b69b9520251013.png","https://pigfarmmix.net/png_h/8fac40b2fe24e09293d7a4d46b4a2fcea0ce220bba89d34e97d8ad9322a442fb20251013.png","","3","0 小時","58 分鐘","8 小時","https://pigfarmmix.net/png_h/97cbaccfa405480612d3bf7e152c0f7f8d8507099b5839dfa19df61f5181feec20251013.png","灰色 [活動圖鑑]","≤ 120.0 kg","≥ 120.0 kg","4500 pt","https://pigfarmmix.net/png_h/d48df30397ce33593ddd99a7039b689c0ca8147be77810da82091e7db2ac5ba720251013.png","","https://pigfarmmix.net/png_h/8fac40b2fe24e09293d7a4d46b4a2fcea0ce220bba89d34e97d8ad9322a442fb20251013.png","https://pigfarmmix.net/png_h/8fac40b2fe24e09293d7a4d46b4a2fcea0ce220bba89d34e97d8ad9322a442fb20251013.png","https://pigfarmmix.net/png_h/8fac40b2fe24e09293d7a4d46b4a2fcea0ce220bba89d34e97d8ad9322a442fb20251013.png",""
"1169","賽德娜豬","https://pigfarmmix.net/#/pig/1169","https://pigfarmmix.net/png_h/3c9fb28286c4d49e2e7189af07f54fea48620463183fc5c56fe17d848d41632b20251013.png","https://pigfarmmix.net/png_h/8fac40b2fe24e09293d7a4d46b4a2fcea0ce220bba89d34e97d8ad9322a442fb20251013.png","不挑食","2","0 小時","58 分鐘","12 小時","https://pigfarmmix.net/png_h/9fc1edfa8a25ba821f32de73ee24d6907de827874d33d8400a273fbe122ac58920251013.png","米色 [活動圖鑑]","≤ 120.0 kg","≥ 120.0 kg","3500 pt","","","https://pigfarmmix.net/png_h/8fac40b2fe24e09293d7a4d46b4a2fcea0ce220bba89d34e97d8ad9322a442fb20251013.png","https://pigfarmmix.net/png_h/8fac40b2fe24e09293d7a4d46b4a2fcea0ce220bba89d34e97d8ad9322a442fb20251013.png","",""
"1170","劍齒虎豬","https://pigfarmmix.net/#/pig/1170","https://pigfarmmix.net/png_h/7b970117abedabac734a34ca14cc33f63b0cf1dd9591738582a0cd08e45a295920251013.png","https://pigfarmmix.net/png_h/8fac40b2fe24e09293d7a4d46b4a2fcea0ce220bba89d34e97d8ad9322a442fb20251013.png","不挑食","3","0 小時","58 分鐘","16 小時","https://pigfarmmix.net/png_h/a6752c7f9968b9961d0e91ae2083fce3f62ee7ac7f4c8d0a45c0a32bae70c8f620251013.png","肉色 [活動圖鑑]","≤ 120.0 kg","≥ 120.0 kg","3500 pt","","11.32%","https://pigfarmmix.net/png_h/8fac40b2fe24e09293d7a4d46b4a2fcea0ce220bba89d34e97d8ad9322a442fb20251013.png","https://pigfarmmix.net/png_h/8fac40b2fe24e09293d7a4d46b4a2fcea0ce220bba89d34e97d8ad9322a442fb20251013.png","",""
"1171","長毛象豬","https://pigfarmmix.net/#/pig/1171","https://pigfarmmix.net/png_h/6ed5cc321452002412f87d96eb6407b9402d96f7102aed6c66feaf81089e473e20251013.png","https://pigfarmmix.net/png_h/8fac40b2fe24e09293d7a4d46b4a2fcea0ce220bba89d34e97d8ad9322a442fb20251013.png","","4","0 小時","58 分鐘","24 小時","https://pigfarmmix.net/png_h/a6752c7f9968b9961d0e91ae2083fce3f62ee7ac7f4c8d0a45c0a32bae70c8f620251013.png","肉色 [活動圖鑑]","≤ 120.0 kg","≥ 120.0 kg","5000 pt","https://pigfarmmix.net/png_h/d48df30397ce33593ddd99a7039b689c0ca8147be77810da82091e7db2ac5ba720251013.png","11.32%","https://pigfarmmix.net/png_h/8fac40b2fe24e09293d7a4d46b4a2fcea0ce220bba89d34e97d8ad9322a442fb20251013.png","https://pigfarmmix.net/png_h/8fac40b2fe24e09293d7a4d46b4a2fcea0ce220bba89d34e97d8ad9322a442fb20251013.png","https://pigfarmmix.net/png_h/8fac40b2fe24e09293d7a4d46b4a2fcea0ce220bba89d34e97d8ad9322a442fb20251013.png",""
"1174","正義豬","https://pigfarmmix.net/#/pig/1174","https://pigfarmmix.net/png_h/2e191352bccc815106b44d8700f4597fba5c57f35c5784f33e4f21b59ed55af120251013.png","https://pigfarmmix.net/png_h/8fac40b2fe24e09293d7a4d46b4a2fcea0ce220bba89d34e97d8ad9322a442fb20251013.png","","3","0 小時","58 分鐘","12 小時","https://pigfarmmix.net/png_h/a68119aa8a6ceba07cf7cd15c2c4ea3a6f2a3313e58a78a2ec1216d15999fb8f20251013.png","白色 [活動圖鑑]","≤ 120.0 kg","≥ 120.0 kg","5500 pt","https://pigfarmmix.net/png_h/1083a39a293067c36e6e25b013d3a87904536ffef5349212d9a97fae8ca2b74420251013.png","","https://pigfarmmix.net/png_h/8fac40b2fe24e09293d7a4d46b4a2fcea0ce220bba89d34e97d8ad9322a442fb20251013.png","https://pigfarmmix.net/png_h/8fac40b2fe24e09293d7a4d46b4a2fcea0ce220bba89d34e97d8ad9322a442fb20251013.png","https://pigfarmmix.net/png_h/8fac40b2fe24e09293d7a4d46b4a2fcea0ce220bba89d34e97d8ad9322a442fb20251013.png",""
"1175","彌瑪斯豬","https://pigfarmmix.net/#/pig/1175","https://pigfarmmix.net/png_h/a737e674555ea28fc781bbeda2768ffbcf4a254ec2ca1671429dc27bbea3111920251013.png","https://pigfarmmix.net/png_h/8fac40b2fe24e09293d7a4d46b4a2fcea0ce220bba89d34e97d8ad9322a442fb20251013.png","","1","0 小時","58 分鐘","8 小時","https://pigfarmmix.net/png_h/97cbaccfa405480612d3bf7e152c0f7f8d8507099b5839dfa19df61f5181feec20251013.png","灰色 [活動圖鑑]","≤ 120.0 kg","≥ 120.0 kg","4000 pt","https://pigfarmmix.net/png_h/0aeaee22846aee8ef0429da1face05360c1fdfd8de57e07bebb2741e67f15e6220251013.png","","https://pigfarmmix.net/png_h/8fac40b2fe24e09293d7a4d46b4a2fcea0ce220bba89d34e97d8ad9322a442fb20251013.png","https://pigfarmmix.net/png_h/8fac40b2fe24e09293d7a4d46b4a2fcea0ce220bba89d34e97d8ad9322a442fb20251013.png","",""
"1176","月讀命豬","https://pigfarmmix.net/#/pig/1176","https://pigfarmmix.net/png_h/7a7969242be3e90437e28e669d01a4ae7199d283c2ddc2cd4be20c7ef85f7f6e20251013.png","https://pigfarmmix.net/png_h/8fac40b2fe24e09293d7a4d46b4a2fcea0ce220bba89d34e97d8ad9322a442fb20251013.png","不挑食","0","0 小時","58 分鐘","8 小時","https://pigfarmmix.net/png_h/a68119aa8a6ceba07cf7cd15c2c4ea3a6f2a3313e58a78a2ec1216d15999fb8f20251013.png","白色 [活動圖鑑]","≤ 120.0 kg","≥ 120.0 kg","10000 pt","","","https://pigfarmmix.net/png_h/8fac40b2fe24e09293d7a4d46b4a2fcea0ce220bba89d34e97d8ad9322a442fb20251013.png","https://pigfarmmix.net/png_h/8fac40b2fe24e09293d7a4d46b4a2fcea0ce220bba89d34e97d8ad9322a442fb20251013.png","https://pigfarmmix.net/png_h/8fac40b2fe24e09293d7a4d46b4a2fcea0ce220bba89d34e97d8ad9322a442fb20251013.png","https://pigfarmmix.net/png_h/8fac40b2fe24e09293d7a4d46b4a2fcea0ce220bba89d34e97d8ad9322a442fb20251013.png"